Latitude,Longitude,Elevation,Slope,Temperature,Radar,Illumination,Hazard_Score,Ice_Probability
-89.18837377419001,141.70878729987916,-2390.2893627924987,5.480478459766143,223.59407130231943,0.24477158610303276,289.8829427612302,25.49093113411197,0.027
-88.09364281782116,170.4368373750077,-2100.148881384929,10.999721410586641,238.64804357943947,0.14015616797129662,256.36770294649494,36.130922252341364,0.15
-88.50921151055833,307.6370615527849,-888.9448717890293,26.801830768818647,56.210275167718024,1.0320593973754126,0.0,63.478868610907774,0.864
-88.76254888002563,122.40157898156117,-2139.098661044823,17.087633310493047,212.4257947038713,0.11351064919195561,280.9378701977935,43.23788418019733,0.11
-89.60356458315937,313.07388653238166,-309.8925558373585,4.282540477151745,117.9227186643032,0.20807115664355058,159.08064595348065,18.665848682207006,0.056
-89.60361041136122,31.728395151608936,-1256.8962326642688,5.695102363524722,188.435763700162,0.17662193210020727,154.9319897539698,19.32582476194942,0.074
-89.78964113688042,279.6474373951071,-1131.5242368443796,11.356895498807539,215.74759696976636,0.21463101921400532,115.43618954362897,41.61496425038735,0.067
-88.25426532302762,305.11714789970506,-1422.6983740863152,0.1274061487480509,179.54670092693453,0.27410216425922707,198.26929345602522,3.9009931315025828,0.118
-88.7578814776879,65.45435502144196,-581.7217291650214,18.48546747632998,193.0970125306072,0.319701865610986,124.42665777567058,50.7198843446286,0.041
-88.55466210218752,154.92475165399216,-573.4720897783914,12.422630649649792,235.8527459813462,0.28160559596785895,204.8752263399114,38.564463244507024,0.163
-89.86088946083798,59.579918878916025,-931.9565184702628,13.65384769023863,137.73394008436793,0.30351319067798377,102.45089401926518,34.655737424937115,0.128
-88.0571712808922,254.3774864379184,-748.1687152738816,4.932568183576469,123.75451105726766,0.359691736185638,138.77083678944445,21.34538994421554,0.254
-88.3183589824792,192.7251965021964,-1369.6717359363406,29.413836552867057,86.54525548601056,0.9976486133775688,0.0,75.14247041738608,0.764
-89.49655568971129,228.71640481499557,-766.2375944727612,40.42593728010459,89.79662781109529,1.1710728638820904,0.0,89.20174589656905,0.954
-89.55453256230652,70.73530810423601,-1470.3022203790454,9.214152762432853,229.0686264015589,0.145950674643858,159.04089768388624,34.98797977168449,0.146
-89.55153143127848,76.22851033887103,-1198.2147022700783,15.53039248415001,199.83022959277082,0.17532074007809362,279.5730017678371,46.65196124117412,0.094
-89.32193973837688,14.939037183566292,-1419.714999493038,12.974173430643125,226.64987854391248,0.25069759147827164,267.1204477688592,32.399046345903294,0.13
-88.90296277989876,115.94431267046271,-1565.7748314553567,9.403131365589314,208.09298880126062,0.20762178820480812,144.2314035109513,23.265958598927824,0.209
-89.07930446457998,201.50807808012297,-1751.2894381774322,3.679295322672033,122.23276822695071,0.13950069048398897,192.7646317526873,18.18575173468513,0.164
-89.34666463362372,308.8565690390384,-825.8479169128916,1.150320125195229,216.68609110389832,0.18632507038169543,328.4264356404092,6.099148717952101,0.191
-88.73747950002748,240.09388108512505,-151.51526974922945,0.6440273447447584,135.11035653704616,0.3926286284996918,284.67947080141255,0.0,0.211
-89.63496166476112,156.74267642391052,-263.11842266435247,16.052400255491456,143.1253079627362,0.20407802664896088,290.0872990766231,39.65773905142503,0.276
-89.34492516778309,343.1232411818896,-2205.2522687563483,6.803255217963647,165.25108777981308,0.22567422048878846,240.97150843365725,34.47777183103541,0.284
-89.203912497742,258.92827220729947,-168.63755887450134,13.782928501405301,154.03938928568715,0.1019204265571891,266.38494968377654,35.33007508201714,0.254
-89.03346702998763,334.859473030518,-1454.5268012943432,16.44858220598322,155.03124336240768,0.31582446393705965,227.18461906707637,44.79468024643929,0.029
-88.40816567335328,189.93167037797963,-719.4135878835267,11.617387175358441,133.69633338856642,0.22406501966361397,285.2234508340584,36.73472382881839,0.294
-89.52061981389912,93.20553892553025,-1924.972265637769,25.46673001401146,56.78566089419739,0.7094984129057184,0.0,60.72758072912085,0.808
-88.92295456701414,19.017607091299915,-1086.4160689007958,15.731223970910094,112.75276259662346,0.39056702149140166,107.77079689306173,39.79433224404945,0.211
-88.77441231916212,261.39054653418617,-949.0214536824743,2.7867359631029736,176.20753253636565,0.33322996377552605,257.9435981599409,21.717054773863445,0.017
-89.81174421583201,43.66907928199228,-2387.6838335357224,10.29676640729981,217.60273422777294,0.3178450268298181,257.45341593104513,30.793114370609402,0.149
-88.74566478138728,108.99904617790818,-713.3862669246486,4.805276156620627,230.71463169147756,0.38736170045250085,116.8299913999079,19.153622810705336,0.192
-89.57600416499415,191.68952683820305,-123.25199372934776,5.748925793063473,224.8599982543214,0.22224402535514137,202.59531629341075,25.48531502054448,0.091
-89.77640197332798,203.18997160070916,-1339.7183565453024,21.431592010001665,168.30408065931584,0.31556006208773457,324.6972809030824,47.715371460472646,0.034
-88.09711747921867,216.20995091536898,-111.86549533758966,11.911290677104265,212.25970736293988,0.16186236921563535,338.3597061758286,27.5070196935162,0.164
-88.06529913715833,59.85191892589223,-1351.754794761926,23.33688498098509,150.30470837332973,0.30913616423563606,295.5527369283046,48.54924244610039,0.139
-88.36404503857872,136.70546573579355,-520.3323751627062,1.248330557026346,117.77874618046651,0.10422372765628085,137.8677972427125,15.336723414413083,0.023
-89.3212338385706,222.189921762108,-2974.85597276088,21.65264384380448,204.63601355477732,0.13789161413218426,193.67998919701367,52.486974623256906,0.161
-89.71442298338788,349.13479126816253,735.0222234507708,19.209891534309193,200.83146306309683,0.22757767558085457,145.63833730427234,52.55157225039076,0.041
-88.5999572496269,261.9472095718879,-3.633403805634316,8.182341114311964,222.2281153648026,0.10362780844180246,263.03403404015376,26.619236482543794,0.133
-89.06371026189476,332.1373525538248,-1427.700403402943,25.226178412607723,77.93650525377619,0.6820675530270567,0.0,53.59757091735378,0.817
-89.66812735379493,274.39634099310376,-2777.6712213150545,12.934584917663527,131.9648274963483,0.25683752471950116,320.9414296561505,34.09110387603086,0.291
-88.95916387078859,213.01810880126416,-969.5773053556087,15.920445038685056,229.44273488702774,0.2864819792761246,315.1621188670926,46.32486947912601,0.02
-89.83466180988108,69.12841288908403,-2355.1404376590053,3.3510388757157727,197.8153903226181,0.1301160030980849,124.80248191522772,15.391227666543859,0.172
-88.17229123605031,240.0068346813047,-844.1171699540096,24.752470129219724,223.06535786490056,0.1543035739381637,131.4185017447607,65.43901322920371,0.054
-89.40831803495998,224.41664374556655,-870.7474246685745,0.14147670761130193,218.37499685264572,0.28398501121515857,327.4179532355172,8.015105617401366,0.103
-88.64120765972744,216.88890136461592,-1953.12253520162,20.32092018373946,151.70102821151238,0.29745631373879183,310.94610797948314,54.23862948575213,0.063
-89.30774895543013,176.32291247576666,-303.2263811084979,20.20607475908671,120.43741647928734,0.10777006846308289,215.09454126235997,41.499199948139534,0.299
-88.91187075976217,190.31637743613922,-555.5402377550612,2.258325718277778,134.71061727254187,0.2621102086345115,207.5130229442883,13.384419657471708,0.019
-88.86125046924776,120.39930976251746,-419.3413301691493,31.83373599422574,82.95668873836554,1.030182027696439,0.0,71.73212895510562,0.967
-89.5487765345015,186.95256935122913,-1192.9138370648836,14.315284802175192,144.0777404912191,0.12073026333561823,249.15896247040575,31.64121952660051,0.186
-88.05778920724734,71.12012604425217,-2332.4192535309653,18.538926102710242,174.334518223639,0.22395185957395597,163.55414010857618,52.63745559105239,0.234
-88.42724763561388,289.86278304973564,-417.70218223109,3.271207953357557,236.9534846973796,0.19795338190903056,200.9354408693131,13.342086320498163,0.192
-88.11495201102804,66.87970369153481,-1416.297119308633,33.17730003008565,45.13742249681188,0.6892090570934761,0.0,72.63820836964706,0.896
-88.19982803418746,30.58786436020791,-2311.824114554135,0.24556940225089718,210.60397411340193,0.15574071796193661,151.56684651727807,16.99763592840645,0.183
-88.76399004025895,157.04856948857665,-118.36850722053919,22.248864327659305,113.37573033669564,0.19550812394334405,349.70830940830274,55.30497687379719,0.293
-88.14843895345608,236.99067822218225,479.5260164020074,2.052282820683047,157.79448818487748,0.36953342349739093,170.73486307300934,18.00357333747327,0.256
-89.73186424610135,157.5780569760749,-1232.9985031833623,5.810111971523174,205.52877970783277,0.19919599181799186,238.10381950549993,13.106695713048971,0.142
-89.52763256140364,99.6314875024711,527.2969236826334,19.887540438854472,128.06404555746957,0.2594042321756783,238.53989843311427,45.78237177145407,0.148
-89.81406815106999,200.94162620055866,-1126.9482171109203,22.27552713675157,222.1522990022272,0.10991060116926382,212.87130709727597,64.98299906992767,0.049
-89.2818723715498,124.92084074839198,-1504.364723333081,0.7128424911410214,238.0403151982631,0.39547073085251094,160.38586416928607,15.695921662199435,0.175
-89.16151314959,335.8323684455879,-1704.366763348382,22.90472169056994,159.57462252929557,0.3474840123613569,241.33826808387985,50.44277419810978,0.091
-89.3844368396296,332.15225025728597,109.665926394194,22.44980495133194,208.81802866093668,0.29032028342400296,122.75360383752766,56.02476260613901,0.041
-88.32539873261133,180.85385518995437,-1824.1151051102174,2.6204659115510758,130.74857857361988,0.11822658192699409,196.73152833388343,10.262679885504845,0.148
-89.22216867928218,118.03823784657307,-611.7845520200101,27.986475935911102,54.27116072645001,0.9117929734803871,0.0,72.94212914706924,0.957
-89.36622443159398,265.36766902439007,-1647.3310680473667,2.5685762824803806,113.00375772018606,0.2634920892372069,131.04444349223658,3.788414037852416,0.045
-88.86887744199933,13.21665965390399,-1568.2454100594905,5.752274172223846,131.10801095355413,0.18551933086103028,331.37073272028937,22.881035097415023,0.074
-89.63224397254795,170.91684217571444,-375.80024482434646,16.790026240919886,209.3834025252138,0.286836834250952,274.9857287358183,44.88145984729078,0.297
-88.37582573656732,121.07642193732008,-1504.0294770314829,3.464337152973936,209.65903120268285,0.27945774455433176,142.20722058528332,11.365526618455075,0.244
-89.75835377700844,331.39291863691966,-1523.8363035362345,14.63819085679341,199.7627788183248,0.35159541948378936,337.34896514987906,37.91062235528464,0.167
-88.02491482045902,4.321089818165715,-293.7562422601543,14.410760788032952,176.83096341378845,0.18441311821379272,153.9980270369394,40.699238439393746,0.077
-88.43273493833635,199.01335525860566,77.91783457729844,10.129257300772794,204.48713276407233,0.2733590573472978,158.90331594930964,21.36788643253278,0.16
-89.52244020508508,266.6388891839854,-684.2481573726134,20.324005385905597,218.33211176043034,0.3332089956516283,133.31759388626537,44.250227371754704,0.198
-89.88950797746516,174.60647550865485,-1723.8158204991594,9.71639207342361,245.30743226514412,0.2472318958966979,281.9632838578707,28.65724973371077,0.011
-88.35062328593581,30.745090858579797,-1608.4867994380636,14.315410688138057,234.4097444168047,0.3491930994816834,242.71885815872398,34.46551952371618,0.296
-88.55697104668953,350.0861004100448,-1136.06778900797,23.464718774879024,221.23478835925744,0.1393828604721319,114.56278310371766,54.613788229515535,0.192
-88.51488638072213,186.48375529539524,-943.255950459474,19.906862100258405,207.2660523400122,0.320169329544143,106.32498735374074,49.713343208058106,0.297
-88.43458634129671,221.1070479548441,-1990.2927281118175,19.860172908142086,190.38177636053143,0.38289462745629355,233.16487194393267,45.16804766235886,0.146
-89.75931516170523,85.17952177470264,-621.5696483361089,0.5082039778321992,126.88523526926828,0.19956499629806984,262.88279798067174,10.883524758349981,0.191
-89.21891511576588,174.05931063844938,-1131.5893362883207,17.247925755013217,133.17795789377502,0.2099009327235895,305.71840412896665,45.985841576265386,0.144
-89.67984878690226,154.49381710499586,-2572.5666549105035,3.2150120903049526,224.83913849392593,0.12506490315725644,219.56823103888485,20.324365109010085,0.013
-88.26010349083637,26.962503120714146,-1943.1411859685843,0.8141497977802636,222.4638077090109,0.2924478338724136,269.1326196897643,5.3991606715213845,0.256
-88.71573355902764,38.2177272770882,-1603.302938921331,11.282936537150317,196.0242496362708,0.26573521769046105,283.4139152392722,29.42385372814943,0.14
-89.27129375277997,301.49010706275885,-1258.286151072844,2.9570481334841023,171.43761858026147,0.11210372761971034,253.26317324452648,18.856806135415255,0.147
-89.77923913445656,86.33518279437249,311.4230364031969,19.906177188399774,113.64457097530479,0.32566360809139355,188.0540630918566,42.40190683294564,0.114
-89.30913358874025,70.18497773950699,-1009.4629550882973,20.14535459695324,155.80477195399615,0.3487853487235075,132.97387075691077,50.82165938623305,0.135
-89.28215168814918,181.76812245005013,-1872.6175119189002,7.0262623643144195,168.8895520591445,0.3721358812422263,261.8846361323755,24.193013930235992,0.22
-88.51374826115767,276.74896729050465,-1023.4953565542694,3.7169746042310994,178.01428006427886,0.2637202258511927,292.17408295309997,4.499756736937011,0.213
-88.68864080442509,22.300746688435652,-1481.6701979631048,2.5978667191799882,240.1054437985693,0.23577401047052723,147.45677966349044,12.724004856291792,0.244
-88.21429578910498,207.6508510697721,-940.1934083731666,7.373707234071094,125.21931597202,0.3628411463596233,223.71667977037032,26.401324121188015,0.293
-89.00279164219229,42.91575942260641,-735.5458503715081,16.551756698688244,182.64136876916785,0.21960904572044174,199.3113461967386,42.04425735686645,0.123
-89.67277093271723,13.125978297222645,-232.61548222084957,9.577119018216116,161.50912157415917,0.29663293757036857,151.42576888132908,26.78282376590808,0.108
-88.54483490427631,18.98782277839826,-1219.4291965360208,6.102407593328646,248.61373669024724,0.2846086769202779,161.3282874654592,22.98568035250795,0.153
-88.4545084076279,300.2990789550389,111.16842207986656,25.001765268131393,80.09309849038345,0.7122797098170739,0.0,64.94800712457932,0.976
-88.83357332461796,42.47009410610217,-473.581869971047,11.048571725962887,171.43001959344892,0.12606698126981444,204.73273862334122,34.78508857440093,0.23
-88.43516235808633,16.254491188425103,-1765.9516358497503,24.368718935182248,249.95738530966645,0.10642466160120571,197.61547958294352,54.95817179957362,0.179
-88.96178836690765,157.64395937144843,567.8845325987713,6.557117068445144,181.9688545060095,0.2284713221606162,238.5446830566931,15.819284735379979,0.071
-88.90680762417422,303.8376498991289,-938.4043893839219,11.218909898872104,133.3964915227961,0.24436047244700707,123.30267246565896,35.03515509012131,0.261
-89.08767206511875,94.4670155361487,-1868.0996031777881,6.726366622798914,187.82245685574003,0.3468034804569676,245.31258397606547,17.564040647660867,0.19
-89.85170365918623,151.8165423093299,122.33044098433743,27.428881055391184,78.13493401856192,0.6970355354852389,0.0,62.21759086101648,0.911
-89.69500628871273,14.37211172295044,462.22206815875575,0.30978496805259503,199.08379761067528,0.1843479624200408,164.34378208508025,11.624294324760914,0.067
-89.84028454719521,161.6682650885553,-1226.4202109756484,12.117363697219359,241.24162448374958,0.238628940422546,225.53450349486425,39.96735891834687,0.268
-88.69082021859882,207.94070902936812,-1602.920208300477,17.274386518599968,220.06780075690395,0.17139714412720636,271.73407584616433,50.97784095756849,0.121
-89.30272363595498,205.5265393507721,-1337.8999659629296,4.110027678851676,148.24291665866772,0.12740818333448697,292.8164059036493,18.52348288609864,0.295
-88.93371568678707,119.67360918277146,-628.2146179858402,2.801018295538464,151.560207495241,0.13391291010583217,108.89032906659514,13.05457752720891,0.164
-88.17562369954042,113.59194503872878,-177.71467597558888,10.518214665017709,119.70034843264368,0.1957463379690783,234.3717219917485,25.033220876790562,0.07
-89.42634476461714,38.38450281717524,-743.6101353091412,3.1333496531562517,150.02149699047882,0.10380292526754721,188.60914813065608,26.059849904517698,0.182
-89.1202724462323,132.04739543265663,-1118.621433222584,3.844082287808501,122.9674719548944,0.16606098600437147,273.72723007206537,16.238735040743375,0.04
-88.4644528367682,35.818080794267274,-1.5905837564580452,8.501373369235626,179.92282070559,0.3362569422797062,170.94494052790853,30.391890014701858,0.244
-89.46528348556592,275.97454009633856,-1450.2691784412177,18.49581331646173,209.16859112975607,0.1703851577290933,285.9309074068626,47.97552755014778,0.192
-89.7537381713253,347.8587471893469,-375.2645293064743,8.572822231218556,215.16536260988218,0.1332188533118548,250.5592269591648,24.667633550525903,0.29
-89.34947223946385,349.2268044000145,-1430.450238681023,22.784261944729465,118.33409251474507,0.38472416799836173,297.4180959294001,52.87874381217185,0.21
-89.5936795542174,311.4255957751418,-855.1816335912855,2.0224221734064525,157.59382575334828,0.28674103490548586,346.09848951783226,7.129219358246967,0.024
-88.13357446054911,216.28517376226287,-1290.8500518323613,0.5192226047345265,150.3440473166407,0.11800778483069976,327.14649429104173,16.65057177659738,0.148
-88.36457127882761,252.31165100779677,-1244.6817461222488,31.26345405721134,53.22056747173065,0.8856032878394782,0.0,71.92425489290099,0.848
-88.69653286263019,102.67408896494906,-1501.909213969768,5.420418723344887,160.7459835304808,0.28363663770975095,323.44054435199365,27.988704253566468,0.276
-88.24422487864334,227.07735126214342,-124.11677505544435,1.1091200707215982,151.90481527949305,0.2620386406194735,138.27245321370106,9.97440264132166,0.135
-88.37302305389169,164.03383779835588,-1786.340830486828,5.420539417718302,198.82989210749872,0.12051243171789547,110.75878923048715,19.350976317139096,0.182
-89.54551688811654,173.5262423196957,-1792.1858020389668,22.751034538089392,233.6623729227198,0.16729464249200063,233.28331247590359,49.835748931000346,0.064
-88.20413790286904,272.79956173505684,496.79485267608743,8.586954853399408,173.67784092225023,0.3787128743456766,343.59244403471513,25.61670696011639,0.081
-88.87524974036026,101.4906080150106,-417.7219482765348,9.462902649336016,214.5331241873546,0.27160324314430523,277.43411186047683,22.725210211673755,0.169
-88.36586370518829,114.49426021002716,-3108.090958954429,10.407982884133604,130.4414513954944,0.2320976194443491,176.2856008959078,32.82927304749819,0.212
-88.19742653014536,332.8710448063092,-1652.2069913683229,22.129428846697813,235.29529301014105,0.17504662357610984,267.1928382017775,54.79790375235178,0.136
-89.29579339755347,20.24074614635001,-2649.5914700496432,10.204701660240795,131.36326335011293,0.14010941269056132,109.97692827617541,37.78378313363966,0.135
-89.69090134339741,174.82834742880254,-1960.552554732204,35.44053778832626,84.50892752078602,0.800477186325143,0.0,73.5922965012463,0.948
-89.46692319117031,328.6082881468302,-3710.8117329872316,13.337605740542292,124.9049325022747,0.37670996779939026,159.31392085333226,42.75522096471945,0.212
-89.08849520161012,219.73068281453652,-1309.591662155154,22.617847669583213,153.3551302128751,0.11461341870326251,112.29953789055779,50.34347607337227,0.012
-88.34577194474727,196.70654671636754,-2113.553455329049,20.052398579044066,187.33746254017365,0.39729364478286,162.47759517654634,51.82595518177463,0.159
-88.26461189181295,89.90790452256788,-1152.0757945628493,11.635526797419622,248.31917559688574,0.16234381606060236,280.61510783194205,27.543860858690245,0.011
-89.88679095199075,123.57917606320137,-2500.09700710602,6.130290139795367,221.07152485205614,0.2226302081197028,237.7971955666902,23.274448514362582,0.182
-88.92958012510263,306.73742968968946,-1133.670517462368,15.319639285665536,163.26101240487748,0.11351539244971527,105.85872457186376,28.086297295836157,0.019
-89.10691909401733,201.31852743664493,-1531.9330224962619,17.100987312072732,190.61844810649987,0.2754346609324094,202.43443828849902,40.84906688084214,0.283
-89.47799516010562,185.30718975244076,1.5623721508766266,6.274139518734728,197.26312433148908,0.24506657962029751,288.042776133398,23.07877447975849,0.149
-89.672255802066,35.848696874410415,-70.91451060350005,13.663388659506559,225.1818109746286,0.30001211042043396,338.6511733908378,46.10401041132222,0.208
-89.25853117433311,5.770136323844324,-571.7235175917735,24.36204978259596,213.10324995877207,0.2628034381874418,318.5893927147586,48.08402600054766,0.258
-88.10847156256621,346.9266679273377,-1461.29102452897,32.699477390696785,93.66012955036986,0.637937356935418,0.0,75.38756557704974,0.798
-89.28591442916057,135.715020223263,388.3043162082347,20.543693203494215,203.68562378555194,0.3213270093435012,154.67549925670508,48.49366377283084,0.167
-88.9142978186876,217.15670235582155,-2442.4282222718566,30.62759686380282,63.52347331062953,0.820434136098971,0.0,61.674930526924484,0.908
-88.56426397809916,28.697426347422596,-2322.84690365093,5.706257887935442,128.6401682786766,0.26230870626237857,203.27365750693562,15.788373820991827,0.166
-89.20910375547935,245.92114286029675,-1267.0264799112517,19.018822520592938,138.0637645827532,0.1341628611487028,261.4386411355852,45.68209191016656,0.124
-88.05361404283018,335.72401513414593,603.2304871368954,25.38519508581272,89.43871646241799,1.010192570678145,0.0,63.10577410634182,0.854
-88.07135013960999,207.2394910790711,-1361.87112549607,3.0366666702800416,229.0595786782685,0.337337595057405,328.91967350136406,16.512825149014446,0.121
-89.42161363793181,45.4015160551478,-1346.5961945674255,7.144098879549908,167.2967195779675,0.14273822387812007,294.2792287053596,17.72577802343543,0.188
-88.95522783880448,209.4197498904516,-2353.5282848894476,29.3790476183525,57.6126522532687,0.691047536275708,0.0,59.587919509823486,0.85
-89.32833121134814,275.8849967176749,-443.2563317836973,2.249011442130602,140.25004257427221,0.36655140771742145,245.998369068548,16.58626695542711,0.13
-89.35880306068282,146.30995316664672,-437.4589965365169,1.4113003265571074,168.33789948608143,0.22447152126000958,235.45050132060993,11.846263901555474,0.173
-89.82991480002639,316.7415892589284,-568.739838880072,27.279815736395115,67.29132339725044,0.7130371939631819,0.0,72.61675423490898,0.844
-88.7418277654382,233.5258632086512,-1703.37653827789,23.967632249804385,240.24143170170007,0.33692344800234586,315.0288134373921,56.172484368807275,0.164
-88.94490985586516,323.7296105841129,-1765.3654146984045,16.321202439837695,149.95299246015554,0.3642687410236849,150.02990986266835,48.35855936315693,0.279
-89.80219037262502,224.4619120490414,-2234.4978003239767,11.542892453541725,175.91070892591017,0.15242142770662978,270.9284921689632,35.80497534169202,0.139
-89.37057171795044,47.26366992173672,-1132.901998591253,7.614754943950181,136.21273754614612,0.3748576626449671,126.75820003437154,29.337545315543288,0.199
-88.17429481666336,111.48901599786808,-2064.3258634228014,14.819488738090511,182.9772733987421,0.3742291831884088,214.79099369726094,41.80103985221237,0.015
-89.44483240773276,72.64618137088449,-2141.933204199431,27.7980695740155,91.64880556555876,1.094746751411224,0.0,67.86779875165296,0.866
-89.62469974302668,327.17753917807045,-1538.9525735285408,14.38566126142076,152.565524664679,0.3394104432393526,103.12541528669608,27.31203579672038,0.246
-88.97003975547263,273.74402422349374,-1591.324940147373,33.66959267246966,88.47650492502933,1.1230994153957954,0.0,76.15462233771889,0.932
-88.02726413718986,243.5034128076022,-1630.382823057564,3.020580143597696,237.58362150458765,0.2692138797755854,122.81669235619307,12.723068890045509,0.284
-89.44009498412815,108.34787506738381,-826.844322527791,11.803192456717307,120.2141045600389,0.19595170294292902,193.6731519002862,39.95965409614901,0.228
-88.62294245992884,66.25611793807687,-1136.7617582797766,8.269413323360844,215.89943508469514,0.14784080359624735,255.50223921961194,21.530453535828347,0.14
-88.45292273087544,272.32239167600824,-1430.5248244088941,1.1485845683766716,145.74808106106872,0.32396097514420963,348.99125761640903,10.895767060368177,0.236
-89.44848866641445,170.6968605164687,-1053.5896573508144,10.469162669903445,134.54587275512807,0.10041785335574072,163.51972133542918,34.942653952990604,0.146
-88.51638893763747,81.28423877422648,-1993.2216328837058,16.173293016604397,194.15713488350505,0.27386580689463447,133.98988287289737,43.8514129947456,0.106
-89.20121204783342,221.98391213949904,-1115.7771008722577,17.2423017995203,208.78436627201796,0.35940580791353915,203.6906620969047,45.321141045323635,0.024
-88.6986189218722,14.520186769842711,-1079.518005724293,33.704521789445565,75.05224963169229,1.0937795041064535,0.0,82.95502718475406,0.98
-88.6962935495543,117.42129148617127,-2402.4374874859845,16.644674697235597,115.48431899150668,0.19986983703940073,106.13613564960718,44.58976512934354,0.131
-88.88202810025795,168.68051805280848,-403.4449965037104,23.50136803679616,237.21863338755105,0.27624575585933886,240.989764747079,54.27806463907193,0.209
-89.72844943689663,53.2650002793861,-1905.1469641815966,12.660942462989759,212.3045683586493,0.17406107395934206,319.8931283064769,28.8405381443919,0.054
-88.31292525838045,354.47561193270224,-1127.752160634852,28.780556004525952,51.841406352679535,1.020257663674942,0.0,69.99462073176682,0.801
-89.29051787655371,75.27505125226114,-268.4706075717837,35.984492855880696,58.48711821154478,1.0282173955938576,0.0,78.1184644029733,0.946
-89.54561483024028,46.9271268155756,-459.45859382890455,17.3108513097595,113.89099059539092,0.2744841159459659,136.86922882447175,43.416009049166384,0.15
-89.82252723104595,73.2725545992827,-1172.5332891449316,2.0734098454841874,157.49958945283186,0.16783634427976263,222.78024828959343,19.5386056507178,0.205
-88.77730340794234,276.8620079375007,-1489.9992023056548,6.511949772228316,183.15493298191655,0.11241590109729571,191.9291300346103,21.917531345380233,0.161
-88.61262771249966,153.18203733786342,-441.9904731395462,14.81934303205162,182.411306116275,0.15211007980409819,275.76863569204744,37.417516256279114,0.17
-89.86848312503707,203.54973831091368,-660.2440177531041,16.56498035250646,139.14588292119575,0.11385968128264097,223.73525005297952,41.73188678797396,0.268
-88.92702318923136,7.563296515089868,-1694.692016035304,18.98425134384372,218.74463126574472,0.2405811698839658,105.02954467182929,46.70537534146844,0.29
-89.46965802712393,12.39527108639324,-1835.9149176013523,16.60197681230041,151.84070219373007,0.27599121727541487,171.1410445698582,38.24796040201369,0.117
-88.67417169822205,160.49719793772582,-2857.8841453567984,12.069849162559386,191.25740324491616,0.11340256230563583,325.3729676729488,42.5264889843355,0.106
-89.56870378489052,293.99588755258446,-1076.7745266531301,5.638015587978714,148.0131115753165,0.12714466646137987,227.8772067185801,18.529436315302902,0.098
-88.58721829760532,318.6859963347235,-1266.158196014719,16.011382612642294,169.52350221814783,0.2456575080431053,299.4871879257897,45.94470252217072,0.234
-89.16520284202898,31.214364334430478,-291.0469002859662,30.549873574806565,56.7183651784053,1.0343315040669394,0.0,66.00745137846484,0.971
-88.1202130214002,193.8107167563682,-912.7559252157066,22.199286054277547,198.62109095448537,0.2884027536747158,269.24091196155973,57.14620455195775,0.023
-89.63871020612262,328.76268706053736,-132.61664466184766,17.34703949636198,169.5818104197891,0.13141306603116085,142.25080430923984,45.54085751368527,0.036
-89.2519739330045,139.6701915832391,-1757.8913823329367,22.29566923822751,112.256422628287,0.3662626821524485,284.13331680542086,54.7164988394968,0.197
-89.68440030964288,298.6436993142127,-289.4797352259053,8.289359710991475,113.94309916234725,0.37523507043692406,296.64526160420394,27.453402766356618,0.09
-88.14308212527074,48.13043558379703,-1623.1331032837243,6.917348539166796,175.9588045859991,0.19748704835483827,122.53506477898637,25.914493955655495,0.037
-88.23305522857613,336.74201628040754,-577.9231505661822,4.522148956340181,135.65162136674962,0.2848053375644087,145.8276857633234,17.90978622637852,0.13
-89.40991090734121,270.51239431126896,-2367.0067140245546,10.74713377230562,191.90588674026395,0.24769814505541357,215.72231839737572,30.60913893244159,0.264
-88.64603031253506,338.8803814032846,-1011.8917605070492,7.779941032909198,167.14684944808297,0.3826071305889467,259.3591841019079,28.447064485882425,0.116
-88.34727781961769,243.58220407890232,-2787.750353156728,24.082747406521392,201.61877697556116,0.25262455988462074,259.3728336437108,52.45572304771353,0.212
-88.84511845796102,130.82541551979372,-1413.7099887534036,7.246765823178111,243.33532436895322,0.3879897441136193,267.0507451439274,18.012036796673016,0.271
-88.89366390112359,337.74522210890007,-847.7168048976691,3.9727828377508363,184.0230588713355,0.15980276515906183,278.60381174992494,18.840295947284126,0.059
-89.44048064728915,99.20403947130426,-1616.7748409848766,31.425771788306317,86.3985406025593,0.9162606114880281,0.0,62.80266631763748,0.773
-89.7231047411688,119.58210794222371,-2040.350103004774,7.486247689186564,215.4257394842312,0.33440357202884124,243.71387231284154,16.558297355135462,0.273
-88.19529005988868,252.29103048062652,-523.105224563253,13.53528457250351,239.05075460534113,0.3350832206780104,102.10153345207436,46.09680245814351,0.066
-88.18920569138967,275.51386782913903,-1282.7702318775387,16.513228247434117,139.96250141332087,0.3196549821870116,141.65017633555908,50.77343598529563,0.297
-88.6971072311808,334.58525418569536,-1591.6565176245372,0.6330688107918476,225.82577590989172,0.35788343939959133,224.6410105237294,8.412325323532773,0.116
-89.25584339700747,73.72886726023542,-1166.4832630765789,24.354837695030692,236.77285299065613,0.3107638518831437,286.39826451758904,63.70557122913007,0.073
-89.23650180823594,287.2792926789206,909.3353135564707,18.371190404112276,164.98681733266088,0.2908255433416702,302.23122500584975,51.9113802784333,0.253
-88.52068421014654,265.87657922290686,-277.197720174765,27.583840118807817,79.02685566330459,0.9343643980405911,0.0,67.52313611558873,0.964
-88.19549050609011,22.966040251295233,-269.94106544972783,5.207780627818996,243.28502735496028,0.2401263229987981,221.6006808213024,20.020934702841345,0.204
-88.21453579389627,139.4003308356745,-851.5629448061088,12.9912579247616,197.8685950994415,0.2218484479612725,170.31938696171682,39.114756705035944,0.152
-88.41823646287051,101.79556454163549,-1066.8117819382824,12.393557549941953,163.29470793380557,0.28606353991114614,211.1790400603777,38.77705694038572,0.197
-88.68013987230685,109.61655276745094,-3116.865830664333,14.63888494350022,220.8558809304282,0.2219991787698981,102.32372452251367,42.48831592333897,0.02
-89.74013406650941,353.8608766396923,-1743.1842771705055,2.546147485771609,152.6263462262001,0.1442482942259791,249.48986402795634,7.345623020046511,0.112
-89.59290544322023,231.39986885277403,-1584.4595305619796,13.108363786922224,134.6970620497807,0.13195888486259405,118.64172602749036,46.382065828148654,0.201
-88.19274704179855,258.3634168056598,-2699.9136512380264,2.2646391142374522,186.15574901167878,0.3773416825731334,136.34752371842802,26.545916573366412,0.112
-88.74778478664678,351.5823494334033,-2125.932632172347,15.583340711969214,189.2696862874845,0.10742167226136494,256.49415511306574,31.62070833244824,0.235
-89.8825256019284,135.79264168474992,-2784.669176738107,9.286491245185196,225.60450751742732,0.13164017854169574,103.33716808643733,31.127816373470797,0.289
-89.70720406855455,288.66246064301015,-1230.659068557898,6.515868342905865,173.9838297028602,0.23359146239367604,243.38883332360766,33.260348032241666,0.021
-88.63934663869469,156.43114678961834,-544.9872233209471,20.185487164399984,224.04211553074782,0.17887788007131394,259.59502183007,55.382383340412844,0.258
-89.89038299069219,313.0321218533927,-314.580385100537,6.5316154480521735,153.58517510876737,0.22175467012064382,297.06875337921974,28.127894866796,0.059
-89.59446470230675,65.03671487206914,-868.172430336607,2.1214192636775913,190.55154830489087,0.13523421447816503,117.0076319908806,7.050247764631734,0.276
-88.8574058002035,341.16702374314065,-1970.7170729588552,24.70845621075548,139.18618904610022,0.1392720810542122,100.73291584912963,63.37238618134943,0.285
-88.58539912438388,78.75781502791668,-2745.6521268159677,15.276262173284149,163.96243312832348,0.34019737261753463,291.7144734824643,41.74850783656806,0.175
-88.66127360694506,117.43938251313534,-2605.4949595212015,20.720901955337837,230.05555769659915,0.3277326232300912,172.5134697997897,55.34106263590698,0.149
-89.47388831202494,272.229204278441,-2215.186061803599,10.337579276791695,140.2383470810057,0.1312758597173843,321.8013053808951,25.49752479730561,0.23
-88.54685947943969,141.75185096354642,-1911.0877584285397,38.79628693900003,86.5245917090412,0.8540039823726987,0.0,82.23511988578556,0.758
-89.44922673375608,218.9560956359208,-1327.7987983932694,5.95486139440205,149.60203209863687,0.282793397006645,246.37643883718602,21.19692935161674,0.077
-89.2817405734974,160.04646038499425,-2011.3313745015748,29.444955493598883,81.55638867047384,1.0046801279921902,0.0,66.99397796251584,0.95
-88.48166633027576,267.2531773523215,-928.8192850653909,11.386339599000872,125.39083980795847,0.24233467136874226,200.67253710110205,31.985493153251113,0.131
-88.66569749181029,82.1992508526999,-1385.8188022395782,4.5451039491274585,214.42313634491035,0.18099604826003227,320.51609874223254,16.69255091805712,0.255
-88.28647552006106,21.04487540527572,-1191.5634306071795,16.828487457481085,146.68992971030076,0.2991037508069584,252.08687710260975,42.651889964906424,0.05
-88.65053550462935,107.97458309030385,-287.79955786303617,15.147625614551636,201.58038291377812,0.21140722795684663,272.4042589416217,36.964761659270906,0.191
-88.8202136536626,170.7511193526349,-2144.185387360296,1.4867818576077028,207.88784638601263,0.16568587030364818,156.49258260103744,12.732184658074749,0.112
-89.72201794112662,60.487218789364285,-865.0363373661053,2.7778072286528523,158.31658502085588,0.22258870411578496,330.68773009200777,8.437798152124559,0.267
-89.20133997418708,127.72702427629993,-1211.1785827808587,11.753023569150077,176.48865820955962,0.3289809506802862,255.8706100869557,36.07657364244362,0.109
-89.39611550140472,143.99388658568466,-1466.7890247757562,15.497478152479815,166.5273926638135,0.2427379589608606,126.47137105495578,42.297674137249054,0.294
-89.43641967757975,20.661063727778476,-491.79494330723173,12.706632828794007,242.62885948963475,0.18995927903002663,103.8880619591469,29.104123628872877,0.015
-88.05127994597035,209.99060934631365,-496.78867635439406,22.531214525238028,154.79284072922223,0.34956058444714855,103.98062912846578,61.694222695891966,0.079
-89.15311432313315,318.3636340696635,-1957.1926367907427,7.055020261850225,135.6652259114945,0.36449312655428046,112.8029480539634,19.975791869499847,0.143
-88.20511154516349,54.627448663098875,-1345.7284670863394,1.3174748439817634,161.18299800258094,0.22997512713180246,327.90396556790347,18.579705563386618,0.084
-88.70083661060521,215.21088482454505,-975.0306539327477,21.41066551451931,203.7321990642817,0.21240640621806842,189.594682417449,54.46845299821862,0.224
-88.38985852327087,239.30611376790466,-1418.4053984180675,11.763820205815437,207.63077665060513,0.2838096841056895,174.5581318863317,38.53045480324695,0.246
-88.94498952310013,150.9604849509438,-731.9829341697614,24.161657767822543,239.36802415040097,0.1173923338173739,204.13643083629194,59.204262128856115,0.212
-88.80388261920992,252.3951314511372,-975.0463856717797,16.379522629797556,233.44562788261328,0.3073969481702792,202.3928950493385,45.59323440353357,0.291
-88.96421638174417,147.86335565676433,266.0489922848101,11.984854970519539,150.36487285841858,0.3346862816131741,159.6233189223942,38.9177298785064,0.142
-89.52903832318373,181.66942367187656,-2424.22330874383,10.47270055019844,173.72285485546348,0.21923257817715153,122.95700239623771,40.481349907975144,0.294
-88.52734098100314,2.6470960395937126,-1297.948791797918,16.82712760556138,214.61765834568075,0.15238475500221893,127.15664815635033,49.027381919532,0.046
-89.36653251136238,249.01924108848797,-1926.802009209753,7.864687411906698,238.3152192842835,0.10864551254225906,249.79717455679065,27.97051839370095,0.255
-89.85379966378024,238.0833644201008,-716.7140356487647,3.4742741125350065,157.20310179996486,0.29117367984613,199.20876290994136,10.205984376352184,0.021
-88.67360263777638,13.824315837484043,-2493.737512036436,18.099091226546438,172.22180078477942,0.18069802199047297,325.61384697905453,34.11901092462392,0.164
-89.56348970912661,132.57003866224792,-922.9498318200908,10.555121585555707,235.92695786350524,0.2391668761363853,215.9341776219186,30.45819025908476,0.15
-88.11312868972946,352.45146268500025,-1704.038745078673,12.335676480690061,160.18774224217918,0.21590665649725926,225.8728939273371,31.09894543666666,0.258
-88.08753570369508,151.46516252470204,-1787.3294928968112,22.893798361546075,177.27181806684303,0.1524654387842388,332.06124532406386,52.39897735603283,0.213
-88.16175765858115,180.700345847463,-2357.19856283255,10.86123392264259,236.63057977053103,0.2525106005382113,225.41018487254885,31.310308364622266,0.138
-89.19669846951466,327.5748569374987,-1572.0607569608048,12.150339255417906,222.31405051857877,0.2378780568222214,225.4954943885777,37.61464807253744,0.27
-89.87063242859516,258.2142753116723,-332.39957576725953,6.003504885490681,144.08032950137238,0.2872442868609497,190.79074507332524,18.90253078747952,0.267
-88.13619473108332,209.54524720472048,-1220.1509468235836,16.30739933981851,155.47130915767067,0.17556549835893603,277.6029650958533,47.09075951736958,0.017
-89.0864501181971,287.2096852827861,-697.8556657004203,15.498279126800881,159.41422184430746,0.16439172395602175,198.05691703791484,41.16402518930338,0.263
-88.06335584381702,311.17185592415035,131.71345757302015,21.00775131790558,237.78338628034837,0.3443035179269417,247.08054259997266,52.203564408649,0.163
-88.06912204353041,164.47970582541606,-988.9955321419394,6.208711629931239,249.8507231946355,0.31065767348921247,211.8488359320196,31.792405489541235,0.253
-88.27928203461201,171.03901137546075,-1647.0396576498724,7.421830304098143,218.3606023017616,0.33166193550746903,232.18621524147153,25.73420873171684,0.063
-89.34054710506778,138.9783368346609,-826.1982278537682,19.921373991454693,177.80568234909094,0.13698694352650842,306.75682479042655,49.572037147273825,0.054
-89.16831431565635,348.0142104066458,-1635.4369170514335,14.522130033628635,111.42433452944705,0.1672118929981053,203.43325533567474,41.663770099984276,0.219
-88.28284032411797,250.97985154452616,-1603.5381466377355,2.9378187380730534,207.64832792371402,0.272659454861092,157.5194515049146,24.861361485337067,0.09
-89.29784819020307,29.960303834906025,-2415.914239695188,25.065540677345005,81.25122047132794,1.0369141805884752,0.0,59.89736268387069,0.859
-89.57796378129643,310.66546439268666,-458.9940071324862,4.98450568400251,198.61810583200474,0.3676343929505411,334.3772046354077,22.167801515594782,0.21
-88.84207760132914,173.0015787010565,-1508.8020605195516,19.842847532637517,194.93715488474004,0.34957298867647824,273.3030052072545,49.14426387362876,0.187
-88.12130592909452,24.751406312095487,-1054.3214033473105,0.652120359981966,177.31648792041423,0.11301938382532822,177.09081097086124,10.789037811511154,0.213
-88.57754338631756,197.89821185879197,-2028.7695428853117,30.85788516485527,88.95457432507169,0.6184852044588636,0.0,69.26530798557317,0.884
-88.81688377683021,150.17914043125273,-851.2418962276222,3.4459972690562335,113.24048834974784,0.36972735325632455,185.67922529160376,14.09157509700402,0.12
-89.71536466183555,315.98978575054497,-1809.552990508067,23.522506518727482,209.69854782616235,0.11702472704579563,345.81350595473674,65.52530180534848,0.036
-88.73148626927158,73.43805729937945,-1313.3669773614595,11.18365639988756,167.37758156193644,0.22488426813309645,147.99743216411588,29.59814768328259,0.258
-88.0188976848019,297.52725941718586,-497.73917500869936,8.33397430161256,209.9306630688256,0.26098309698901057,349.91238358513317,18.964743757672398,0.255
-89.63384037105061,200.76792882676298,-567.3925502139766,13.853966564677613,204.53075065554847,0.1698251118650499,118.97641247715,38.334967044061585,0.012
-88.9151736605089,19.659709156848855,-1217.6240580135523,18.31900339157813,111.43332036063936,0.25500569681113316,278.309970431413,51.72709321552832,0.254
-88.23299116333689,349.86430847717446,-2614.5048261653747,2.9559949766913043,149.94738932445398,0.3657867363883194,285.110396511453,22.124570572419273,0.054
-88.49253962626702,184.54148787715198,1194.2484560485132,3.842122748314278,136.47281287052925,0.3600827519037294,269.8936717411983,11.71191924990898,0.107
-88.575670092109,104.7156675233697,196.68717621850874,18.49604865112886,133.37808941194893,0.3819511843772443,294.4016919115676,52.55587880764482,0.13
-88.5652802404245,168.9864631161329,-621.8601400893613,5.0734295364960005,211.9867357769586,0.24523293951836264,217.9582354118939,30.441553299483374,0.207
-89.21696681268247,308.828802066296,-1802.5630252727765,6.157709068079146,143.53718887303745,0.22317008358817608,113.52848664397688,18.894645954671496,0.037
-89.34217549589746,109.76512477862286,-1290.8737293615718,42.4068695415944,53.271590324023016,0.6980290846598296,0.0,93.94341077995512,0.955
-88.36221380459082,69.36350273521211,-1634.7363438212135,2.3198703541071914,144.57845933999513,0.22502817328031027,260.5786243000372,8.48196338157804,0.283
-88.36078455010956,46.465648895117326,-188.91524872288926,23.478027917597526,191.2327352809462,0.11258337880025733,261.56176182522074,66.22455355234848,0.286
-88.2525625946978,107.22938342047605,-989.9976873185329,6.140492312861879,210.88032752839553,0.31597643565113653,148.79845807833004,14.819052341639141,0.037
-88.1648429501427,280.81731133441565,-1827.3310866878662,17.09045144797144,156.35046341774472,0.18429518238484716,163.25130157747,42.18196179168868,0.277
-88.92844944216422,169.7854914702942,-1576.6040792998256,18.543556905962173,194.4229187601971,0.11472559368015715,221.67453447061195,51.0105567720856,0.175
-88.94711904009432,81.8933773296744,-303.0494859440763,23.289567351829476,225.47966841792345,0.10618632295807125,282.15263067805483,53.15906975085329,0.221
-88.38323915996313,59.82659985950971,80.0782774563827,9.997461731872242,123.19139992302883,0.3794083805731955,313.19952575061404,25.04934300493669,0.28
-88.66506853152225,119.78261154373648,22.665250788996445,31.888846387548533,46.75316389655329,0.8902524910055415,0.0,73.51648847939552,0.8
-88.56626293321037,338.3727742388552,-594.374347956818,6.106634354148197,155.24029222095322,0.2343697577569191,331.4049789180531,34.16404942195383,0.142
-88.38799392807141,123.48961653240877,-1402.0998950421094,14.3422041359956,127.1709939134922,0.3851729358696566,331.9329156364937,37.40440533550365,0.162
-88.20898985054663,355.7246673436687,-3793.2110602632965,14.452769322176074,186.39158906600883,0.24025509363421757,101.98343552449315,37.87017848925721,0.209
-89.25780920198208,174.68296407552822,-962.2719809534227,0.7803188005058459,141.67672469748246,0.1235827970578934,226.60239391882553,5.982840741732773,0.284
-89.1863923899841,64.49901058445431,-1201.4630070752803,9.141277450208793,224.99065097368208,0.2655808141739978,246.78606601033218,30.20803238666089,0.268
-89.72143431430236,320.8104330456634,-1088.014322942917,13.615134992384073,116.00542733435066,0.12645959603621956,238.4283572808602,41.648886998875845,0.177
-88.80126773210728,165.72793432853769,-1156.8821223734349,7.6787895687058025,123.81140547792565,0.12852636351206093,253.9429143820484,22.326058571132435,0.071
-89.8317096797862,255.4816836616288,-2261.009729559326,36.40923965456535,43.39986316144497,0.966826763196079,0.0,85.49713735576452,0.914
-89.01536376554833,354.13616995529463,-754.0731545190515,3.6137632640046924,192.45184977077395,0.18682646300937686,173.451728441669,14.234886320291402,0.115
-88.86897519405561,18.06312611519064,-694.2269487745198,23.79424468140428,212.18413303318457,0.3036010600337309,123.92609654017875,48.119882221147,0.094
-89.35557162095627,34.81004152352417,-654.1289743522727,20.564598131487863,146.29650195530712,0.25267730059859855,152.09485264716344,53.41601942390114,0.227
-88.77741680491889,259.3644269265922,-442.73839714129076,11.861378654957287,227.84645714986084,0.16669800736132429,285.0637784469944,44.09467237701308,0.252
-89.84204952511581,101.45700118636992,-716.7586840627014,3.3479094614775313,243.43992756832964,0.25534608959596233,160.265879657994,10.716337137709427,0.103
-89.8290384413765,66.34850290203566,-1528.0235292311286,4.3174467960823,179.8655025032809,0.12069806076992584,307.42758390693245,19.531792769023525,0.255
-88.33705893474665,14.170276735102618,-1256.6694783328721,6.820327007834902,216.47439109577218,0.20416370487691282,200.87209175113134,30.189429763684075,0.223
-89.2156377813186,7.86481631503265,-1127.1001061972986,5.857412819462631,183.478769636131,0.2568508675061475,203.6189637245312,21.204896511920236,0.138
-89.65858502596143,278.8148171231247,-1113.8404407147052,1.965345742007095,119.72538411770948,0.16851830142569563,317.1246852954829,6.796521011531664,0.213
-88.90773780589588,48.396033853038,-401.42587522261624,2.8247651536364256,155.65561179796694,0.29805643905440815,153.5722070690987,15.874321289673585,0.233
-88.43701224911264,168.37942174961432,-685.0649975820073,25.458750031777168,81.83930453283153,0.6787125251508065,0.0,68.36929997119925,0.968
-89.48994004775601,218.12285346461388,461.87475165596265,18.184623923882185,248.44307669570188,0.2454429693611881,346.35160138195795,43.836575383572566,0.139
-88.71650809594391,154.20664820478464,565.1751839077378,19.859740988654604,142.06362769027282,0.3144987343868151,235.15111006451724,50.88069625254984,0.039
-89.73783981651185,9.758394841043918,-1136.28033390886,17.888319515419475,199.0260587182006,0.22898381768703188,147.63017601441402,40.50900067977163,0.01
-89.80180472977965,282.0605409316472,-4269.324438767495,13.669676233341631,149.80831427229123,0.36237592459568146,141.45120751120936,36.84198759774384,0.282
-88.89042620002053,3.7847608349952555,-210.5340270981868,26.60680332129137,60.71938846644352,0.6707168954269521,0.0,65.14706433980241,0.988
-88.8727932689408,274.28036197589427,-1632.3010711896436,5.8923734426826275,139.45623672186753,0.38754787481762143,249.96149178436784,22.414010903800857,0.202
-88.68888318715341,321.58961776372416,-1841.1871374648053,13.066696553670448,219.93780922741044,0.18523654383249363,128.7595635704415,33.97590620610822,0.284
-88.52042646592695,155.82237158058203,-1518.7562199914935,19.47058827824123,125.51362439712896,0.38163679925642424,321.72702213906507,51.15614008706341,0.247
-88.04588104902119,192.79529031520735,-1557.314437451685,1.2120923185612895,235.32105601263925,0.282046776965709,210.97625142015522,15.771672422397586,0.046
-88.91902933822773,171.71402134235535,-710.1841519156859,42.96588896142549,85.93805242532281,1.0787413325766795,0.0,99.6097728994351,0.81
-89.28638270141164,140.11510270443796,-2447.5486233009806,12.285657627775862,205.033028109374,0.3706483351130341,170.44008192147191,33.10667208015663,0.221
-88.38914622993947,319.4728327333297,-2062.1765966332814,13.419894505755927,119.4380477999987,0.2653591563975463,232.2043078620515,33.734743744567474,0.106
-89.38541872260207,321.8160638411966,-925.4731566420667,24.56878031674922,139.19966396604997,0.35865423758489967,143.27507018315768,68.9531556917407,0.21
-89.0659543006593,120.89389127095242,-701.6447756693535,21.149553330102236,230.31062339675063,0.26250908187641664,209.9264946724972,52.98722746620042,0.25
-89.7509328754497,221.42511144529126,-686.7666840511904,12.380780193964592,127.07642080236332,0.27975967828517134,144.13438725233388,33.474123824918195,0.095
-89.85183358751064,333.6867223725111,-1829.6290231466392,13.30129438098042,131.8304934831228,0.2335295718692157,176.80777162973288,29.21717858370868,0.262
-88.07096801211195,346.34105961888656,-1982.612519412992,3.041485309479789,186.16046532577292,0.1436915655520309,167.46643445499217,11.420567734362896,0.033
-88.31163777102681,183.22525455193713,-1605.3078670303355,6.435342221500238,148.38484155440813,0.26605097000466005,170.773483064298,19.659093393651933,0.163
-88.57764900842197,163.01692990235765,-1008.1017981722199,17.172102161589603,141.09059799215012,0.3932344690798544,342.4565778478328,46.541271908775606,0.078
-89.12298940561288,100.32995373426928,-11.618104581960324,16.438928390428867,190.61388045874529,0.3361557987196854,109.61162144704578,41.096720490396685,0.221
-89.5707407918654,345.1938743485476,-2837.9497486166,24.211657500040868,162.16073470412408,0.32424954542603096,224.21538134335242,58.499301481825036,0.061
-89.60276961892494,51.41314961023225,-1376.5830055666931,10.794989417766754,129.67838554775363,0.29299264081888887,257.31145106608204,24.42372935439758,0.109
-89.42453849348728,208.738647377181,-2266.142752820163,1.8728651343086629,184.87952745636503,0.20437260204617338,265.19034361100125,20.76787446419675,0.047
-88.85646933705837,101.71809630671,-2521.794141882792,22.56730430775678,164.1817364590072,0.15088455834351355,288.6364220332463,51.447158607442745,0.245
-88.54226774686988,100.44298452520678,-426.4346837241467,26.360893461820158,48.42124419981534,1.1829727198125166,0.0,63.897399579675714,0.883
-88.6456249842363,145.78869145542785,-764.3003404005291,20.982445728562293,124.38576192488249,0.10189662686279505,338.8757456089901,49.31209126894623,0.22
-89.36812559580271,359.56545689363566,-840.4531872421902,10.363663291425086,196.88585415243634,0.30204412626950644,288.9169886509274,29.136666016583106,0.215
-88.08575596673992,19.787870462335945,-463.17932821520526,22.44386051876579,171.1090657720547,0.3435632675669301,305.92231229329036,50.91749262948108,0.051
-88.49799585827805,208.27505455327133,-1583.775117412909,46.289104780082134,83.53420891407805,1.1040594094006155,0.0,100.0,0.826
-88.84672730022834,29.725976892699784,-1546.1100130668226,13.151523144404756,142.52027632116778,0.12755511989328158,264.41833595583097,31.401335208047566,0.154
-88.73773058215474,55.62749879658683,548.5844933780595,1.1173669224512466,114.25964394837956,0.20071812034657538,219.53107920679855,13.806007415017334,0.182
-89.1027598813872,158.24265903824352,-1397.2568434076595,6.13714950447848,228.67648721105036,0.1876153688250934,169.10426170110838,21.680171533261728,0.282
-89.42931111994781,183.76564728471888,-611.8943095567271,18.25476000304051,155.69741204481963,0.23526290823331958,178.34577007401666,49.65961910372755,0.033
-89.22365191056261,93.16526701122864,-1194.894767229348,4.048043108980629,205.3527455621786,0.17923061629630332,190.13318583629678,21.73949351169763,0.248
-88.4600923901177,113.92456711478982,-2678.606824062732,13.694030749120696,242.66223596873903,0.20191981160350875,185.16083697138583,35.80015994396544,0.26
-89.87265237160346,31.3081272921359,-2835.7032030410146,15.803366503158827,189.09864173149845,0.37226643380477287,233.29026564672725,43.43689001752792,0.047
-89.67946198303686,109.1591221839302,-1663.187375951924,27.351217398126522,44.179375854254786,0.7616758611291472,0.0,62.461023853575284,0.771
-89.81259498015868,347.9610381769959,-355.1189986640088,25.101948560543004,69.52449969026009,0.6708035370255035,0.0,66.78428590664971,0.782
-89.82261527559396,340.0946574020934,-569.3666746911971,20.64584791751771,240.76613097064907,0.28775011006733786,329.06032779020563,49.496794866052824,0.169
-88.27462489037909,120.5561844493146,-468.73826862077306,9.626790105145297,205.49075452716,0.20126138368941215,201.4909572155097,28.244694847904412,0.156
-88.56305006717795,205.50741706035416,-1989.6369431490523,21.210531280479252,203.13939505591833,0.3453364809341052,155.66151611538234,50.077015571077325,0.102
-88.99906972473408,327.45434079994,92.69799209785083,19.055133860602464,169.66216552033876,0.2785228208788795,186.71397390914248,44.44488627366479,0.21
-89.7141150947631,2.226176150722803,-1971.9146401491075,14.559443770783465,228.3068198014403,0.10258561827967011,319.2218236260974,49.287377005203254,0.093
-88.96592983727803,291.84608532153305,-1029.740481064025,5.302221261454854,209.91410618132818,0.12061846047171995,335.4244808551262,23.036500534318304,0.143
-89.00040363551693,341.41303900401084,-1208.2818319261894,4.232260908129397,149.64565804934225,0.3257918678356957,321.6717232920987,18.804957656275498,0.259
-89.57091644717097,32.877264360080545,-1339.099056251669,0.3317723046593368,193.9410124035067,0.23395833687555834,171.83690283865585,8.282439936780333,0.036
-89.07568186644785,58.12116697185157,-129.12628936351462,8.150084395070905,170.22715364417718,0.22165233752306218,196.96137841781012,31.865727591489776,0.163
-89.14284100464499,345.86866899768796,-1764.0884161327685,11.970848485852056,110.92262279615983,0.1437481552587424,343.7334561334438,31.213493771642796,0.151
-88.72988481370079,193.51445171052467,-2279.684204569542,4.021778785572204,223.06728041025164,0.14719557818838108,180.96307766691916,18.647453525044543,0.12
-88.69332206335147,5.1107884098205325,-1184.0036110348647,38.25305580268912,74.55155424414363,1.1232322956640086,0.0,97.52086936391734,0.898
-89.81392238143312,92.7475195548705,-1519.8613874292212,10.312280605620904,181.39363084036597,0.3487051401884366,170.52355107776708,25.838296539503816,0.015
-89.1882360322097,161.97972273678945,1501.906335266117,24.937531558659604,157.0716670318742,0.26800076219161884,340.9943813599841,62.57293538956506,0.153
-88.71086616014296,249.44720796891636,-658.79401884802,3.6909902469322464,157.89246576809484,0.18853834294170624,203.96886262099517,18.824706388389306,0.151
-88.94404110869783,263.93773612924787,-1527.4724601748994,6.699104139951302,176.83108367793312,0.3798102450003491,333.47048498250126,26.039004590388682,0.16
-88.27266930174218,358.3517446531642,-2044.8892553496694,12.968978760343147,249.58323456276432,0.28718871729856804,126.02055360788725,34.5134395332624,0.072
-88.64848209992401,103.50403177815325,-2704.230728455028,2.9184605139232964,167.1731552884066,0.3389926358355365,291.5138930534419,12.875642275414764,0.07
-89.59042458854529,193.7592366726511,-2020.1752685899464,7.777993151952557,135.52609217432013,0.10098487608646463,123.33584932028782,26.688451097042627,0.198
-89.76591937993919,191.9964772294578,-1108.0465825926947,9.820490937564614,195.90488732691165,0.23509588026260816,149.37393117407134,27.36083542395543,0.037
-88.679403371408,146.0322934010055,-58.13707872418445,9.660920145551056,143.08027912553297,0.3612847258959868,254.025560336279,17.663650404245974,0.099
-89.84962850997093,60.89828178327127,-302.6486860896648,30.551185730353463,61.73551843719052,1.0391889655641644,0.0,66.98004152175304,0.946
-88.78702639558043,351.88436274618334,-1016.7241346828964,15.782262854315102,117.02438408923007,0.31796535306168433,266.66856321095827,39.98119071299096,0.04
-88.11356254129258,307.194187199971,-1458.5341325619877,16.795105629413033,113.20337836275574,0.2973024475385937,343.35157301166737,38.200965489800396,0.146
-88.80659906203583,179.3998901859254,-984.9501148702766,17.396547743450704,170.36305076354893,0.14566550990628985,113.17843168087316,45.5480295693615,0.204
-89.16247714020761,217.16835216625074,-1614.9103979876609,18.126263773371125,169.7416091822751,0.33247114817632156,147.9066679886203,42.46454666243424,0.051
-88.67775238495953,81.81397928147842,174.69119661110062,11.171130161251346,135.9763560109134,0.13375803709383968,260.05598063474304,32.12506583541328,0.101
-89.02931950806612,195.7633453410289,-1351.352145020064,8.792536285211538,219.7626675279693,0.3183742289715823,324.1316125475995,38.42443600264028,0.172
-88.86332810029973,250.1892479237313,-1269.0702865973815,13.668160595182774,128.09788790878304,0.3972905010337283,299.4119775109622,43.47133405850629,0.105
-88.1112168633246,185.46013021917196,-2972.6579400165347,23.568039489134726,238.14440696950234,0.3873944295435289,216.39562138751674,60.093538680785,0.042
-89.16640498817853,356.50266141057887,-1356.3478772182111,23.262381884363837,192.26063687005814,0.34007252291710144,286.36866877110936,65.570908275262,0.077
-88.07373792873456,220.08299624918143,-530.8126896280472,9.59601524311589,113.86629265469014,0.2603552272689107,152.0243902582858,28.82910087826772,0.042
-88.17983378028347,133.55053653318086,-2054.178061630836,19.678436946681114,244.81616760398032,0.302447372746222,103.43264789357295,49.04483480275712,0.295
-89.52799684390034,277.9747299417017,-1800.57626759425,10.054153369603322,153.1117763364195,0.31843251710322784,242.5041625813537,24.830325407396344,0.078
-89.76821352833718,61.366504169391135,-565.8311858130683,12.338705494352443,172.99649434089946,0.10252045728347162,303.3111677481807,41.06818684038356,0.164
-89.7085217973829,138.42569293425595,-2381.325778814443,7.2647661844580265,149.7976170192373,0.13070986628588693,208.36088484508147,34.314495364268865,0.134
-89.86537853126207,124.9052221359309,-353.7591939664653,10.183548610937665,211.97898172472884,0.27911773962365877,242.31219261218845,34.90414548161618,0.175
-89.72055837456374,155.4505542387998,-1625.7151121384816,25.4133006954968,78.66065489340824,1.151417190834065,0.0,67.94353185423675,0.973
-88.60228713050893,281.44073733434146,-1510.8545763929624,12.924211473392363,128.53221431635035,0.37267169523204924,228.50947496800856,22.16173766571932,0.221
-89.76474156792557,174.3022915788267,-2099.1027241004754,13.352825085523179,124.58855333032353,0.24689881396752336,321.0865659462292,48.40413191395099,0.263
-89.29394630244185,285.8452020957466,-897.5629916576934,2.4721777925795827,211.55255786544046,0.17733012268153653,219.53502732568083,14.42263960377903,0.093
-88.29473690915803,207.53600513035173,767.8975880235039,8.907560923672705,143.191396690378,0.2181463508792798,101.86889661714243,39.59496255203854,0.063
-89.85578332210194,123.14499647671992,-574.8022084314944,9.586850962552713,129.29107244938615,0.35523292319200095,299.9621605842877,37.83195409531983,0.295
-88.35250988308103,291.5923477260501,-1891.4282095524286,3.7085651455659487,179.919863579698,0.37815786212923475,254.4293353506265,21.279257346568038,0.261
-89.36447592793054,85.78428139911297,-291.50353160681914,12.216654117035635,222.38714025508256,0.13487049414319602,282.59833423389887,32.71813170899979,0.116
-89.67548682751885,80.77787272792638,-1453.3436367473996,7.708177097723457,149.02958442223826,0.33338819018667304,325.2718015851609,26.20754982984218,0.269
-88.57619938580811,181.62105265974088,-100.4120148579525,12.799958552435822,148.70042563811307,0.27346813546495913,171.5535590576177,26.049794295902622,0.204
-88.70500859111823,93.90572854635201,-554.6588782685097,13.215030098189345,226.74337643645276,0.27565082729934604,225.7674803167414,41.08405725033022,0.137
-88.2328031742986,3.271332582437876,-3554.5132523773864,2.4424564217735565,130.69673123962957,0.33383563656874793,250.62088733646968,2.1098875171182403,0.263
-88.50336501677262,233.38710982756854,-2003.2637063640218,8.012982175168107,196.34186285011663,0.16685340603578724,186.34779112392056,24.5325199809229,0.206
-88.37338623226879,183.99377573006328,-444.4918217316882,12.773742827608336,243.70188761756197,0.2593134903924875,311.5167880884552,43.263672674286454,0.25
-89.36413431211452,160.38641321753803,-1078.6741822839858,23.842994311567253,227.78244094082305,0.19580578463524279,274.3915449749646,61.28961301539265,0.131
-89.56286486681853,348.10866526259355,-2019.0047581662805,14.567191727957406,118.65413272916209,0.12835370349295447,283.3518959532628,31.484809650207445,0.242
-88.47383197188238,205.63170622664893,-1706.8716123950503,5.380648200825723,154.78752271862754,0.13152383366698117,302.0018170941482,14.059768915026247,0.116
-88.3670139953922,310.8353680041784,-2724.989296071504,15.990047592438524,129.93242518296628,0.14094144118754523,164.52104532789582,38.99291697426817,0.223
-88.01804023019872,50.202085033857664,-1270.6986300211167,29.075488893217607,80.74145907105807,0.911336541020966,0.0,68.54285670445346,0.934
-89.1160264138683,204.91432672659397,568.5517808126115,21.167064725890185,248.03181927109136,0.13174905951319302,293.4517148875751,56.71688357433612,0.128
-89.19316563699371,312.47266562312507,-556.0532874141395,17.475265304356203,142.8990228756053,0.2710311527770521,310.5981366627584,47.971221146183275,0.241
-88.42481537459021,209.91807262076327,552.3336009507386,19.255901754823213,203.75786627602537,0.27648911739317794,222.13445762542278,43.21803246112916,0.046
-89.25247327351927,258.48510412572057,-494.0823281680158,26.399540414286307,77.488362459257,1.0367887279164474,0.0,65.89274551574866,0.896
-88.13156108135323,133.93568441239466,-378.0165253178467,22.7562679401766,142.7152398180267,0.2879129788976543,124.54455502529262,59.1392209527387,0.158
-88.26901577149827,33.281826133343976,379.2629501960191,17.667603811176576,136.27528880493685,0.3956763522644504,313.0302397045575,47.77780847222999,0.194
-89.08491134798747,164.8441062457457,-898.1893925262189,22.68642219590085,111.56954325461925,0.10929777398225045,233.37204717816627,67.76376763008099,0.128
-88.47334497119616,142.0125807019887,-1349.7818572055041,1.1834890373593918,167.67474397181363,0.31124384099353575,248.6086804110546,15.998572871034975,0.197
-88.4663685392391,312.141665656421,-373.8739867023902,3.0226525234028117,235.9212447352603,0.107944023415913,130.36016412153063,20.884419876511704,0.216
-89.70406464921173,87.83830884689,-36.92781030249216,13.5709865064383,236.41715086788884,0.3188132733624111,250.4556329765837,46.521264799245415,0.262
-88.18514947730883,348.0243219126389,-1583.9717141697672,12.686807096505383,127.88403785126228,0.21575506276121065,110.49708752377649,39.624199708258175,0.258
-88.94002049234908,344.9297231296186,-1777.2552658720233,6.560899464867424,138.6093472739753,0.28339232961777694,330.80219166016263,20.366520535621724,0.114
-88.32973081439529,89.14739150571793,-1088.915174055296,20.258526698277095,167.1266263308347,0.19286142162650133,315.88436800064926,56.730567752859876,0.189
-89.29190575804184,125.29870397183538,-534.8009064546703,6.628635864512361,219.28743632291827,0.14773151174579474,148.57935590780616,21.25030067992259,0.236
-88.19850586585721,322.4000667145986,-561.5271610707507,6.652277439421963,195.659207694442,0.31705375542678477,248.45016651415796,18.391513158168078,0.232
-89.1605168104051,347.9839995225987,-2339.334080150079,7.150444551223851,181.9389640928303,0.37138611408102606,250.67478012571584,19.816001164778125,0.268
-89.87940846218744,159.63807702097586,329.2848536506574,4.363017850994595,192.87046379116444,0.1550747331100105,300.8581036754932,24.882780433287934,0.251
-88.1797742448034,115.55893643072321,-1712.9319435174802,26.947310072693043,80.57464048925041,0.674386796616,0.0,66.99584900902252,0.794
-89.72655531410635,189.39384477055512,-1412.0519975108634,1.5920126866332307,176.872909915687,0.14205463276136315,348.3108038942048,18.488205666107554,0.227
-89.29330408857821,247.59691429166452,-1922.1234879902559,6.116599426923141,248.88886053547796,0.3206985647648594,187.7101692836418,25.35865302201663,0.244
-88.09488226260348,98.45082553499273,958.66306874967,21.079797578051338,122.3824605714723,0.3878335474537018,131.15811295443172,53.10383162038535,0.253
-88.09384642081865,265.1303428628662,-1006.3434637696262,18.460453434287317,182.6945348688841,0.14421126452687133,243.36792998793254,48.5109643319122,0.112
-88.81046801256576,18.596648561270772,-1880.780064545252,0.9182530351525351,151.39089663203245,0.23052701402660603,290.99791851667874,14.791898452836776,0.237
-88.69950929687738,17.74601739518992,-508.86116003004327,18.824892092606365,185.58786156067424,0.20123724470751986,171.4483380764101,44.637334495478754,0.285
-89.04795350824119,139.06357385239627,-584.6913765519736,14.897844786582219,190.33462640472453,0.21654332505522947,159.05159171449722,33.34418868926314,0.078
-89.34289953377368,127.25034914185942,-1350.181618863907,35.33035562111468,73.6055086649804,0.9568953248270313,0.0,78.23513592481115,0.815
-89.27553736379717,113.62795753217482,-527.5146297732934,16.039404160683045,229.30922994352414,0.2983566797666678,288.4305729313057,44.799425073364034,0.031
-88.62221493345363,176.7671145608076,-1860.2335686646916,10.587581789314683,164.56463805431252,0.3906060893388458,150.84799193429666,27.93597716925783,0.073
-88.47048839406841,115.46408963216564,-1594.3346199594018,3.4349804288057726,182.28958277330943,0.15564385100692668,317.31765099883296,27.518044091948603,0.277
-88.39599981692089,69.2128506485131,-2808.1733236528503,4.5575663304442875,111.52997585548479,0.2629782607977641,133.6823543147898,21.321448744355017,0.047
-88.39972552869035,111.40903767189633,-2259.16086737565,3.742309045318418,220.53708422116733,0.23473784362570804,127.30995631794819,18.082055540188797,0.227
-89.7267084042075,350.9655382116846,246.10464453654868,25.71098813911922,79.93915308345379,0.6039036407280076,0.0,58.390289699112,0.951
-88.96060142106509,148.0008301181455,113.14290217785151,12.179699150164707,224.3177033656723,0.10318576974308799,321.63314823965834,38.938083360374975,0.264
-89.79063835596838,160.09659966900088,-1147.36908108083,17.6524712397473,147.1894132932444,0.39675112023012826,273.86004216480256,39.245231348110345,0.131
-88.8558951235849,207.5561963824104,130.34515775186992,27.142475999808873,89.6772993734015,1.1363442639464898,0.0,65.86380918877832,0.888
-89.06109204739059,354.00267662912154,-1328.0595892866438,11.58464142207465,131.67638454708253,0.28766189417007926,139.31273086296804,30.991634444513483,0.104
-88.21336205275924,86.97645951687468,-1394.7282420543263,24.78873764700375,247.99560636010352,0.20801576674171468,278.3691281806611,60.182123507755946,0.053
-89.23326147615106,245.26155979167618,-1154.7914812275549,12.553969117833342,154.7721744327184,0.35575800090864973,249.78680487207816,37.539304197712,0.072
-89.67757266878755,257.7544896750207,-1299.9372762588523,16.350483716404444,125.2353462817846,0.26859638353551485,346.92072776728276,36.97265581789606,0.049
-89.62831580409961,218.63679004550374,-1372.1570588481443,3.715967782517488,126.62623250760507,0.2988432808749295,291.3898654536362,9.077275501770599,0.128
-88.4531297997368,31.88820226919187,-285.2815142803579,4.448756015514816,153.44797996801134,0.29467141241820294,125.53098910211784,14.239248105592981,0.059
-88.7253856796991,243.67401929792754,-1079.8914768350376,16.88845889812988,115.27030575634683,0.20919464196931978,282.05376485265776,48.17312650654602,0.127
-89.70786691536671,23.074095973023173,-630.0145884529564,35.8459780033147,60.57028596553091,1.15057562705963,0.0,83.55762296400331,0.851
-89.7401970683815,214.6113538379629,-374.89557977813524,22.033133128149014,139.92372816850482,0.3423118678282151,340.47392474385447,52.05175962353744,0.2
-88.56815865022767,266.24922379982735,-889.4513634762133,24.655229214185404,182.70348979556212,0.18691477575529525,104.81840436855269,69.1511939299629,0.202
-89.76175028790804,75.94916062318215,-1976.2170607265912,10.079987297385802,129.70699061789082,0.35467906854331144,159.58764757949112,36.5854664140941,0.245
-88.33846588734832,302.98392271539865,-2282.292711171231,5.997957754143719,170.18001206244892,0.2825929026372479,224.74959412795621,27.213225433011253,0.022
-88.55813976840265,10.927369991881534,-1080.9754921541557,4.191950484210066,193.70836017617424,0.20611118742924342,119.76710011346486,14.762874014592883,0.24
-89.7454373167804,303.7726309169902,-1337.0050438599476,7.11726275303312,118.67999136733512,0.2782741446920869,186.01570858604964,29.396263606902565,0.067
-89.73880834323813,165.71845823139543,-1130.0868568639025,8.527824331705254,165.8249032951482,0.2936478077084313,224.30874330298087,28.75918943389005,0.11
-88.02538480084776,78.33165837539201,-1212.843231398869,4.750806571083981,152.3533349385563,0.31200502232760174,211.7333131766752,15.890288666843153,0.099
-89.18888548806338,48.16013219782848,866.8589281332538,6.396468439401568,143.65037430840877,0.3467014403521214,215.1463062668502,22.27243346806713,0.041
-89.19577992057292,343.1905803296541,-2264.1810045130705,10.246418256051589,194.6348476518295,0.14792648266539543,319.7557629848385,25.300663155573062,0.06
-88.35568082221074,26.159611529216416,-2791.9570158568995,13.317501097472917,192.39587800715702,0.383243315430585,226.3227183913295,33.067579176078965,0.287
-88.10022770297067,71.67363117693324,-934.0985331843123,15.624508686256107,198.2979729348771,0.22325218432825328,335.2617127064742,35.528138666456975,0.184
-88.02659797873655,125.21604507589655,-1501.1380436705563,11.8507462755704,132.243573860553,0.3581350895129133,136.9329201910197,38.48426320039952,0.147
-88.46858144800801,223.28454562600336,-947.145704216039,6.18556913657243,149.99929428072588,0.16614387861033558,170.0640218765086,22.016509168707383,0.23
-89.18510678749126,196.12839069939542,-732.8935821727991,7.633586432655207,139.35502891931102,0.10870869166141445,264.1289437984834,20.559178673567743,0.246
-89.74134863827254,45.23165726843303,-172.7162438568821,6.246913915982066,185.67050469969786,0.27200321308685527,170.78064547557037,25.080699478383032,0.042
-88.42342085973787,104.30207414575726,-2405.780656307151,2.2754936231299485,174.5491964893463,0.1973998837217317,186.8190173535129,14.558503828282822,0.225
-88.83903192550197,85.95063759096867,-1645.3743182857304,16.66066748278604,156.241123262985,0.3953386014843848,325.25704950189777,48.57386237190569,0.28
-89.09397818243075,76.8754276165229,-856.9909928953889,21.09287396693694,220.04207324158062,0.1313360364146149,234.63979370125827,52.852431478523854,0.18
-88.17792666832,148.01196113279534,-583.6291234502188,21.385710670599394,123.15632421717359,0.11419085980105653,183.6651889898293,45.58548288520601,0.188
-89.68872478361831,253.45132293299648,554.7596402307086,19.5695273612782,246.48553642578992,0.11350534556593998,294.1779444727282,46.65533640922642,0.262
-88.96401230184738,78.28305559820494,-435.4368231089063,10.664742645475117,126.31617089414462,0.16506210856713838,117.6661885125508,25.543510861177158,0.207
-89.87842807494191,132.00439669307332,-1245.4308767090217,6.780444345241033,218.22991375957173,0.2737573349096015,240.91565255155314,26.37592821346599,0.299
-89.00954478021116,140.7302736628184,-1912.3486023541293,4.528972463329337,161.55222648251646,0.25166901209340753,124.91743053664308,24.480249110666556,0.092
-89.79302377620452,351.52435059674764,-1651.4318821752154,3.074989166017506,231.13671207845277,0.20502274145006846,144.21270051234148,8.430071799641018,0.255
-89.67424595909067,343.6798884764648,-1674.1622583656851,21.918537005078576,120.38379282978269,0.1266379322250728,115.61136357237584,53.21459374161666,0.188
-89.67670013112351,288.04952979074733,-675.8130971889915,10.252889620700255,162.4610394269273,0.17012112843829566,325.42075719570016,36.26953369684183,0.116
-88.66650042597948,86.99721149490667,-994.4020435313356,0.4634029362087375,156.9620769100331,0.15524411943541508,112.05111469195913,3.1312920007291565,0.266
-88.4825147293957,24.493433073001086,-2258.9196566737432,3.735086242897653,249.04198535157494,0.32370005114681455,229.10411198504676,15.295093365446018,0.299
-88.7915993463154,114.08548957942492,-1548.7211752723465,3.3302654356744785,247.97685928454757,0.33398391490039425,156.2443504960247,16.65938237780179,0.027
-88.07187215789837,96.0460377961791,-497.9619572388634,12.430244850151269,136.57255421329432,0.33310420391854595,195.8971584243069,40.19770762386137,0.278
-89.18774589890496,182.1332880527018,-918.6701160207529,22.67467851070686,198.19257449776745,0.39071216332424463,223.41404616995763,58.07280318287065,0.069
-89.35714703606448,279.9820476244055,-745.0843071897837,8.520104504044168,184.97271878753162,0.36527138390020963,212.5150353209438,30.78538299747469,0.07
-88.24966165644003,308.99625799638886,-893.6626319541896,10.525335147836493,131.61228877370343,0.24934142415355148,287.021797467943,34.06297019998546,0.022
-89.47516790681304,304.1510707477831,101.14458768708755,10.108196648410798,133.48915885461923,0.22448080627274958,327.97083156403147,28.350735828409693,0.277
-88.06987717506284,129.4832020403044,-1011.165548940504,10.438060999028043,248.49524198713766,0.3747305553128386,175.0680535211747,39.09315768679596,0.23
-89.87690649808935,247.40436364584585,-1508.8182382965583,9.750797690644783,173.38219910693059,0.28336757561444403,106.13512428901473,26.14704933968453,0.026
-88.05723022925548,112.6203111087192,-1932.6040329068485,5.725388335242982,127.6121808800103,0.1883196001076786,323.48635893495816,7.558723190689058,0.194
-89.81799616729391,21.925995564665776,-1000.3124334322306,14.174390807258423,140.0706054234956,0.26933920831455027,344.6960164248485,29.346076337177813,0.045
-88.20682808397366,252.56349561705923,-3152.5632118200674,12.661411151490018,147.56872941479696,0.39764482680883795,208.33779359321613,34.738367731872465,0.228
-88.89736789273603,3.5379189251236243,-1347.4312014661696,11.75169685873353,181.5284168646067,0.35484101804570867,213.947219337307,31.845669974607052,0.129
-88.01336688737332,147.30573148505587,-1364.671887937075,16.12641361442966,156.9767381308833,0.18438391481786248,136.03902762156875,39.571004605098096,0.025
-89.75978652700275,118.57653694874726,-2291.576682893825,7.701671768521464,173.70165002458893,0.38588632777516507,218.88086252399626,26.15436543122463,0.251
-88.84767685963749,249.61591386678688,-1942.6126709247967,7.1341433029934676,133.30993715419078,0.39443863344373487,175.83730899524346,30.27042629189019,0.176
-88.05832518232371,275.8483701937364,-552.273975881407,25.801232895854,93.77963190260071,0.7166774926393689,0.0,63.87260663981458,0.842
-88.90611409607672,109.47406894966218,-1015.43060074003,17.59355409715436,119.84432298048557,0.36867763555040245,146.21199105166096,48.42985921218303,0.206
-88.704142587543,292.18572520014726,-1118.569333034138,20.269460609427995,234.55943828661884,0.36496081530964963,194.6466830031145,45.139983332655405,0.136
-88.57807749092923,105.81003378177616,-954.9219728543819,24.261045853340683,137.82534680360095,0.11192607197021219,254.12549549965092,55.924845760425924,0.213
-89.03637197694124,160.67748959516203,-1125.897929640861,17.259441806248,215.96601896002343,0.3009067579185062,186.2808879555996,48.02066225478134,0.014
-88.70763964784028,261.72666972508824,-205.70994971334835,21.28388679136171,158.93725034846844,0.19158421390935082,218.60588476300683,53.107833882479326,0.109
-88.7898028073461,249.45128252092388,-1101.256654637081,3.793451620702603,176.41562465157108,0.30238378794756277,343.3709083102191,19.972213899181675,0.236
-88.18779978006712,355.452650032392,-2366.5704910550003,14.041538719960272,150.77654552457176,0.3740676082570731,227.01784401269956,41.15169683665379,0.231
-89.81365187735123,81.05796871773548,104.10397189952823,10.172815381856726,207.5017779550318,0.24963377439685555,327.5801096184544,31.176581118869414,0.267
-89.36616993977476,238.43444887424965,-903.7277861369234,28.776840908998093,88.02512506003478,0.6327417467008524,0.0,75.46321270127451,0.944
-88.09421818025454,219.48548697927987,-1671.402984636054,21.276455318033,150.07782586354233,0.37645938135622525,129.95458597545894,49.89523036169378,0.283
-88.20849881060725,329.4354436164108,-2202.721374636015,5.695548092068202,143.91047011290294,0.39223447532155986,336.1278986882793,17.295638158568178,0.172
-89.03425216970714,56.29037099215502,-883.2686232335636,15.727941585292058,205.40163716494556,0.11867089833814082,132.18277792202372,32.63103915326174,0.155
-88.72174806417708,270.6473388912959,-1293.7376039795004,13.676813334492397,137.32142847948091,0.3768544207444622,284.1377988477594,41.09664312398779,0.067
-89.37297575233585,204.5767018567566,59.31742882592698,16.543314331522286,199.57756718536814,0.12483056005656666,211.50090103803737,40.23635735538886,0.236
-89.54256979652486,98.87971312364596,-1476.7258245334624,1.8115753062534807,123.21993115710897,0.20118586401507693,201.68708229998884,19.953180209988204,0.211
-89.01897303061403,170.79656909298268,-1869.9046317459733,15.600164652382253,196.8192023944962,0.32877223672909806,264.8050660690197,42.4400915356404,0.144
-89.2286307667505,120.1595749451272,-483.36302541125724,9.718486507117657,181.87694276146064,0.33311109458190863,281.90020631470696,27.742808694379093,0.035
-88.79105338748334,208.55282500384592,-459.77448582653494,14.824497640556004,125.94680018068317,0.31774656720374994,332.99232007142655,34.37580620146974,0.046
-89.75230418976653,320.0402198932797,-1065.0789059118435,4.756148348778302,200.87450888104397,0.11173374641832051,164.22137221879862,23.74485463326171,0.043
-88.04864986543429,204.94979438839272,-658.9143618600733,6.149368286034005,172.51800198477062,0.139889814407228,274.52009441535415,22.029299434346363,0.119
-88.02619958548875,227.42007059757026,-1230.1496965937904,23.738420203667026,140.396107114392,0.38086494946592464,185.57145441816442,58.81585158912413,0.056
-88.57349274336248,186.7492249612954,-1012.9079191926024,1.48452441659839,159.47378179830483,0.12443841651876725,279.40243622074433,15.99125552265366,0.26
-88.88141690394617,18.419582320371326,-268.0072939488616,2.2224559895795153,178.89429478945016,0.123563775091935,135.5290314800943,15.77367681572999,0.271
-89.31189752905598,83.82908047539392,-699.7453327827975,11.484187427844219,122.81759181701348,0.35069378132736106,214.38563743263236,28.719282971680602,0.258
-88.3537894625568,177.1206225955498,-1335.4195506660997,4.281096248140454,244.0653276379696,0.2923797259668659,145.90743191908086,21.168532669687092,0.187
-88.59901077214764,111.68470214809372,-118.10996325907945,3.149713677372013,203.17870186969697,0.20549681675355388,184.11155744316932,20.4004310636225,0.183
-89.59102781524471,65.43489519402992,-3091.88429823321,13.05075971208295,124.35489738027744,0.14971314612148792,278.907351865618,37.902664605081576,0.268
-88.1692383494617,181.4878230906378,441.65864913754785,3.050658569037047,225.20070580598434,0.3652511259678445,158.33746236899137,19.263059005663447,0.128
-88.33717923844598,116.21152564122612,-2564.767275912588,1.920377650863621,155.15769033246036,0.39656132728855364,271.22097595424697,17.468476867850576,0.028
-88.09538016474535,92.9187515424293,-1701.6742598178369,32.54095582923644,87.48626106341493,1.1494640153956621,0.0,73.10159739049139,0.809
-88.52113293406212,167.03475027853708,-1232.7340281560553,16.59475058969009,148.79999782114027,0.26623401462706053,123.00913926415326,41.02171474119035,0.171
-88.734511127722,47.98233290958233,-1317.184536582529,4.534366477300889,212.676832288045,0.17839107547174454,196.67367130403352,30.202667792224066,0.169
-89.10533823104782,333.98846390714664,-394.87116797875626,16.18215078266197,211.2212565000143,0.34971605006491124,317.3015507400629,48.993101381995814,0.056
-88.12781588162737,312.37275525092605,-2046.2692948881875,17.673304769866295,187.28608396213852,0.20382192753244174,347.3227244890868,45.10558010392008,0.237
-88.25447860994923,254.7434108665927,-991.3865460135495,21.944144200902386,143.72958294602094,0.314388786755902,192.23027432943957,57.30243318078107,0.222
-89.81408452679824,38.23697793184424,-1662.5696785758032,10.728439705432695,145.51853305170036,0.2618570264578831,113.71868280467444,26.76845525666747,0.077
-89.84990274845522,279.3158116090895,-963.8872165300667,21.764977027728893,163.60079153729203,0.2624570144784911,132.54694357652698,50.53554774328158,0.17
-89.18471960293171,290.8646381192468,-1251.8178078383012,8.384465248821726,130.30170343547994,0.3573998293541265,297.0371034861098,20.53438223962877,0.239
-88.35994867151452,276.39526237716154,-1125.6514778536177,1.4369186952424684,157.2717998467293,0.2411213277773693,263.9467682974196,14.302144298483801,0.012
-88.0241753543016,41.02771936292682,-1639.9398659714766,13.638714017364558,205.80964417476375,0.3536798602433442,171.25299980546032,38.764253875775395,0.09
-89.6142079069033,231.8068645443953,-1608.051160076866,15.296335328077916,226.31833920831897,0.20902804841127265,197.82464067685342,46.01180118283138,0.147
-88.77115164083095,300.3569264697835,-970.1819887780584,2.882177123313582,156.5615206690706,0.1524348827392915,302.78755781139296,14.704184575009387,0.255
-89.17630737240107,207.84722443908038,-445.02759539516455,14.594199912631591,142.70263615561095,0.23664321329698457,203.27748673946707,44.521339355799256,0.242
-88.05716264415226,232.70665508211204,-1678.623467358278,5.761597513127396,226.5699609669188,0.2495067344131067,288.9433029590235,24.787761667880822,0.054
-88.29997404604215,165.01085259347022,-1895.0140356583279,9.230409057728345,234.69856383402896,0.24351495929133746,173.80142534589146,40.75697414154475,0.144
-88.30717546104884,190.33463515825895,-709.2318674625303,22.24773800665011,167.403013263689,0.3424991235637847,281.20294964874427,62.83105588763289,0.098
-89.00948299638956,12.375669006621077,-1226.0031144461516,21.089374968886,113.76658153894874,0.26940368243802915,216.5993607763586,59.63953357647311,0.126
-89.11184294555844,230.02668791038246,-535.6014928112385,2.0293967263673753,207.29462692518126,0.3665332215276409,236.33857041510123,18.237206536095904,0.167
-89.38052656333166,29.32099664081731,-1924.637770696918,1.4274853797989664,219.76465306563813,0.25425564847478266,249.68327808759247,8.383843816267358,0.155
-89.79288655636324,156.60525396248042,-2623.5511403387445,7.888266044466837,112.52339544302163,0.1674145248646013,212.6436736249264,27.240502176092633,0.051
-88.2570274851154,105.35583516026682,-1626.4032654610673,11.732536988270748,193.30431946781187,0.1388487520788258,216.53390492429867,44.70285009539835,0.045
-88.35548808265285,196.3540620762167,-1813.0820874120127,5.421015114252591,192.3716261541845,0.3605088462833863,166.427155173156,23.3768039354012,0.048
-88.00053642075635,48.02988078835455,-1263.0307200642399,22.40642442799668,163.01910722470797,0.11685183967066352,346.4410945276418,50.703956038182,0.254
-88.00639000955958,248.99162471039455,-1709.4761714163117,15.473898417085552,214.96742561911728,0.1352828835759287,326.45376401219715,42.6276441736777,0.016
-88.84467975935502,286.20415329424935,-607.1864389308406,16.06085109874429,169.9450653360105,0.11909755567529233,231.84570690469636,37.17367802711454,0.069
-88.43892391115703,58.80760190753634,-1430.520209938013,0.6653882894497176,204.748633250791,0.2271202591545461,108.65735313912239,7.049805585465472,0.287
-88.1049451132234,37.55271144667758,-1079.6204009808791,23.6729071738378,182.39642264892126,0.25978468491807805,142.1069927137471,59.41031065811488,0.029
-88.28566995771291,52.3855738034493,-1073.892353247245,16.201688222406908,144.78504465839814,0.10596241930678023,313.48380285902755,46.10110606755079,0.021
-89.43003860668793,315.7659222834606,-1044.03592607025,20.34055451849369,194.91012082141845,0.2546758500674813,332.7030182699409,46.69149918645071,0.122
-89.04396614291082,190.1481342322882,-1219.3032883639787,21.34311737670771,213.16718927841782,0.21812784138718783,140.32302614361083,49.888452412304545,0.054
-89.65459711121217,168.21395856270092,-791.5194476717492,7.675988127220385,246.3467942811805,0.3320935547367695,283.629664089199,18.22010079859986,0.174
-88.08730304820843,38.41625487684754,-1836.5241070606462,24.72910217247424,163.2152525523379,0.348986986523867,255.75582739400744,58.81173429226845,0.108
-88.74826819454333,233.84016243250625,-80.46565867689355,11.369024470456536,119.02615625328916,0.30549023091586164,175.84624248778061,23.00791234660881,0.071
-89.46557866954342,312.47985308223235,-1389.229906694828,12.62431703327443,248.31597097098927,0.2420486605949872,209.02285090668153,33.75290905825745,0.3
-88.62376869962887,298.1469129564431,-2249.239310318945,15.395287874042163,197.3329323195751,0.16484457851259646,269.3173568438807,41.18846085123238,0.109
-88.72555634313,225.37969523308846,-1049.5413144065815,43.86574911811055,84.97346215161832,1.1259646412771152,0.0,88.952551316191,0.836
-89.2194908357376,27.100337994602505,-1880.944385957988,25.444339080830044,76.30644028688347,0.8041254728239005,0.0,55.852388576467156,0.76
-89.6842405748207,40.462929783364665,-667.7323723929,19.01131200712918,157.88473758186407,0.20688756615848478,108.32874306727294,47.72216562595992,0.277
-88.62401092837368,17.751235359536885,567.684460833902,2.8719551339880507,128.7511378421814,0.37480346415611354,325.5504313533275,14.761025332724017,0.129
-88.91141536828279,92.69251793728895,-1829.25767324628,13.435898254794921,226.97142164148832,0.3926791766793739,243.47404738385532,36.11998187204714,0.293
-88.4325950557023,48.83812817773599,-934.1021334208122,3.868759061536135,233.24798380010424,0.36943928691535133,230.85685895218074,19.177582603922566,0.22
-88.91168934788722,93.6172944908762,-2604.404470963702,20.221108472828128,180.18363798250286,0.3994704170683244,276.5601601541266,42.083802378478595,0.179
-88.28085514939477,138.6209000588262,-836.8758164469223,13.404669757348568,136.12487047268428,0.3606726531704433,347.08755592136686,40.35263985107413,0.211
-88.85137700632848,339.47380226560887,-1908.5710398397518,0.7547832038610469,127.7966556655592,0.31130725528602454,143.05932210929845,9.91592929091184,0.114
-88.83421785408277,219.73538152140915,-1699.867694747586,12.81124583418503,192.34297541122896,0.18814581987144186,133.27650438266863,32.641505157931604,0.133
-88.23435815494915,300.59056284586643,-2081.029191871862,3.5058253028369446,180.8926854419421,0.38588711466996295,173.69771622749118,7.687373247220863,0.18
-89.13338255419644,255.7265402564396,-614.2790191562116,13.51216221337547,207.27047433147345,0.3629880494841261,325.9860399425099,35.68643858591305,0.105
-89.64537106594379,40.501126989587426,-394.15651402138997,3.4092268363474343,152.72901676679876,0.17222403772469597,202.86515286021535,19.378604955586393,0.233
-89.84531291500465,264.93134629462156,-1181.291828273194,12.274876333608129,166.33151930341072,0.24674874197254812,298.3741895343024,35.257613344379095,0.083
-88.46523921422012,99.0355973612848,-1891.5413642685758,19.504698619350947,112.99055033916203,0.12101669818766506,150.73203996688096,49.86346151003935,0.241
-88.72141185242842,230.07882491809428,71.61842888308979,11.469480080748939,195.42002631057406,0.3859926589801652,223.40136059003072,31.243741841096735,0.054
-88.56224844061148,122.74631051147587,-1800.328102203725,8.091117328276113,169.2400929885069,0.2718304983164368,131.86763478661504,25.879492047189235,0.073
-89.49536809313308,359.1620147752773,-2929.625839941951,14.032762210574626,238.7670487338827,0.17356016377844963,203.22460000768228,32.52821778056691,0.228
-89.64089419638515,94.87853261884001,-833.2887920343453,18.97182620792853,199.85008167867267,0.18771979408716272,165.57049171543602,47.91982222239211,0.086
-89.87236513523104,100.48696947873708,-2083.8197389132133,0.9281673011823948,165.81722880295712,0.3941969117889579,237.35789896155097,9.40082700898012,0.241
-89.23388363826747,335.04201200246337,-409.11296520066026,14.606561547052026,146.90248532226906,0.28468428754125935,295.1015532687983,33.58912708723381,0.237
-88.7791563949762,8.87198566907616,-1504.9101573387352,25.175408190173997,52.82627041576297,1.0096790700952718,0.0,64.12441257677528,0.785
-89.15473631431051,250.8080356343509,-717.0294075646431,17.73656963276715,112.27711037644205,0.24995363853566147,170.96069531622226,37.59813878957436,0.031
-89.06879764815491,261.1175006649161,-78.79972275827367,12.577541466672278,155.7677454153349,0.12956502171320303,285.7829239273352,37.77651092757341,0.058
-88.18209848046187,301.09628786774374,-2167.0870916965778,18.397375066988946,242.0907817303249,0.12250682802186282,321.3980843205081,49.73049084665994,0.228
-89.23831461265573,350.7981518298511,-1652.7497047139245,16.524964561026824,201.56462097742036,0.2778123229901155,131.21296926258248,40.4137349716346,0.256
-88.92341997059636,351.2166908963949,-1260.5368581256507,19.53601109159814,184.58066997966188,0.253601210932095,246.4830570263039,54.224067004218924,0.121
-88.41105927579183,23.499632723927,30.04105522747477,8.239316109829446,138.49486050885983,0.20774595739103235,252.96157714961754,23.736931659233832,0.058
-89.14656871358959,295.8621561910449,-1726.7061743523564,3.5345613366326525,226.6724683956142,0.2698341857534094,168.09627557565955,14.013342565701805,0.032
-88.71803526956704,232.67157611665726,-1675.6029567592059,22.04829149483237,138.58786876298865,0.12180278483115169,105.628639902298,48.09480679203731,0.073
-88.26150895338118,233.0431683743128,-817.4875395553534,3.0527917616144062,144.755494412975,0.383197351429464,164.1757366209273,16.063366280516505,0.294
-88.09591081505047,46.205973581290124,-1661.7829805684569,16.01538635719205,136.85916000205972,0.18811350633526658,246.18365181031464,37.23748399729167,0.059
-89.62056038623483,234.0673799204352,-1077.9792936819067,8.479503439677083,132.1409244797331,0.12153363720159968,149.11067810336698,23.00077566494497,0.035
-88.13948351219317,353.6937290164492,-2441.2299367745013,2.038107544040031,243.4637494370324,0.15085128177223123,171.83629490203336,13.749344047629384,0.238
-88.96497904314889,328.2546850342009,571.4639540452772,15.496497571474736,194.28442345978317,0.12864217434475506,276.9806150228203,40.875458233137124,0.188
-89.40933566223198,158.0870378897462,-2278.167384247523,14.010335037165706,199.29719848141315,0.15358135130790437,199.57889789268916,44.30033823324924,0.165
-89.02764206314731,14.381270382993963,-1457.4021631921667,33.10342652096378,52.467962466768235,0.9332704513612458,0.0,80.86201730197936,0.908
-88.0379381069576,130.42565640007373,-1225.9848286736758,5.7518879546411075,142.28050771757876,0.32141526818065624,199.7914710550429,24.258737116121885,0.214
-88.96402562141355,297.5005121761999,330.1505074854365,26.401101200691738,84.47323386956091,1.0053867815264304,0.0,62.06945431617884,0.79
-89.27537194045374,252.53967652745976,-2259.8766247461917,15.524229143843145,193.84371093984078,0.23077798658249318,165.2628847083521,39.02837851678841,0.133
-88.69653837679823,165.3637160138243,386.96330838300105,5.389781184572876,181.0982794513822,0.37862718636647097,166.3141321125458,20.64659975244937,0.078
-89.44372332432144,19.836552657179194,-594.2585431183819,19.992464575172452,176.8710528357612,0.18874652179779267,142.47160366485056,47.2035173670223,0.254
-89.75585967659354,153.68210201638894,-866.3237404614032,17.657385044539513,118.66322957446788,0.33841592597941295,167.90934567530036,41.81011906570052,0.058
-89.65512852836977,168.84897829843806,-1987.7069496143645,12.358432948580493,173.62088132046983,0.14734506174470993,243.68832585362827,34.3229001600034,0.165
-89.65671290598024,334.27999184188894,-743.0870063695411,14.662953564406234,150.25833911269785,0.1534965238771743,341.1505330044815,34.93398915820539,0.211
-89.61138488232665,230.7909972895774,-1778.7892979358398,6.030129689544683,148.43905481140382,0.23684586204287972,251.92381806813705,17.975632216892997,0.195
-89.63622837196613,112.1950499956736,-186.67099744127017,3.742128747454931,141.133421225073,0.1702306751399159,202.4618980694421,22.25862793973348,0.189
-88.6823379848739,189.1145752022597,-1976.8496232861864,19.59442173822583,156.5539703656399,0.3709084221382781,197.4084072684443,42.29044801666455,0.202
-89.55442783964163,23.779910815977626,-1290.5267955648671,9.76060575686726,159.43863052007774,0.11522568733704334,106.05647115284691,24.322323489377947,0.264
-89.24323216168466,350.12456483390525,-1644.2184704105373,11.199170017509076,153.22860869067966,0.2791817698431519,100.63557554997506,38.76470916761814,0.116
-88.19610202117858,129.62156469506135,-1990.0183699415957,14.798215959442771,247.02538020073126,0.281268818844856,299.2983867448827,37.635735870701865,0.192
-88.99947288350054,172.0322477687289,-606.9441464736686,14.652883447838082,240.5823519713282,0.11980777825583432,222.54016562868816,46.18589695937504,0.212
-88.63164029681005,127.90223072529213,-771.6330020722933,2.2932647097406473,190.4314139334807,0.3197692644612674,108.3023532582908,8.749703815356076,0.181
-89.5725922447169,245.70422284183206,-232.79184087920225,24.862520864548586,247.34767737744338,0.24066926335365882,171.50676119759095,60.093952582861334,0.272
-89.53465086426353,238.4035769986535,-2623.900086566534,13.211821519006783,248.7677214446866,0.3169220120484426,189.17047096904963,40.28277912000705,0.2
-89.8223496290937,257.51603179048885,-348.6634381271649,9.973467371778506,159.83155940242236,0.34807749578052105,295.82222249597027,25.417077069382607,0.133
-89.5790233801629,96.5315626602915,804.359124285515,16.308460051697466,172.32625640356423,0.19686980559720818,208.59667579985012,50.988584181957236,0.255
-89.37067835583929,113.64065321906375,-1561.3128713415576,14.36542193614863,244.26864877785317,0.24534576488064633,297.32504370654874,36.77909495744099,0.152
-89.56368007987419,45.09044319463486,316.11888968717585,19.67062689489702,195.20766790181614,0.17822823393040343,258.4335127171987,51.88670354459773,0.164
-89.7314651858616,235.98358986460053,-1410.5290176478613,17.379836721509413,139.81007159721815,0.16045403905670053,108.2840516040249,41.36940038009631,0.179
-89.67079184490886,14.326965840834918,-2297.9277900490456,19.178462289962667,206.51329356711005,0.10017842741279723,342.1721760174129,55.814993828788275,0.104
-89.02452034073782,215.16564078844527,-1444.5059539254364,25.50993905727516,94.32381953439088,1.081588055635692,0.0,62.53667666598025,0.88
-89.507965935029,313.0905185465882,-361.4368258597792,20.836245489709718,157.5100841140584,0.2322785407988945,168.90489042702293,62.15889048255581,0.038
-89.20788726400866,320.6995733842681,-1870.541185865225,10.395137796714373,141.8584228333492,0.10392093191766222,302.3235071303312,36.685635649852514,0.262
-88.94350718537578,161.6535937331862,-1680.2709272051898,0.7709884392316724,144.2972302307379,0.10268157327041445,147.45996602186497,15.727141346925542,0.229
-88.58824982560421,165.34932775670654,-725.1684541654473,28.67797933004515,54.53568716668651,1.0294964021915782,0.0,62.58037344644387,0.856
-89.82530693430192,27.70890588288625,-1197.5519066091417,9.622766266528874,233.29923650792324,0.10418130361303553,316.24780453832454,29.66480310280953,0.076
-88.38112024207283,241.47540915949287,-732.3016380106073,7.268925866394777,151.43866933861113,0.2123543852975645,259.31806905041833,22.9544651465567,0.122
-88.70698925996727,295.65339133422435,-1009.7363673933313,5.367268177644391,122.09241313319123,0.11888155043168436,175.52014987158614,20.86567264748482,0.243
-89.74465783929715,88.0758196576967,-816.2997443587417,15.384731053121115,122.17823679535239,0.11177547734509292,261.0124303814446,41.50806599625136,0.019
-88.24020061419712,151.66831738801127,-1545.8409486476328,13.488866039537701,187.8425587045333,0.30081441822236504,303.15611888437513,32.47424472958212,0.146
-88.15034243898955,301.9821612354973,-1014.615246375686,3.151149362494806,249.0088770747512,0.37205238683286546,200.97232064946354,15.519486423289049,0.084
-89.78395187627576,315.7633683584237,-1941.8984045567468,16.53274042133176,130.30314541782684,0.2228159749906838,242.91867111903667,42.583536687685125,0.264
-89.37393246852032,87.54479289512133,-169.25310199728915,7.01808079298561,123.94704933295232,0.3510311290827798,346.98192121301514,18.985019541535465,0.13
-88.36821756839319,198.20542843489113,-1707.4197734538511,38.90315007288694,64.88585277278884,0.8262551026950495,0.0,91.80838606228484,0.911
-88.47830658827105,69.29753422889775,-296.9220099604885,6.306388079091318,188.86637553771135,0.3333070167910548,227.25932798431944,23.72520222456437,0.114
-89.5494100632229,36.67635509024036,-1386.8855687862924,7.648066678022068,151.21325024291167,0.11883999769686729,124.03531412769993,29.362399405634775,0.106
-89.50223628566026,328.00338050110474,-1038.400791394143,3.2522377574563226,152.3530929519413,0.3515318269592055,275.1705222033759,18.940568216338143,0.105
-89.19610300469638,295.3827015235593,-1595.9716407125607,24.77876521041972,169.42671025885292,0.36470990346161924,167.1551967700496,50.989402976446804,0.207
-88.97940632813706,273.6125646491426,-2012.7963449344234,8.272242055352468,153.98038612108485,0.3357921527146943,267.3687320355482,22.377958331108694,0.29
-88.72531593409244,17.55587477273055,-2595.8083100842414,4.7508584623450325,238.14642169959234,0.3462247073233867,187.93889955454915,27.76777349953287,0.07
-89.19906408481744,303.7423653756927,-2044.2593268739677,19.069550099205426,115.87363998068805,0.2684453698996957,279.6896096204912,52.06454570217715,0.197
-89.02118403934702,157.69586732593814,-1459.1270825727374,1.803529354131852,142.83982238183845,0.1794654827747956,191.83063957096596,5.498862532356734,0.087
-88.47980521754586,123.26224438650947,-1030.4966569368928,18.251105462489473,223.19739147183898,0.29296930079829003,335.2988193448883,48.85226608762138,0.169
-89.83030191450787,196.7314899691355,-391.6965493733892,29.813997166008576,48.08158977703069,1.127566574449148,0.0,65.46841972561347,0.878
-89.42036980574636,32.8871673804801,-1556.605967837479,17.666078328350892,125.61771105498816,0.1016009682757138,117.1012092805557,34.84970921544996,0.141
-88.54463578681936,272.39275776686355,-1905.5686114137393,18.378983162599248,246.32688300178035,0.24304771193045052,295.2997743124878,55.04401133460841,0.155
-88.19910700839432,209.67662767978652,-2354.1718288021702,20.700602169074838,207.06967898587524,0.2953563773651637,200.331490031354,51.77783342788423,0.265
-88.92781285998024,67.17243487434031,-815.949105676717,29.097080286755187,71.6428518308685,0.6595926388690599,0.0,69.27905247841227,0.798
-88.8889843779959,67.76359191685641,-93.44438773652541,24.098939600191045,173.84530107402364,0.28640810083244733,333.4543150547728,51.91402361285531,0.251
-89.69637317845444,66.32951456616271,-186.93578563496908,16.39669722273024,151.59940673951542,0.2957595718650569,247.4801794862212,37.02770696380453,0.144
-89.04991650303543,20.520859518696234,-632.0538014822101,21.038914006360013,131.00311497961872,0.14743227347166904,265.0426620682621,44.11964203572008,0.107
-88.88802719373545,211.60744177380653,-689.1653461859207,3.1406507453488928,150.76492906484813,0.22932225554695287,104.8664816018428,23.366181899165767,0.061
-89.43930604309402,302.5253439318629,158.09902376747277,19.76293590747322,191.21287124854658,0.38929978026673984,267.6286017798675,41.309228593260215,0.246
-89.38843786119618,6.299357035459896,-934.3348308665516,1.9444402881625233,225.63575727696562,0.3652567683399348,197.08823398307362,21.97280541792885,0.182
-89.18316009010123,17.64167218965848,-683.0962591806627,8.329775813683733,160.8940704845408,0.22324642685747587,215.0536156309437,21.72573285320057,0.221
-89.86186472422233,206.1972996073005,-1456.6270894815993,18.825621751432376,158.70621567669784,0.20495388040724669,302.01252975019884,41.51184723566562,0.101
-89.28804958539196,295.01844673897887,-2289.634696683806,16.014296593674622,175.52009815138518,0.13722420429305682,230.9483981704572,41.75173150248365,0.124
-89.49824878670657,117.6260006047081,-1747.079120399661,5.561279888916474,200.2377839950085,0.11055672536204794,346.7177023878643,17.701512919419628,0.275
-89.27775503086197,125.86118357077997,-1207.3272308277242,23.111452152044627,215.2262767405233,0.18923883323262364,299.2027822015217,56.70938199611963,0.289
-89.67245194954343,214.68473909883934,-1151.3717019989576,15.901926106054027,155.75193067192635,0.3820850041246716,282.1478870626481,37.41806957514065,0.225
-88.2079981665942,98.71664008469291,341.02868388431443,23.240958947016253,192.08934549551947,0.3875840354001002,247.1716642910093,54.91450414547034,0.227
-88.77217433824731,9.579011787966287,-1134.978265927145,1.1640345532746217,164.51051777932355,0.34375580217288293,203.09918046613708,8.536103237602571,0.211
-88.60970559362548,264.6822665165746,-256.92524477948507,22.383860371596327,210.29597905087402,0.20524744405595788,113.21808341144323,59.07384936052422,0.18
-88.40057464664606,225.23396865892312,-1548.0617932610528,33.05856344363327,89.51190763093336,0.692722802215772,0.0,78.68024184421891,0.982
-88.9529598220348,209.07215966003727,-1449.3407086121874,19.641582999318942,145.96948110718145,0.2786600426817038,111.68969163053715,50.52176210583306,0.29
-89.7348514526339,267.0062864370563,-2263.2061097787587,19.903490086922886,169.64845877798496,0.29395150216185445,339.70909597778984,55.074717288351636,0.228
-88.87949757054476,243.0831015223335,-1793.8624103012576,13.69597676394935,234.51807058899146,0.22737207077368124,180.8030287155228,38.707851149505316,0.2
-88.78500187576033,74.11751574419561,-778.4148869089975,6.753312194346357,190.26561050909663,0.3074940386675921,275.15237058339034,24.400621498340474,0.065
-88.48366499904978,126.89317689960642,-1193.9518556846933,19.611923727015085,245.15545665739762,0.3240045656955206,248.5786510778427,48.62407882810696,0.293
-89.0798468621636,45.399651004305,-445.64910408221306,3.0608291040206836,124.45887593935174,0.33491849907243404,242.9169273594341,12.540417467046826,0.161
-89.65759742468843,46.74852483043717,-1054.9968413239599,7.822448750791836,174.42455791113088,0.2506894334072522,244.810390972773,22.074685724403015,0.284
-89.36082577898243,243.43046868835413,-1481.9629853101935,5.71056802337182,168.67099420635378,0.33749223326792005,175.57395584264253,22.156740250971524,0.217
-89.2101436368426,309.09603851369934,518.6374910295672,4.963436226849171,194.02886469683557,0.10764292788083704,321.6331363745606,25.01640641520362,0.022
-88.67275724146997,346.58373019001004,-1275.1228549704379,18.42045091893561,223.67504521906096,0.30412131002166093,329.80155668759176,49.692720557720946,0.166
-88.81552122112907,226.20496231779998,-269.59922423575676,17.053933762204633,227.8027235816284,0.17069018711514397,261.1314463141905,46.930958333262026,0.269
-89.22341622079409,66.27647640994451,-1520.9673652357421,12.509136955354727,203.82724521877117,0.18115608750629597,315.98730524658134,29.487493264526588,0.025
-88.02562102729334,38.034124361615056,-632.3204164931468,13.704009940620107,199.8150909943775,0.1273905119820197,114.99525422989883,40.02217919407355,0.261
-88.74902784322191,292.62634975323283,-457.58747267865056,6.858646178642093,242.86413588627306,0.1577176790779538,125.09781268916552,21.721255062030433,0.188
-89.44926909570161,208.35233148959975,-1033.2064235395355,8.274377194290851,163.71623622937943,0.3976024699006009,239.76655614842937,27.42743752151922,0.023
-89.70661330202124,222.58260756493914,-3083.5863381572817,5.1864839356479004,226.58966398638836,0.22461703916904263,311.6267601995904,23.133042220439428,0.118
-89.60956763554978,281.3263519516953,-1185.3980313151096,5.409403094854592,239.01052179292117,0.3783296196066057,178.85735029520458,15.037770190440376,0.019
-89.43268031606944,253.17980198368258,-215.63196179201964,17.995786278137533,178.81549419712758,0.14886985845783943,237.0139790396329,46.77859113372402,0.01
-89.59470539080685,300.4049710281948,-778.0153335778157,3.394926734946896,212.07436100446205,0.16121765262955587,102.49013287102021,17.9711651382276,0.27
-89.54552265430253,20.23700596555625,-843.3288998166028,5.953191498725891,162.78277993392686,0.26734400614452136,346.6575030319165,26.899556815085127,0.227
-89.3583191794817,269.10742922874175,-2577.8055471660155,8.870692457095164,132.24306198735655,0.20485976226372477,291.7452170780591,25.157007614338287,0.094
-89.57059016893997,306.3069926359544,-1776.364056540047,9.058768196238304,192.11054340613953,0.2931745625724389,190.354786629379,27.811464753292334,0.043
-88.19614569320979,103.00861528499316,-870.9138950788488,1.1216245228638027,137.50603111893446,0.22661397271612913,345.75320766402893,13.093070455908192,0.026
-89.74755588324288,230.56101863757104,-871.6933785704864,12.792029286896437,174.06387831254165,0.34347917123963867,123.10699732446803,33.00012892061279,0.276
-88.90342835981652,113.09834298130995,-228.266575893678,2.4889195325753537,232.20310386596665,0.22946772135132515,216.0439413426565,12.3026002926573,0.191
-89.12024602871965,344.86958393368343,-1315.8934041168754,13.045422455492162,122.04254625891528,0.2717047547314792,114.71282125043422,33.222632111201534,0.057
-88.03348062787364,12.032486076781353,-875.3407306609486,10.553142392576568,114.25999499305095,0.19632196000711866,183.74125537297797,30.46766962019293,0.208
-89.6871260858807,208.7254237798638,-1186.900606454965,28.720417730423208,53.494913079253976,0.6649526978707911,0.0,76.17627155376947,0.947
-89.1440743618131,59.941276937825435,-1989.5541892012454,16.972179804531937,156.3485857232853,0.2964202626897143,179.13771329528169,43.483982478501375,0.239
-88.0580061767768,256.3992738637771,-3004.633064875798,6.3963787256230304,168.51127896962814,0.21910030983221734,336.8523290114249,25.230457417550014,0.139
-88.25553646080144,63.32050203071835,-855.1922462959387,0.6488884410270845,166.7994824121664,0.182809630837179,206.7967491817218,11.455741311935395,0.246
-88.34756306519637,84.73797428340872,-1060.842233269751,12.552080089923333,122.1268320613389,0.28423131244608973,181.21520281509143,33.56652800416337,0.226
-89.40998462861462,177.9734919764729,-1694.5400336801351,2.7015205160734936,110.49930057514324,0.3829454947633023,260.19309501288944,15.282052521984955,0.036
-89.57531358395887,329.34058199887613,-2495.338445212692,17.68368430235852,235.779254000997,0.1397929072079805,270.8422977666555,49.2140966562676,0.278
-88.62957788214358,76.2171739732695,-696.2083884730096,25.495463138337435,43.58822497965158,0.6998936399743517,0.0,60.723589097980906,0.907
-88.13418562065759,51.926407602517266,-1412.7360593564417,19.20224016905408,169.65105886100037,0.26289753184242726,236.5144430732593,47.599807691464385,0.181
-88.84215050327353,273.23165946745104,-754.5002221054835,17.209768734917716,246.069611533951,0.25766790855215777,288.1409109540547,43.24567063761114,0.157
-88.81393589000719,180.22303164021514,291.2388243294067,5.926769545290849,225.74676147771132,0.38850524427279376,195.54125481481248,16.88613838907532,0.076
-89.36803972204547,328.2426404574377,-2913.144704255764,16.276767710099296,125.11031973677831,0.2817624392705671,142.75816156092486,47.75398620614411,0.252
-88.43796342693533,52.78124057754322,-1759.680646961891,4.956396757791184,181.19266442576202,0.3491553483245554,207.4588573609274,17.678113161250533,0.135
-89.54461687774071,232.53404148829415,-1367.5004906495305,14.048573002176909,212.21106370930224,0.254343174662709,204.69395967287744,45.444193652770146,0.178
-89.28500945083194,83.83649261465341,-36.13906068267943,2.794167741635226,207.77498989988973,0.17495601017652682,205.15337292327416,16.81186547021806,0.059
-89.09167076662881,56.433754314590146,-2509.122415365188,27.162884505560143,68.85416058906561,0.6720929113887486,0.0,71.35519595701604,0.799
-88.93554028049954,246.0345894566174,348.68882054448363,3.7023665408184456,174.04365168432494,0.3769530713332012,201.485577818389,16.40501963051627,0.296
-89.43942150841136,213.72646316714395,-1091.3152787469676,24.322838295108312,134.6292101062395,0.35236902868302267,338.54068234631916,54.979788710588295,0.153
-89.68181003299551,271.73788501043924,-1276.8005293870865,12.389158280173303,175.08214214871217,0.1595090818720254,345.68742059606745,39.99445500481283,0.247
-88.7398219193609,111.40652752062564,-1358.4478105751252,7.105330046580092,200.70421488426086,0.19506673571864508,230.84035735394417,21.405589012721254,0.251
-89.35160194884352,161.26979629758839,-1549.010425744023,13.670029216957383,195.20289212472352,0.25506420219210335,239.61100230332946,43.76774252731639,0.295
-88.79564737929704,145.96980347895064,-361.50659258467624,19.33348007178181,119.87308753040504,0.2714809885708196,201.9065929358435,51.5605288927463,0.295
-89.60671084097902,354.2722070279451,-2054.816603265951,25.66746736694397,41.69294574644377,0.9953029294596971,0.0,68.65724729507676,0.975
-88.98583380647585,105.20962442617964,-923.6686546849171,15.131430231335322,245.13609636172967,0.1690037020045494,346.3316339888162,35.380501470415155,0.286
-88.88808007815199,106.13420580483607,-1507.3453325655805,3.093039147377228,131.25276370556796,0.32764932071063096,110.16421717142777,20.968632701190586,0.116
-89.8015352800374,127.63735517829866,-1809.7067588112782,12.556301237657886,151.22474496164108,0.31909522501448273,202.5215581848667,31.39886663506476,0.186
-89.26045187143156,203.25386926451574,868.7801405471168,30.167932366623727,55.7555649429762,0.7909031645236269,0.0,58.35373998185966,0.846
-89.64461211381595,90.83618793494828,-864.759412197232,25.47678085512624,55.33601372658829,0.8907143004519593,0.0,65.43314520141551,0.947
-89.77958755610175,329.5043785365386,-709.387564271085,21.087634781243587,135.40507945640456,0.19247833567080752,148.61141916220558,52.14325988000665,0.162
-88.01907555845911,95.64680335185486,-289.77857546507016,19.956870201223865,175.4125335233694,0.35787848697117386,321.16143209935956,54.725810673298696,0.131
-89.28752769454803,322.4936633616701,-2337.0799562548377,18.99450090606542,189.6529959068712,0.2998035373828559,193.61949408033814,48.44906676888583,0.221
-88.36123855287619,37.25102291277047,201.83352729762532,23.5875483450987,173.3873252989306,0.3873311271675399,329.28718322415955,57.28247276900983,0.142
-89.41618275594885,236.36257286387485,-3207.165742796061,7.433712142780948,238.65245056609527,0.18162224680702477,346.6406325213122,32.35594162891819,0.205
-88.60514482777454,326.5147866377677,-1815.0131280308165,1.5508606577500608,149.8579013139306,0.18090145049185768,292.79285346654433,13.693189087342414,0.243
-88.4555670662096,60.749797823362634,-1567.2253385431204,12.690035007370614,202.58650249795392,0.31128803460781806,255.78951228883275,33.00256884335246,0.254
-88.7682863928451,348.5977056357318,-734.6213080235952,3.82418413222309,125.72126099738568,0.378523232211483,137.47541617554117,17.206492685984713,0.084
-89.0040052417547,163.0380097495842,-1025.0253870868098,1.4497924462281553,164.91996407296372,0.34736674743593043,333.2650840282899,13.687777659583796,0.176
-89.11750226312019,340.4574390387688,-1333.4517925587147,4.797214234120682,213.7390552218963,0.3181118673380069,294.21666422545286,5.371162866079093,0.017
-89.23715029356832,243.65521570681693,-1209.5978757021792,36.85313924533686,79.29008390710308,1.1592996689654993,0.0,86.16180430636231,0.93
-88.13389462592913,108.57127315447856,-1982.4184188180545,13.361246340758441,192.56794639161777,0.31533020041059223,217.12548359061466,43.517015353827205,0.046
-88.32182312520331,67.7889089701583,-2397.7859155873384,15.619078363609882,131.48118408926845,0.3403286729292444,116.91625147697661,40.99321278617718,0.263
-88.06644886973362,109.34461664103578,-618.7907021311518,0.22362807004254037,124.37823679059196,0.32598570393718135,264.75008060222456,8.3434678463546,0.128
-89.66383527537747,33.486267334562996,-645.0351099710517,6.437529587926299,183.25258484950598,0.30304323948583695,131.31616717557233,24.813896769199552,0.059
-88.51135179711308,51.79246788359872,67.59550012564682,3.809473568811942,204.50153945204403,0.1141393755072109,262.8828212235486,26.336684092322344,0.241
-88.11715313204003,37.677758524733214,-1832.0136774521666,26.381955852087483,80.2761846377048,1.0198191982242901,0.0,65.10988601485688,0.876
-89.55565717428524,152.2596757469608,-645.7478317592619,15.34275466076521,238.48867533220812,0.24348839664487315,181.1572629656797,41.75737755977997,0.124
-89.77365709200313,286.4082154527311,-1426.9653826917854,17.985950914443922,141.60811677764536,0.38847078146490566,337.16566977149535,44.019005585531275,0.174
-88.4918707663489,50.898079517882465,-247.62001184521432,19.385660392020615,126.796543142302,0.2821569650131214,294.74062646857186,43.42383876044187,0.114
-88.80850108495817,46.91535594204092,-382.42977865748674,6.0865062020172225,138.37784716902948,0.2824681768705898,224.1834137580489,22.29005031873794,0.062
-88.30052532415928,231.63442182623908,-1031.0324806204346,25.879655839733676,78.12528520830669,1.0171735333623775,0.0,61.96719548256806,0.755
-89.63443248441006,70.98587350850386,-1471.6241253327894,5.671924007778178,122.69445108581286,0.12807633693427165,313.9608159892331,11.683361683625076,0.052
-88.38899210746621,35.139613719236976,-431.25425711339085,26.062323592625532,60.18370053680475,0.7136013887497967,0.0,58.49072895471343,0.856
-89.51690809190929,60.06548815400795,-682.4763813947474,16.42302156135341,179.37528846417553,0.2968238316907077,138.24132859042805,48.64034943151091,0.06
-89.58905370855517,332.5433025156394,-1747.5523216689462,5.890451542463222,164.3927216530156,0.19457087681031243,224.2684813800493,20.49055520269333,0.15
-89.58789498393112,295.7296509994287,-2262.2389387835447,4.51990513399465,243.08790977777863,0.2038450443787366,316.1057181404483,6.760681609169584,0.173
-88.35230803156037,127.46324244783388,-1430.826320545437,5.849385328721045,161.9411741890707,0.36779348193913264,252.22288671212593,29.70464739446481,0.284
-88.63612528067722,236.09547623786142,12.331052278567313,23.632821327942086,133.3761816466065,0.273806171511939,236.37786119651017,52.80809726756458,0.033
-88.90617569293867,193.4192425204937,-282.8102730135694,11.75264579197599,148.36600486972347,0.1308596748412464,338.8060500745763,31.153955106916037,0.28
-89.21822208016535,243.764734853723,-2089.8619757364645,10.283424399497804,143.45531470240348,0.19325877571978656,104.13701634721014,35.8781194078384,0.07
-88.2333189724551,245.76161488659335,-2134.2059327199368,15.757468817196584,179.82377913886268,0.12281751294982543,103.01159623339922,37.80457038623185,0.254
-89.154354295897,226.34424542159746,-180.2529202564109,6.628357376116799,150.81071735364037,0.26683898003414364,323.20513003466976,13.406911911301755,0.036
-88.348461065004,95.79649267343109,-2108.5087238062633,2.8380585503332334,182.24856410609067,0.1519804589127969,109.63430375630648,16.76394475048844,0.297
-89.0656436737166,14.042311474614525,-792.5637410863937,28.77965836968697,66.02452919117445,1.0151671415385293,0.0,71.54352751310734,0.845
-89.18380558409268,164.00404151643917,-1692.856972269059,13.072858660965787,218.8218299998561,0.27319420793695,331.0063704482295,33.80016433115587,0.028
-89.02090840722775,320.7505984886534,93.63593961734591,9.065685976866874,209.4220893774123,0.11781269257932842,272.7881484538173,27.517152887275024,0.072
-89.32738203908814,205.01901306668734,-1816.339839310303,8.00575219013983,138.78270030389052,0.1902626990872957,262.03972646598595,20.112523172572622,0.169
-88.47954217766512,299.6607750126868,-285.3107758353374,3.132794691577722,126.22596069398553,0.2849013001708381,264.2495787889116,11.288271475526525,0.162
-88.9448312588243,356.9847634660421,-1052.1130767517084,1.0454889958410938,185.94302227417512,0.20064949545814847,179.4107447122742,10.482591492197749,0.192
-89.45879587922106,58.901833489779456,-998.2441166125707,24.84916784875083,137.84765076914033,0.2539530005781867,232.6333977531453,62.94139684281699,0.144
-88.19080831077832,249.03995009111364,-2776.2468650811206,7.2611713021428095,121.89072104801186,0.37280868840482073,257.4932660117162,25.011216319267945,0.223
-89.1706066793909,242.74568653200888,-2962.330682564575,12.220677009368636,183.7932080171184,0.20501079115188353,176.42883142290316,39.54160051423007,0.111
-88.86724956388342,352.78396104898025,-1376.4527522138512,8.443304762010747,155.75118591509136,0.2007618587409364,298.8409789510315,35.15466439951118,0.061
-88.17770298916736,354.81626422300815,-1002.4751492667106,1.1809203579550562,215.86086167139052,0.34592705239380966,180.43708969137913,16.79470156665002,0.02
-88.71394780776342,247.2043002206866,-2100.1582621901784,18.09812519874753,153.9868282767785,0.195626956875031,117.86103837513264,38.246433187924964,0.104
-89.67789372265412,87.70132511358993,-2070.954728381074,15.777117601138336,247.02039918781392,0.1233875032421177,150.36364344602842,40.135345023437694,0.134
-88.1143189651344,287.48010172701566,-750.8218961390936,29.533751987243157,90.4404322720654,0.7476655422817026,0.0,73.4524822308442,0.935
-88.70735469916431,38.53048831597371,-749.7164156342956,25.42956331631226,45.99581094939783,0.7691380273704296,0.0,60.26140190417139,0.862
-89.26367933215154,281.05174950178633,-1310.1928483103416,9.692890275151768,181.24218364987865,0.37998783777331646,203.94042296812427,21.289076204355585,0.08
-89.63538306193956,327.6706046920907,-575.83862305114,16.72953564713271,188.76687016997545,0.16744362723344436,122.45095039351072,40.69917668861126,0.153
-88.39135214038645,137.8200221166367,-2139.361836576117,8.83396557096926,207.34237949542367,0.26605056192960574,149.11419165859587,16.305672556450556,0.078
-88.72186176373583,227.02870619390896,-1484.7479336695765,32.54809818638648,40.253030014923645,0.8897524186872019,0.0,73.70871825088471,0.924
-88.886423925245,154.85138355485748,118.30208462693872,23.490146960523997,177.68210377804024,0.30240328855346077,144.41400117583606,53.55568754856818,0.198
-88.20160409220318,157.59541979572623,-1145.342296048146,13.696850908577513,161.51140563486578,0.15559173880294322,115.98865304023379,35.59047221201493,0.207
-88.4016652986734,111.73352007892322,-1098.9499883304006,14.003947848763513,148.00459374588434,0.1149371268764812,278.70711634457246,43.91527155458104,0.164
-89.61181772850777,274.36666336211687,644.7572687741917,26.448502872598077,59.95036000193193,0.6423282026211188,0.0,56.23999896349785,0.873
-89.30772807118846,337.02356309994184,-2319.4737326790164,17.795778471138473,154.46353374881207,0.19762011481708774,312.65830880259443,42.00047778618553,0.068
-89.42787063435252,338.670309324406,-562.8557066863117,27.58628017070086,89.14364150239726,0.9146131452865085,0.0,59.463748203822,0.959
-88.48650204411192,62.92126255497618,131.18902384647959,9.936479262588733,133.4198635010777,0.35017118525866764,194.81489501659397,35.22963892288386,0.277
-89.83628837400202,314.9077138763638,-1459.8863411988368,16.612282614987983,230.01872904578056,0.32871924326384455,283.6174955230905,48.88075133000101,0.072
-88.8172095987445,265.47531891376394,-512.2953705161232,6.84565135318615,192.12868427727375,0.30512753512959045,245.88471487092139,25.491679035760157,0.176
-88.45132849709269,91.02146424850413,-1985.6155977687238,29.563779876279924,94.04081990595586,0.7474511825827126,0.0,70.66900776575082,0.799
-88.23414529015268,24.222460651745237,-1749.3859164538812,27.463986871898292,64.74028016448737,1.058729841581401,0.0,58.926282616328,0.962
-89.25004467743977,96.47901607837608,-892.0268671618926,12.328358091013067,225.25310148955026,0.1384169492760393,113.21973980878302,35.6526611160845,0.18
-88.33961112112317,328.3949652413492,-561.1466615115279,27.356309788110316,56.60891248246649,0.7190123277313097,0.0,59.10306750862795,0.969
-89.68979969978511,227.94432296247803,-303.25079007500335,29.83114519992506,60.44970801118656,1.0436268054114684,0.0,69.86826017078151,0.826
-88.29174064570442,259.5796779232339,55.702869551594404,12.744066719261474,130.75258531305985,0.1260492490412249,340.2366345746643,33.77139093302705,0.089
-89.65777154156923,92.5748463992745,-1253.9572468441456,36.71933772431858,51.505152602720166,0.8960840649656431,0.0,80.4678410337368,0.865
-89.1451541479353,258.9797360069353,-245.1105958619296,11.686588473302775,161.3120095159947,0.10434970534694737,209.77611937504503,33.51468874190543,0.097
-88.38513880501885,10.123742260052552,-1473.843874759319,9.854790496640911,188.12675377440743,0.2331289904528128,161.99936694114416,33.09589049737503,0.034
-89.61515688803733,135.11568447828498,-478.32695072938554,20.65872588584343,179.78689819330106,0.15353808695607563,118.1127073807609,60.19473636218708,0.047
-89.46442234905798,225.63120547523923,-1034.0089617182546,8.462092688576861,194.3077311576568,0.21048041316014748,207.79906287357778,29.67911006537817,0.252
-88.52772012005317,52.59476359487528,-843.4576743344609,12.853397757948938,114.49565070311915,0.30251022243120673,250.08822026439552,47.09674454142064,0.045
-88.53193058056246,296.2812868008965,-861.1937007823701,26.0943442405091,94.30481124944339,0.9762296504385872,0.0,63.19331366613596,0.947
-88.68181949751794,84.61126757229071,-2483.7640078382497,12.192188522172703,211.02332391879122,0.2024019661600646,112.89024654441116,43.303813693939524,0.093
-88.58149795551252,234.82120061464065,-2099.2974870886187,4.950177929753075,137.03781413518078,0.39722521985185066,204.46750437916637,22.078276297810884,0.027
-88.86882355763957,145.8709713271187,-1117.966848145982,15.673193878491967,201.3077847068879,0.3156444168178859,344.21436140837847,42.54533566579195,0.184
-89.4215817880768,214.57569437195298,-2549.823263712935,5.0370642094760525,186.52062751080365,0.2541585135550154,130.18013385315447,19.232988442076795,0.242
-89.24317761234256,38.68219894640693,-535.0311174401954,20.65271157294546,247.45122599664728,0.2738126952992739,200.07484869647323,52.80092793440146,0.298
-89.5549643380773,6.088607971778637,-502.75522696948644,18.961897158262456,226.95682304362873,0.28605478945564333,168.7638309039238,50.081686811140735,0.281
-88.1739439334661,327.4431938569084,-938.2635576977677,26.714003481665223,61.46533751937038,0.6302544470168292,0.0,56.340742994067355,0.94
-88.79155558994438,97.06680315618581,-2096.907210206338,21.07532300792697,196.29779481304308,0.12407937715757429,309.73642206024675,55.65091628499138,0.085
-89.13838230814909,295.0837210009653,-95.88884890518807,22.902442836580647,126.42052401156609,0.29475680540699556,274.27880258599384,48.384916609843785,0.13
-89.02218897307615,359.7661081699921,429.7685117746862,5.3090323986228665,164.09404601473335,0.20934065765449414,202.88912105877048,24.123921565611564,0.264
-88.10016165473755,76.11525287960802,-1082.3385380432208,20.039864958905024,212.74428375258242,0.11663321206957752,192.26682068567516,53.07449707339483,0.114
-89.60863233407946,95.46146682600802,-791.571697239011,31.684512893602903,93.85955289182701,1.1215658423769705,0.0,80.47526341599657,0.866
-88.78616331916808,238.62952354847965,-1038.609076163165,5.113500913632327,177.8259854128301,0.13908502612641707,122.69596141293486,15.916489387660686,0.201
-88.93881151011952,347.56150845622363,-775.7046488009605,29.997382917270983,91.57003336741194,1.0327308038354395,0.0,65.05925284424693,0.777
-88.73823695267417,329.69316534866783,-1295.647005301117,6.506499087986695,222.44042966205626,0.1608776177659345,326.6375020233845,28.549290925629585,0.179
-89.86559065074042,181.03518722361056,-1227.6513918750427,3.4802875495002574,148.24332461762077,0.14310735921821574,304.30166351268224,11.586378812567967,0.025
-88.24296457300612,286.2397017096209,-475.4259196021077,14.96200443354838,224.86707143266733,0.287850645126585,293.71944064280837,34.057842327339486,0.149
-88.12897526328113,48.868507115964384,676.4993295171525,19.159104161288095,195.6252687912991,0.25657357908304984,255.99398107595383,49.36129786958922,0.12
-88.82624695118051,351.87774631344445,-2320.056987521391,21.11750123972265,162.18239991283025,0.2727797362107376,173.11251289334672,52.001544764655335,0.113
-88.5763634346339,347.16716425295516,-1283.0499875223736,2.3823757922679825,115.68473107439881,0.23078444441209459,333.69665131510453,15.541528262203792,0.078
-88.14725117576315,58.942424836501544,-2144.368388185666,16.345400972542905,142.53863820821277,0.2401507932796389,222.9672054336679,45.379435450328295,0.247
-88.55624659480455,107.79232492911838,73.61991886086685,5.144454285164948,234.46992956834293,0.3336392667541389,170.15488279110053,23.005460110206343,0.266
-89.6101758184629,36.0557991024361,-1670.1903754559187,2.8892225607057664,224.51640814540045,0.16597665544770024,191.39365165323966,15.389080819894534,0.268
-88.80505211568305,97.81833560334469,-2354.5606350286353,2.7126368446721525,190.47946381077372,0.21895879084937026,104.21025379898366,15.666040121962386,0.125
-88.74724141187258,293.7440841894744,-689.4504009211412,4.490996340441818,175.28514495469778,0.3873476154783848,163.7897654570114,18.64706633608578,0.085
-89.09415172452547,136.1936185794934,195.44889179448887,17.21595160352507,200.59997510621528,0.15699571035581356,146.9890271641409,44.60827499778849,0.039
-88.50075595231303,31.822908172833017,-669.1217051513898,23.522136630686685,175.2747378980622,0.18813207851256014,133.88916051779862,50.10702874134763,0.205
-88.12470267193888,123.20118892040564,-1036.1616981744662,2.7320662987526667,200.20267770067966,0.15747007728579718,108.03499829503853,19.246082397906562,0.106
-88.14141982547713,353.29800032686086,-872.6872617792048,15.519610742080557,153.03657395242212,0.10614864890744069,156.71886085436495,46.28438837910431,0.09
-89.04340519433215,226.68609429331306,-68.12746973955609,0.23301814229093587,227.3896105076065,0.1809489775125011,125.87967951760118,13.653182392928302,0.118
-89.68484771290257,149.8179407062168,-1899.3594160113198,18.29085409014,208.26850508513735,0.11394023378867175,111.28509455350371,49.38422435944809,0.171
-88.02880172197156,59.9538648590172,-1289.4776832690504,5.772694189962521,156.19658797987685,0.14640553792199001,134.33056477459843,16.59238262767822,0.057
-88.30609363575273,355.02364702213015,-1562.1521188076267,1.4867098197672117,226.29325607528176,0.2088046210202844,150.60084088167443,5.897130014538489,0.289
-89.6631409057138,295.50564333472636,-2134.2922458333683,19.996645153475747,178.22795431944505,0.10621636512068748,203.99058127817483,54.1477541952239,0.222
-88.150400423027,101.33182888233098,-1462.700207533442,6.130773945549051,134.4494410632446,0.32588696977921505,245.9239215601824,22.404390088442835,0.024
-88.24719691208196,25.224730459628205,-313.82312321404106,8.840360486473017,120.87974468049373,0.3386767041308641,180.56646560832905,28.528382888586044,0.099
-88.91420769146046,20.38520065592089,-746.7182812858196,10.199890875563764,207.94480466921084,0.2234241407255089,135.3148538697111,31.472239848864632,0.025
-88.77657667208463,43.33613382199218,-684.5515999134396,21.465513614234737,231.11691258912148,0.39539979381228085,335.08095729460325,54.21629105795566,0.077
-89.14189486264675,209.0766901011918,-1082.8195106773455,20.20908521169107,223.04187840323613,0.30369817444230973,228.71342805524037,53.65087409599083,0.093
-89.79595288623814,334.35483163397726,-781.3409738171291,12.05457844281314,201.79114423110127,0.3231165243942247,285.4700831739352,33.632015527727916,0.218
-89.2631252408728,178.82763408215442,-1840.4722738784844,3.2758094135575906,129.79250778466752,0.15769012709984004,273.60878531721767,7.026151451253847,0.218
-88.37457844766378,303.460373684231,-1447.6079087417834,24.09369178334763,123.1661706367315,0.35123128684651406,171.22418928192567,61.629411137939655,0.023
-89.89119915629126,160.51918314953082,-1046.3966104250585,5.337366136392088,158.30414722164156,0.38351391940645185,239.9654813454071,23.56246540485095,0.181
-89.26635157378684,255.0900764764171,-977.9873128944878,7.466465498994118,229.68752465582764,0.17089304997213756,250.54102896301075,18.459708187334407,0.289
-89.14347948217721,263.4741854231403,-943.8497160625016,35.12044056359531,67.25030732447982,0.8669685613712126,0.0,74.41064741076403,0.801
-88.87894835441794,62.62693412520191,-1310.6682256131023,4.963635558907703,143.79051967859,0.32408231459899944,267.69164137100665,24.342227484162215,0.289
-88.15227432881575,130.03778123129223,-1501.9387209042638,19.422099624265,216.69339388144078,0.19155075154286472,297.6691378597763,54.43956735816858,0.12
-89.24194261070468,229.42877635368862,1326.2170264354386,17.620922620826175,190.3416903670088,0.24250270077168895,191.052637676953,31.923642085851156,0.143
-89.24078891639716,25.450778946371827,-474.570181654081,15.901721928800852,114.45303139091199,0.12926172807421724,103.728842885598,44.00765915699911,0.154
-88.49874762859147,130.15446759466437,-869.482019237902,14.820005425545109,186.00828899061156,0.1519284411878524,187.33398440772092,38.5367790989072,0.278
-89.04078591230937,192.5278078612293,-1386.5667985651153,15.763885618891994,222.83165641850974,0.11847115709415842,129.20390086665213,41.898592398181215,0.12
-89.47325083641404,358.64081749606993,-1560.9750615551013,14.719405909405403,148.6571896681637,0.26804964716358815,138.90197229584751,40.095200812596154,0.295
-89.04036491934788,170.83208254407867,-1304.6404749815645,11.48081641223939,235.63062735586453,0.2875788691831809,191.48736923629372,29.150919189790663,0.168
-89.63237166127838,293.7804325611565,-965.7369251306533,27.112831241107422,65.41878424935473,1.1919965429466455,0.0,67.48901382472667,0.828
-89.56486472563817,155.5442226239824,-2704.348435250465,1.1266056079927829,120.7062385701676,0.26265544318708045,333.72223834672786,8.812464022453996,0.04
-88.95310123179499,286.7006601430952,-2455.511676299747,22.214581040153767,132.39150332153895,0.17818341124242998,263.20073058437487,58.1642261176412,0.06
-89.10404164594136,214.34932858323901,-1709.505911151166,20.223422986875516,227.18040162092856,0.11784206397733565,229.59103986105396,55.29199174302664,0.021
-88.16179278797061,319.1743589408634,-1034.288450577145,18.98399121329401,168.42282866553396,0.36548591582525114,102.43108566909837,43.60718750802358,0.211
-89.2114515916784,147.93931884603955,-1391.418517721481,23.169794276401284,221.5723789070321,0.24365742355841605,125.90443581144524,52.100991742256724,0.16
-88.79688213447172,217.54959113573238,-17.503019120412546,11.07400604731607,184.37262853854332,0.3211965968326964,297.1194616785706,32.71628977506417,0.224
-88.69869785295289,226.80672502277787,-2385.917429596615,6.689740758268766,177.2782774712204,0.1043948045786767,197.43594075987724,30.897764548418376,0.237
-89.87512053248217,150.2578590481704,-1801.0763756826964,11.277073402855141,222.96784120894515,0.2464416767993253,111.3732990296434,29.590601684951867,0.28
-88.63927899316825,51.95233572749335,16.073392792880895,2.088057823754456,169.28826563973263,0.1977167869499496,306.3897734481444,12.160133323724445,0.044
-89.56173166294748,33.6813864884408,-1095.1045402598825,4.6814079014193615,222.28458234929155,0.10909938178414806,175.66150329934578,20.968176513861323,0.064
-88.07396639680803,6.001758215867916,-492.1259337590732,0.4241967383241185,124.09270309488238,0.33270184212173753,196.57390549355563,14.132295589462597,0.169
-89.61754081726909,314.4723351282773,440.9975546155706,7.226551415561656,199.0835141754959,0.25387049586808397,343.5922676602571,27.08793948626834,0.048
-89.11221416491865,85.13096840593003,-1755.043534321458,6.033763060165509,208.36218791727788,0.1999540728973393,103.87818525862058,22.22899421372095,0.037
-89.73783563065058,76.1424297414365,-1279.4514702336257,11.775698299271024,235.87363545984397,0.3417395451722198,280.3310982863775,32.023801724989305,0.203
-88.0059389214927,264.9727441533836,-1417.9415207446973,19.002219112822893,141.4053486202673,0.23407703555504997,337.2210440779477,49.66355225890851,0.22
-88.94582948037065,115.20580071146102,-2763.6744035866204,34.20321858004882,69.65549788973925,0.601296062474401,0.0,62.40358752727791,0.839
-88.76876846709192,182.17608926826117,-1448.3174430047752,18.062371934962886,170.65591891649123,0.38333428961149774,316.51925609128676,55.47101302526619,0.276
-89.77255469296199,58.503983507084264,-495.15025009546764,9.970760434657723,163.58803177616406,0.17670482213871566,204.06042338400954,29.012491282360536,0.138
-88.47507510624156,345.5084597263089,-767.5283665502074,11.452536043237844,124.93989772967404,0.34917265661900243,319.4991289550508,33.816560825785714,0.294
-89.50117937311839,306.56930400620547,-704.7334644895919,7.79014131986824,128.7926662832919,0.34492461522438195,177.0686482226057,36.0771816956509,0.021
-88.19369685006265,310.9642642674012,-1500.4071845115996,12.900415838669582,227.17838460267046,0.1487121794082194,345.66568012498203,32.09427720579073,0.262
-89.51023468308419,146.43854948592187,-1724.877788804513,11.629919059267664,214.9654805255787,0.242200804364433,261.7623524178497,44.920426626586256,0.103
-89.53769333073903,274.4500369345822,-184.5954624811036,3.589515696017056,163.52775824075405,0.1120596935495479,256.77259010933926,20.877336846804255,0.277
-89.83055563108863,51.79541594032086,-1597.8537170861357,28.828883889478313,53.335808381668166,0.6338540852504534,0.0,69.8904676263692,0.987
-89.00307280429101,3.1028409330409,-964.7343689654288,2.8715423570977094,121.30726587530098,0.3192936530108861,209.14651741050832,18.962578188401167,0.225
-88.82680184680103,7.190255728090125,-1069.3322554579693,19.18331543194246,197.4683483846436,0.17112084103310732,164.6674080270934,44.15920590211691,0.133
-89.77515358508613,211.17662546564176,-30.62638699430545,10.98802372682468,231.54464738000036,0.135138379222693,165.73254817977175,23.731264025344995,0.121
-88.42649752827948,163.9421658892587,-422.87011386211225,31.00831815065745,41.20595363839078,0.7151742908608595,0.0,66.11431789214195,0.867
-89.03875121397876,186.4855256070671,-2236.2068965336966,15.408645992482214,162.18958639186036,0.26109591531208964,254.33815864355378,46.254374354758525,0.215
-88.9036584882776,2.6867305501989858,-2150.042533420032,8.400944628167517,214.33273942797848,0.3027486793963474,309.59743265295674,22.124031605612753,0.061
-89.06255078081738,152.16718307667327,-736.8721455446926,9.522928015655026,169.84554037278286,0.32774132404077727,224.8944696069477,20.775364195028352,0.144
-89.13855018433688,258.5045380323099,-1251.4701179033332,12.399066945197612,227.6193430145929,0.3087428593793966,200.8620575876989,34.40155068162081,0.051
-88.8366833705144,159.3697327082769,-1564.1374271630111,0.572093050035992,184.3066730217032,0.3536236624884552,298.4619346727637,14.017697754174215,0.185
-89.60504353273166,263.5989142724,-387.4976928044234,4.331304748820883,217.07998687470575,0.16687193928461197,172.41697670026795,18.855865921988904,0.077
-89.55433655205898,83.88682718286051,-1050.0324943288713,5.849439691918576,121.00002152083404,0.2709300238649489,272.25881725970817,24.730814535250133,0.182
-88.26260732007432,292.7311216134212,-1158.034090488445,2.7702310162590607,192.6036360252408,0.20802860722639757,126.45130518162378,21.31552892032031,0.285
-88.1023806219461,211.83524656324283,-576.1370873959603,12.939064816604498,187.0397848457074,0.3886337071004927,128.30956656214775,38.734522545569526,0.277
-89.19071229906848,75.87471579476625,-1500.0871959548517,15.00175049284521,195.39674104292243,0.23208385702444717,261.0138691911716,39.23323694685185,0.068
-89.38558512102725,85.21937130737986,54.81518837804333,7.79329694996402,207.3898251081826,0.38791417994006705,120.68762856890035,22.86500554169529,0.039
-88.67640086784587,226.09096724503334,-1830.4380985864063,10.627882969557994,238.53525580477987,0.33071969621773184,138.76279098759846,35.109789015439894,0.022
-89.12340507491362,298.7782535564796,-674.4567469263295,17.634099508221322,219.99549144864434,0.31553915862060977,256.09226429009055,46.644770681467975,0.25
-89.85176592424536,149.62600153049587,-52.93372907212415,10.370878066237648,140.74931880088667,0.2474691135765481,209.55092427533145,26.437923547501356,0.082
-89.60331006500424,92.9881544859332,-2301.83639141768,5.662113542221997,225.62547770089344,0.23301344027668067,240.32411321981797,27.835138116882206,0.092
-88.53965276518994,312.12417848781615,-1474.6681406819594,7.878388549517862,127.09115486611338,0.2579644562555221,344.2357281472239,27.067592851454,0.076
-88.64804451037071,240.93658503030056,-286.2340856915537,6.59236645022778,197.10780199450974,0.188089918878086,257.99025948298987,26.449300282156102,0.254
-89.84851761424339,161.31077542190755,-274.20436181517994,5.632694408919428,233.58553315443203,0.3713529819515401,247.7127010628189,19.305296144512916,0.294
-89.4782528923274,175.64407030054866,-1337.1964803105914,13.738235252448483,124.15708759008655,0.33829919657960994,195.03452034835774,43.13004607766211,0.229
-89.46095788648267,73.53232845710271,-1787.7368749414877,35.076882277354514,81.43619832085852,1.0500874285153055,0.0,72.226973211351,0.988
-88.62340378716242,225.6489468233438,-435.25134213539025,4.563000830948167,221.80690279223438,0.22994607863483085,103.24988142468516,27.50348914195031,0.19
-89.86254997826671,129.1473037954399,-253.16071793471622,8.818573673385732,180.5285607374699,0.12132668447326514,239.3300623356563,17.94295004582918,0.163
-89.70219369422931,358.4322636027657,-2131.730678809916,11.483020606247683,153.24566432135657,0.3049231953778836,117.22434012764676,26.0829318846826,0.219
-88.38015943779094,172.86606549427964,-2163.1309191731043,5.126455656417065,166.76135193001613,0.21232407519142354,155.0430617345968,21.51206250206591,0.02
-89.56076514209677,174.91881822826073,-1019.7946544131204,22.982358035234263,245.61213899802965,0.3611290937352476,240.78025054663863,53.310935406441644,0.028
-88.65978239508144,203.70664346784187,-696.5114932568863,11.70885373306438,138.2376578612585,0.3341015315349591,266.98763712733,31.776047979785297,0.209
-89.44745271601123,330.03216112274885,-1439.2552681840439,6.6894082962132435,191.14460029618533,0.14359844259692683,196.19913510017835,20.72336468824663,0.107
-89.71106135375724,288.2945159495101,-656.5649440141206,20.18313736319962,121.65370470301573,0.2805147191615543,204.74497899734837,46.45089778145712,0.152
-89.43797283710104,162.4068251272229,-1768.1092854699057,9.059056916113661,140.50502898648412,0.30766417777815536,224.50560145347103,29.70300110414171,0.237
-88.52769282947425,258.73173575020655,-2891.7548792589882,3.7916104114970857,216.86429433043287,0.27044127394730844,289.76865193614117,17.340412029167204,0.177
-88.27417671059806,211.0447795610742,-1539.120857866077,16.407567544387643,152.36386565047383,0.2542126528465784,104.40694289754181,47.23930511806822,0.244
-88.32258225732272,177.2521375324496,-1149.4142827895191,21.06343235397152,248.00724987878283,0.16835892250178242,211.7669996887572,52.52772386939328,0.132
-89.14535129372494,69.23367820236619,-1420.6719679171651,14.106354452150583,180.1143860331376,0.1707720533263553,103.56839947670662,36.12863070274383,0.093
-88.63063824051578,167.01705484376072,-2126.8826109275883,3.987796401871167,182.315505543084,0.33040244159276644,179.78546515819576,21.847933747725,0.078
-89.51052983870994,88.49469132812688,-2652.519180703054,16.562033191517433,115.08406350700294,0.10560693566906715,229.96215532830607,33.96287853000626,0.048
-89.34301931250408,329.3431739465957,-1611.2710434943183,7.979506997252101,243.91374494081725,0.3336730188116729,119.97982091687037,13.05031810633241,0.021
-88.19696194480987,120.74645285868489,-481.8753826802051,19.451868818938276,134.3926817238185,0.25803962096174177,221.30338199409306,40.96462692961131,0.025
-89.8752963453296,342.81504523201403,-195.04204846905418,26.83258884856591,93.78450260074038,0.9520300471447403,0.0,61.947568846606515,0.845
-89.73753379137652,191.89990443409604,-249.8292926892359,14.055767556885328,165.39444539422243,0.39919646431687694,271.3355844260192,40.06887570467339,0.091
-89.50501611522255,227.3559763234177,-1852.7276281188424,13.110674731956326,168.1818581042448,0.29904536953268845,295.5631679692019,22.865456049207385,0.121
-89.84958881263975,195.458560016158,-2122.9650589042913,5.357339369476271,200.06202324505517,0.22367715832604113,245.10355455414933,20.656627679746478,0.182
-89.55527267332938,46.57702210801232,-802.6923080160836,36.417885853297705,52.26769325771131,1.0504152351453002,0.0,81.0628826962186,0.889
-88.79222103415759,135.29563884285875,-691.9199907216598,7.318754662038096,131.60040608013355,0.16126462829545232,136.71732300634005,25.32231987677291,0.067
-89.09929335387426,35.69260041994462,-879.8643158396021,19.463732418253723,179.94213143706492,0.12977029719744432,212.44650830116166,39.389554847737585,0.23
-88.20392374895374,224.2634559060174,-2811.250619390211,11.646831404051042,220.66684287985998,0.27362901799064054,249.25830859562086,46.36999609456265,0.05
-88.34685723269696,160.874710272158,-1893.5076679067733,3.9691541928094054,172.06010769731213,0.34164852938998025,318.36883539407677,18.100843519500394,0.297
-89.25054703177403,280.07458976553727,-1223.7510322287828,2.7794695282257322,133.21262591572122,0.17852995531876398,177.0025613655288,9.473045278963616,0.093
-89.40709547648055,79.36937315977315,-810.2254442956582,27.85679173100759,60.45612005430697,1.083573676696824,0.0,66.36078991583183,0.94
-89.1785844244822,59.24378103456057,-586.1541099180106,21.559380601783108,139.73313897470982,0.26643209853309424,343.6035277607826,60.59296183553676,0.065
-88.77843960922186,146.27960314695642,-1084.597182174368,31.435840873775632,69.9669456809821,1.1186589636934212,0.0,66.43843477844158,0.795
-89.39067908243653,333.5707379586172,-935.3729547694113,12.55453335157699,162.86135784094952,0.14158936829861682,138.09168180993356,27.63505357035357,0.25
-88.71411707508665,255.75185340446822,-1132.1076333111166,14.879196212460002,185.73107404773052,0.17106495061889881,205.51158236207124,39.16819305978201,0.114
-89.12211786083665,150.81250492545072,-651.5045006252136,9.328084343447118,120.18521353872845,0.3755591355357355,224.09245324946508,28.492654639260174,0.132
-88.85111035638124,186.2179811115518,-949.7074788072712,9.129177968849909,194.5352721119457,0.11186067794640754,308.61648935729625,31.805380023407857,0.011
-89.0713595946429,30.316684023755403,-1147.4098719621702,1.5811306752263175,249.02342162374507,0.2968346902179576,211.95448747891598,20.538725597044376,0.083
-89.34051505687036,354.4473226954007,-1414.6950393099046,12.840101909243513,244.9774904828117,0.2918577649653855,236.85728416271516,39.580207978807145,0.094
-88.0979387167719,239.9066296901708,-1134.9668599660151,4.107534051138029,226.08428747988222,0.2149763300897692,149.99996771302995,11.276633854384867,0.141
-88.44914899109645,102.74546464683209,-812.3268969285801,16.419089221642025,147.28775579233644,0.24044940370213547,242.28967478497518,37.48296926635634,0.05
-89.63378496604375,210.89102191748796,-986.019688881551,13.700102189802097,113.13706350711142,0.35647538544416846,187.09593574636267,33.40870113145057,0.149
-88.24991084579396,39.41365178483783,-895.338865323797,14.876820436757221,226.69583840359914,0.14949461900403374,124.68307031896308,43.64201823080093,0.204
-88.97388072332593,347.7012007707301,-125.82251091905164,28.751299396902258,55.458583192070435,1.1168618780899597,0.0,70.53612929408126,0.772
-88.20035076890123,62.922595638011735,-987.8688618027301,11.622820502344089,138.78793140590784,0.25370512343196716,120.42107136084695,39.55332592577422,0.077
-88.3802750137001,233.2909144998771,-1719.198816378526,19.56727002853428,186.2234501625498,0.22292362690000905,269.46973259541653,51.925107757663795,0.169
-89.09209434150846,88.36360651401496,-493.1145712046648,32.515094640855814,48.00202466013578,0.6956348633767898,0.0,71.89283352946785,0.864
-89.85730831419178,258.32209775347286,-2292.958670135134,25.066170692950475,93.59749357945307,1.1368894500365612,0.0,59.14833799922451,0.865
-89.38951301716861,279.65569220650116,-2065.13070459143,23.531696984548446,218.80235747637607,0.375130605321351,159.27941653225537,49.75628523612352,0.163
-88.87089499214436,242.43110240811575,-931.3221882239447,8.933117844795,215.80773080321495,0.16900550191449754,206.67669128560289,31.006956791501274,0.107
-88.69639138233032,221.2198056918693,-786.882665770737,14.296430555677968,224.25786622566073,0.19064338385465213,173.62749204652425,35.46256188175337,0.11
-89.41001339767692,321.2888738227242,-2196.040978803196,1.1827629202994174,140.75824923704567,0.14862060438910898,289.7582849343011,18.487017264880066,0.256
-89.63522345926164,28.305615956312895,-1506.2539847894,16.989144009644146,212.0449326609649,0.3783371114391779,184.53834387664253,46.97977292005847,0.281
-88.31363255008134,119.12931568087026,-1684.867065775727,14.744601776138417,159.73941036284705,0.2193592390594586,346.45888510465034,49.1792011835224,0.25
-88.02963585666325,89.38349266710455,-1589.3410583052773,12.233851251561811,203.35826633957595,0.23491154346510318,314.69680812749243,36.56668205353221,0.039
-88.9011886536249,355.6850263435518,-445.1217789816434,22.2719478824286,127.08304200836447,0.3407922342332379,323.83603344608593,56.54926201612381,0.094
-89.57380935688823,140.18032068007446,-634.7956291621978,0.07774822424396532,208.78212120903208,0.2538920418430876,115.9160713168682,9.242904981213362,0.216
-89.3826160796132,263.7405717265435,-1215.297743882966,28.348628511603472,52.32847024330342,0.7361757769122366,0.0,64.77437801109801,0.827
-89.86505771455982,246.50105899716164,-1636.7695416919423,21.01764687940284,116.10405114462027,0.231354612832809,142.34210172970813,50.74203455287436,0.08
-88.16283226753505,76.34924549185598,-2279.7197361761127,11.29366020348026,123.13604616339187,0.28915721298358954,267.991162043911,37.58306053067184,0.27
-89.67627294250873,86.03916487615848,-63.852048974441004,10.512704121826065,127.30914742732195,0.315762726327111,102.97784354379182,24.28235591274132,0.224
-88.80461869652292,101.26244287909228,-726.3088797720652,16.806112152485944,170.27894669178218,0.29360555583486825,301.6065499940005,43.92886031832137,0.295
-89.37929508069432,148.00582017337652,-1765.3352832585124,27.208512320637794,54.157268866365115,0.9453785340550304,0.0,56.085367776718755,0.801
-88.84706179522,84.35702363418964,-624.3204019000868,13.016077186900107,222.9688214956971,0.1913033575485455,241.57825789684838,37.897030118271715,0.124
-88.66230126213146,7.074533788865209,-1256.1788964597006,13.440309019792263,176.33021348813463,0.3200693934889646,234.33410556025294,34.587969960971854,0.149
-88.32349057295632,316.5815004505904,-1429.6876038898743,12.181184776258714,177.83522797639733,0.36405705830082247,233.83647243081805,36.88047938002261,0.205
-89.50779958365486,347.61953929711825,-851.8307773683182,29.820241127014725,61.86613048340473,0.6000033220054428,0.0,65.92799150570526,0.818
-89.8791079255489,122.96533933136446,-1793.19859993018,8.311168970629762,160.6756575550044,0.11266873242099315,170.7949304547579,25.33744582458916,0.273
-89.63991730286926,121.86247659317023,-1475.005215608088,11.704924013809288,159.4490146388649,0.29302135880171876,221.90436445836886,36.57162860203397,0.253
-88.1899645804886,2.5530525987735553,-1102.8311486403634,26.634356542609943,62.4437511669762,0.6270852443172713,0.0,63.89811947549849,0.872
-88.23960885263122,244.89024779893467,-1599.5609543081707,13.470108336128636,219.20584441714706,0.14660171515531423,167.9884400046087,44.65418335201337,0.151
-88.76491510587641,297.15836246950636,-664.7318317859808,23.37058860045522,112.01582815459473,0.26448747450908816,301.53373124937673,54.33344654565726,0.128
-88.75901796517606,52.77898812960114,295.2532029426086,2.887199430970414,130.13066661770262,0.39234620305025536,302.64829194525726,12.934460416589793,0.299
-88.63643031836212,57.47988577217426,-1803.4385060857142,9.947074783714859,139.83374536078716,0.28927006611898753,168.4698517890039,36.07810861794786,0.134
-89.56679457061546,284.42996998971756,-2532.100237043235,26.844340384402287,81.74261581663788,0.9332621866273572,0.0,61.8527481040187,0.781
-88.16261730274258,221.86466940749207,-2801.3921339810095,5.236602842364546,150.8027316804734,0.3482597463818726,187.23071363351565,18.407114333305557,0.092
-89.10433600270507,16.149800745978126,-1320.3745131959859,10.487009602302926,203.5928067743587,0.1638467456956455,147.67143385934165,32.88952673630334,0.188
-89.17203679632595,224.1169165664214,-1730.5316721009463,14.566852308914786,225.93893273241414,0.224297929248074,301.4999889489621,38.314435317013356,0.07
-88.91405635996261,111.21038022375578,-1033.7115991463356,2.1084548200701327,136.8921775298434,0.2583303675432542,347.87030457663354,12.659183009544703,0.185
-89.8107646631274,132.74105596950454,-1093.9218623791191,7.861898813781029,188.81720848427278,0.25136196761522667,241.42979454808955,22.25881896407372,0.262
-89.58406159936345,277.1033105868769,-2482.573477291277,13.126366818256404,161.49427515134505,0.3762917407633458,328.48667621492325,43.064358381586246,0.016
-88.4977361287899,291.9366693621398,-2651.907063585125,12.466817341619612,180.80890250644865,0.18780043217400277,260.5422018862005,34.18041770269693,0.156
-89.74268253094226,144.12838566233904,-963.2534077231238,24.803520208371356,196.90609784967515,0.1169511162188859,241.43092539466411,56.79629846983685,0.295
-88.75401099201386,340.97505696228774,-1091.6569322240343,27.414571948322536,52.311331370986906,1.0047806663731136,0.0,63.34472596796542,0.97
-89.43383669160549,146.326578462746,-1540.654398693241,3.4391512799908863,136.9209734958193,0.1651202971415028,158.92874167333463,18.65291005374746,0.063
-89.16033833332025,277.8609726828396,-2525.7148681058434,13.112685191674895,122.18092218784845,0.21370839219301224,121.06381782060879,43.53179048203704,0.147
-89.35148190013568,174.19581524313327,-822.8869897880074,18.742483084247656,197.80966866634935,0.25926748735542315,210.58397950421076,46.63937044056356,0.263
-89.2242218387166,323.11163754795024,-182.48036366084523,27.163474657991973,88.86479757128126,0.810513986065401,0.0,60.01297784915354,0.93
-88.53381278014993,326.79404771406433,-977.6140478248622,19.184902973171294,132.8063770610184,0.2605805324885795,227.36241355560605,57.96415221767847,0.158
-89.33546874031597,31.47005083359019,-1877.9791124520516,14.909134015923318,126.39220342967826,0.23432299196454373,273.89265885225313,40.49602285389293,0.035
-88.8238311834359,337.13759927168127,-1164.358267543079,18.665425319826305,188.24737016236418,0.27509154385529405,148.02469589188513,46.801213707047395,0.289
-88.99550423582171,297.19254294734964,-2292.891264746948,18.7376883433626,152.06588323394737,0.3912424479751414,188.55074472829125,47.83454967626502,0.111
-88.63902478581097,284.8718571525601,-353.631428928966,2.7228570771563163,249.63969314203692,0.34538337962693216,203.8918178225666,9.21841423255852,0.083
-88.12002349528296,72.32808228678807,-1134.5245323763688,13.927987925062688,166.82611470629996,0.15069044089357664,146.63082639457798,37.62894751927999,0.129
-88.50811301530052,289.8429151516794,-2614.5255294025856,26.591609941886915,43.69407459330553,0.7963862612671918,0.0,66.98125972190095,0.75
-89.49161328067757,306.04778448661324,-1440.5394883549461,9.926432313059953,198.03886631641888,0.3523297179411665,270.3778643532293,35.95346588964803,0.143
-89.84075204338356,104.09412040349434,-829.3587918126153,13.294466425474443,144.19568455667098,0.3072082311875399,122.96558658559198,34.797880364960555,0.21
-89.40169831583033,342.81362821043655,-1466.438096780418,9.57483550473978,179.17204605236256,0.2971700377501793,278.1995099667973,30.089438107060715,0.262
-88.76935193166952,17.94965270369913,-1420.716577152139,11.13859495606875,177.56066572094102,0.2322631002543413,236.94690150512375,38.4670586393647,0.027
-89.80229095437993,53.967331168970276,-2179.521765637817,12.205901772346792,173.49806816020322,0.2925086161358361,230.98511669828812,34.59944778743251,0.152
-88.95690413031765,193.52920969854515,-746.7672103346752,15.017919306528727,221.4519974777405,0.3212724916456774,347.4464437768702,43.63321226865566,0.13
-88.76599858705791,207.28528960403148,-1718.77536001531,6.87506609119098,140.32582020526576,0.13684607442228972,254.5502052938947,25.871688545571196,0.013
-89.26493660744778,232.25402998832521,-2925.1563016040263,0.4536305111527188,236.6030227098658,0.1771989880550307,324.18204824907843,7.585881628367082,0.247
-88.43526681288294,6.108886553567925,-1497.005896536315,3.1939354021835076,220.7876704498948,0.15822456368988821,328.387235026531,11.807197884909126,0.04
-89.69746331904584,345.7320388639669,-415.08022754371757,19.64187616135564,156.63713099406533,0.3523635510718043,125.35465793521254,54.5803584991296,0.043
-89.75723821470197,16.051713384291837,-1509.543557279958,31.72524773046905,77.77339325971118,0.82434961633114,0.0,60.07733273014598,0.764
-88.51644136321316,51.50230298042486,190.38798809881632,25.824333409054326,87.26466131840485,0.8077469411675042,0.0,58.30555250528912,0.867
-88.95856649920823,5.045226309380513,-856.8256411611864,1.4434600483055178,156.56907456727097,0.3478167251465405,292.32124526025564,5.910417751171472,0.061
-88.5920354467873,204.06903598587408,-928.9934701757071,20.546273105507026,187.97064363298654,0.31503440199775323,306.048988832633,56.39651564598812,0.111
-89.07382805665289,335.61607821155,-1302.7186127340872,5.368376241907099,116.49154363391102,0.3740779244635891,296.87351165847537,27.560659846444587,0.201
-89.4318361368457,239.7409797889671,-1254.6289662114325,6.177329374912229,238.01027817928744,0.12304209882937474,211.82198962854983,18.732995686933425,0.026
-88.34370559641903,296.15668865295385,-1410.7389080956032,7.38024402028716,123.81447993255554,0.2527472144623706,287.491029634131,38.58500375634664,0.259
-88.38110982995894,4.7812332450888295,-1441.8155136660212,19.060669498554304,149.09827517400487,0.3120243710728766,279.69413113154496,55.00742170895617,0.105
-88.5800767053766,195.12550745270138,-775.3062703462809,21.592533764490383,125.30024131341533,0.16224795604145373,178.45481274120093,54.17084405916341,0.186
-89.38292423926308,165.44267190198786,-1948.6649838324524,11.01968928720212,145.93419571359243,0.19813786959140922,142.1801400597197,39.53932614561006,0.013
-88.77856173294873,179.6284599194855,-2060.715062979408,11.189292589919752,227.27433460523318,0.225692875395948,255.3546793054989,29.16994371405147,0.116
-89.21414959581395,25.99674672066766,-2098.556040700302,16.64263743235793,196.12461359365392,0.3382976854811768,269.27159804552116,41.902321196351686,0.011
-89.7259940606794,246.3967299849507,436.52363814172327,17.67994539524242,141.8252515125273,0.24807286031715856,241.99267271697698,47.67594283763048,0.058
-88.15710420662174,181.1593493491084,-775.725678663536,23.762257067585292,232.04619417190727,0.24786100985433682,153.29488662276162,54.06425576509024,0.14
-89.64004460125398,275.453585950055,-956.4062386558842,0.8437197550919873,222.09968829058786,0.2292662855656436,169.16833008886394,5.26588775469286,0.165
-88.09454902774047,174.70462826221754,-2046.011736234745,12.2002733980403,215.51089952502127,0.16857672678889463,277.1215678648349,29.71058708193256,0.054
-89.05258903137988,53.77738904151555,-701.3261594601372,1.3197562410882249,228.6685777739998,0.3769214606838295,340.65559100930477,11.65609432726355,0.226
-89.54824743520663,233.37250346801594,-1293.2570771626629,11.49057720936597,196.7509554125641,0.19534033619700264,336.2089003889711,35.32773114250557,0.065
-88.87038819998112,62.059090357859844,-1028.6648470946002,9.73824712319239,180.20123042957252,0.2702396982309702,229.9145366043232,27.787041916654232,0.044
-88.24140291183483,314.06204280773335,-1981.2962526908448,11.532505460972978,162.35090366399453,0.14463392065669195,321.6398686913671,24.86579880156102,0.107
-88.50877271582183,220.72184606492695,-1071.7849140659387,4.002571118894682,141.32696285707777,0.23027301762971417,107.3628000763333,20.356744790710444,0.17
-88.36753381906324,56.59339808050353,-1539.0668305651866,2.872897932074288,188.03763207056528,0.3711410548507653,315.2880303994188,22.1126665655437,0.297
-88.64831160324964,346.44170069323445,-1812.4889256241502,8.944375267149027,234.52892839997236,0.39863957155317764,219.03770585868165,24.589026583543145,0.131
-88.58467452741608,186.61156680071542,-612.714931354201,10.688198457351596,193.1574504589255,0.20852555702004016,295.38183372707954,39.69034988558657,0.134
-88.2865282620259,26.2434426737958,-2430.166246824002,7.689988941670609,238.74496064088916,0.14619716389430065,101.39572739685795,29.724343594190003,0.027
-89.42563078316755,225.6598455894242,-748.1789885486796,5.2406233519617285,159.9684317430429,0.19433545801911856,317.1401960922509,15.210456406596107,0.232
-88.97009256907803,91.15160652461168,-652.4110931576031,25.225484628316607,63.62204232838141,0.8959159255178086,0.0,57.211422075337005,0.826
-89.47970206054276,289.3296426758289,-1903.7149404409925,3.4056181320468912,200.81316614476975,0.2933526382846953,160.057599563054,15.246336496979772,0.226
-88.02343078480637,294.41594648382863,-1856.2627689059739,26.16834082138803,79.59668043911032,0.9132608449003106,0.0,61.410298013423194,0.898
-88.10628725459543,352.42104810767825,-1378.4205450131217,28.23843744269257,50.58107496733374,0.6116140728024297,0.0,54.284976796629664,0.885
-89.82508905839984,180.67303116882132,-974.3710316302236,7.509004667893809,141.03165449119635,0.31039098534924436,206.10143946147082,21.25221247801581,0.196
-88.55940717222019,163.78447670198537,-1322.2839934513804,12.923814589989698,130.10272575964086,0.1753926171775739,182.50150782013083,33.07945753675132,0.185
-88.14202819691023,271.251217960733,-853.1500318464966,8.003035091640092,247.0079558724882,0.3352767069657335,233.62579426300283,35.458869710085494,0.142
-89.55690684425807,47.68943628309356,210.38372202991923,17.118039447172656,116.34131803795017,0.3542385600744449,303.6961104732319,45.3707070262207,0.052
-88.82090406195,196.8895849655247,-1606.173415319771,2.4464125306841424,175.48310818395782,0.27951705692620055,345.56881629524094,10.902748160064624,0.236
-88.16057223458272,196.64913604710634,-2572.1439765627365,19.749361071084742,169.51124439986066,0.3783003127745729,162.864410181793,47.30606855215615,0.148
-89.83550264068698,32.2103242117394,-539.2611335754775,32.191992527112646,61.241160850023455,1.0412340603214436,0.0,76.5094228148015,0.918
-88.574901492231,150.47427078248887,146.65166074202375,21.026781426992486,219.47773950073935,0.27861877206195973,198.91681247565376,50.163793677839905,0.118
-89.33503688599215,307.1825274841927,-885.7853095591005,15.236324725129776,214.34904036375224,0.3718497991939991,135.8885690377619,37.545918504732924,0.068
-88.14364722878459,308.2153039180777,-2070.1989402829345,11.786676183689124,236.73148929419165,0.2801075440721617,308.56005052108856,30.807309842203114,0.244
-88.0549893341858,35.72555937108516,-1299.1138905881608,28.82662914648114,79.91337321307275,0.9941893175539962,0.0,70.05191016483727,0.943
-88.10589367068448,32.65951778921911,-2094.818787369306,33.48239201957641,71.88829372210493,0.9242729753528054,0.0,70.05620894906862,0.889
-88.99899298835082,94.57037172069671,-685.715604829642,6.131573204758139,234.92298662789688,0.36485899917833364,137.65313856909845,16.828649363121716,0.29
-88.2621189631203,314.91578251943764,-2281.032322158748,7.999865603102911,249.1387287997538,0.1368181512618465,287.4022039591416,21.36150685381873,0.251
-88.29535614278336,46.40493062645962,-1440.10302946256,8.981874632712017,245.7012107311497,0.24205081426523695,343.39545298374014,22.443280344439135,0.047
-89.29370910083782,259.1988489458806,-2003.470261035125,25.21880992159802,61.46722669033169,1.0928223615450197,0.0,56.31945045392243,0.795
-88.32506059911371,36.41962306071716,-1098.5402518920305,11.529414592256135,130.05185809342515,0.2664247320309331,340.61432619766083,37.543140275470115,0.161
-89.82968549404058,224.32962734921713,-1493.073341710206,13.832419104587185,113.24604165102372,0.295566949145573,108.67902346033999,42.84661761287546,0.08
-88.7670872308841,128.18422768289213,-1058.590317399789,5.906509929567132,225.53056989641186,0.2517386872761447,108.93067845358885,23.171555122749638,0.037
-89.46298320915336,284.00902666771213,-1182.1195560269075,4.468110872115337,227.73188342885555,0.17704544429197813,340.00322768984785,20.010285625446322,0.091
-89.67092291702318,84.1285615771309,-1989.3272221792884,9.045191860992176,214.49052715688572,0.35708331884184996,275.06639935775695,24.7404740279842,0.05
-89.75378891690451,230.11265858038556,-698.4983491767825,14.078383833640707,149.1892880398908,0.2972575983506585,147.1724317560012,27.751302011646757,0.017
-88.57705132583153,84.84571244731858,-1239.0125214744921,8.01407961086241,199.57450034379372,0.3574563441130919,190.9686997731423,26.74741738795656,0.296
-89.25423756884068,256.91770192037535,-1990.8232062927204,1.6267380169865735,154.27478185413838,0.18281304729411302,226.9382669820432,14.74215830780373,0.251
-88.52294313409536,314.5240924418696,592.741244964634,4.154330073974771,173.09075445412947,0.2911170684708465,275.65943389218614,14.940284709866136,0.224
-89.77582295248202,45.64864768563361,-818.8558666263002,24.08323285947233,163.54091189727149,0.31425212352291854,310.50664004380735,52.78610637921982,0.066
-89.30094835812184,311.9744478943813,-1322.6084427194444,14.447846196034998,237.90961215060778,0.21502154811035157,120.66410117829867,32.528614482818725,0.018
-88.87496654448687,213.68709158914726,-67.83637863854119,18.121568069555515,142.78202630414256,0.3436732354620704,264.14353087222844,47.081314668938965,0.151
-88.39762598680598,45.75977671212863,273.4524875092857,3.011261891226704,190.86552664032502,0.10075263245268902,219.17785340948572,16.432044607456596,0.225
-89.29437024442908,153.91506792949633,-1316.2795378511082,17.538234854006244,160.5374140647403,0.27847592506426655,249.40556886075697,51.04925130553839,0.289
-88.71080638476968,57.90970565463524,-922.0820108521905,6.768956931155036,202.8299556679916,0.2840705411056392,227.13290165282558,19.510698561856778,0.255
-88.21664227835124,252.12523999196503,-1990.4022544023528,3.3342944557450345,189.0388397648465,0.2601529279115906,212.67326262736378,15.228913955329581,0.269
-88.72985994245363,273.19252839046186,-1317.7542006144092,15.490122686280793,239.35687539123168,0.2890145460758349,151.37819904492903,41.06624833431678,0.079
-89.4573769979681,38.08674729820763,-1359.2500430078958,44.85723713681842,81.80123304983469,1.057710987183458,0.0,96.96517888173955,0.825
-89.85363851504259,182.21034697007195,-1052.1383731026767,18.951660176182557,140.88971756594688,0.3054344445407128,147.41378451044238,52.09839990715358,0.082
-88.24681213958823,293.26502016933017,-933.7916170903917,39.35960159383488,63.71120883000923,0.7149137966523236,0.0,94.90993365781247,0.842
-89.85958811938427,337.01869495835876,-752.1372409375521,17.687696953394486,161.63015758527808,0.23561612277277535,193.45612273700556,39.84755847988925,0.242
-88.23806682190002,184.8664320270372,-1009.8858749600327,5.701137624272849,133.20973007202136,0.19993280919888062,106.23893468737602,19.111859346492906,0.272
-88.8950194453483,342.10052050010654,-2168.5941013033316,15.479160781208833,180.4649762943543,0.24218086104984565,240.6362407554999,47.58109637304547,0.099
-88.11577137282549,192.84802936417074,-1950.773684592868,29.80638599477708,56.18377244486536,0.8450059461030951,0.0,71.22859183335231,0.922
-88.38231185203004,141.90857805596687,-1637.1260955709383,30.29562596321239,72.27838854882174,0.6209887668339918,0.0,71.17731092550588,0.754
-88.00392518998666,305.3531262790424,-1425.792473538583,6.246626319569209,150.82706451144225,0.24503051729206632,345.0357093438069,24.199454469311945,0.206
-89.23364755064175,177.47377576491206,-359.3805676223093,14.53183695699299,223.319155277446,0.19696714828108097,102.4703801547345,42.34312112876391,0.163
-88.44234225103087,169.8849038032283,-2130.3511894823305,2.2926687967114514,182.83423932542718,0.24638256367761532,191.71364191407457,16.53115657723415,0.09
-89.13633126414244,176.51249618753818,-1485.93203853656,20.246686246914297,114.9530901242648,0.3066410992211547,268.3157139902251,51.56134755668092,0.233
-88.98823632142258,304.84260067310834,-437.5924014287601,27.533546990558946,89.5075873211152,0.756133973555745,0.0,65.11496924219854,0.93
-88.7077396198851,299.4989550076988,-1439.9019795972897,12.39799454116016,199.479691837119,0.22428462241702188,240.1834103925296,41.53711061692421,0.131
-88.24001348304596,145.26719727847603,-831.6674801257407,5.3261594563987185,137.91032574092347,0.26885194510262095,164.54758965390567,19.32089862173393,0.216
-88.03024140852133,119.987949553389,-1311.633634342323,15.601309512775627,225.834796870718,0.18820277914820505,155.69217289605643,41.20880411356139,0.108
-88.44028051365741,177.09408865408653,-994.5733941402217,16.17459031363166,204.720626991713,0.16272539786333257,323.7458876864879,50.1091482881354,0.258
-89.10624311388207,206.19810350535926,-1382.7780350476323,12.811438318496203,175.99306853269104,0.1421176851589786,150.82011974504005,37.25150920998144,0.261
-89.09942169567357,85.8013958260789,-666.3476218173167,13.78715124335953,238.18732934934988,0.20578299493782232,194.13792769132564,37.24137378502509,0.069
-88.4985936269811,285.8238304976126,-2436.045125925148,10.26185149530629,164.85210792945264,0.11450287193141712,142.3993762186393,33.677436423890185,0.138
-89.44632342304023,175.13379566367223,-1490.649606710836,21.95954928226406,142.91027747897192,0.2750447580128505,170.97193493842937,55.0555462690609,0.135
-89.69009918505036,120.25639743118545,-962.7418586445535,19.36227445165127,202.59641895373812,0.15277280979925736,173.27667003059418,45.02897278865359,0.129
-89.22621790048252,38.45555746703662,-773.0438015950456,2.1689685285585067,190.26132624582078,0.21321843769901286,181.69325593926663,15.563445180691094,0.156
-89.35424591585725,85.98425774529849,-5.6379017969379674,1.8940939684140528,156.93470613037152,0.18076684461951179,260.26673420668124,9.744351425199133,0.032
-89.33701457113362,341.7412218321541,-1512.8197334924612,9.45625582973438,158.1130385853568,0.2891169899025249,285.64818577788367,38.046373372475244,0.262
-89.45614527300518,109.83588725502958,-16.41459051130164,19.36837124105179,165.74944320877427,0.35510369844005996,227.66742988280959,49.93062723186365,0.094
-89.82002293969092,60.789344172132715,-1727.2190613277364,13.480574138908146,150.7593994471117,0.28999031289650357,252.618995230221,32.27011122579536,0.011
-89.86603952400652,165.84220499579754,-137.08287076428496,5.568495898773447,209.43379689052915,0.2627514786020182,303.3171867458303,19.17383748906143,0.209
-88.02332745950154,110.55158760968953,-546.0262986413021,14.615185967258302,201.19017670716875,0.3007251217966127,349.89016533510477,43.02826318777515,0.199
-89.08723104590186,12.657330097629895,-1930.7668637057782,8.69189480477728,171.70887135649497,0.10899719132805996,214.12649658593074,21.92814443826962,0.295
-89.16977937039661,116.33227822059021,-954.3686101985425,20.804864602241313,165.69965460909322,0.13685339828863594,334.10862389816145,65.21205093524479,0.219
-88.60867016288317,195.8791046182087,-1240.9886684257533,15.330584350670474,161.1071777103587,0.1284781707913133,222.59252325712663,33.38490448297922,0.106
-89.48531761305638,198.6164539271881,-699.5323250599996,8.847218125478562,149.6855649949155,0.1294591497246352,295.4999381228786,32.32271065521404,0.286
-88.09507375049458,128.36121162367994,-1378.6172707466476,14.315187720464616,121.99753284198832,0.17814511455896442,243.3057612870767,36.19732941842196,0.116
-88.40594447261046,161.02899225093623,-1445.796980529385,25.150480595242016,75.4252081389902,0.7796730637567826,0.0,56.25662968287612,0.942
-89.73011909560671,347.5864505645159,-104.72433378971891,6.303699234536225,154.9681888170291,0.13440447359702415,212.17580040418983,25.296058423663887,0.107
-89.10659652600864,135.84545180291218,-1278.9767155645384,16.02656981647161,186.67576087714806,0.3805348723568168,273.9537503242926,39.783354156466224,0.024
-88.22967521563189,92.96165277359387,-538.8621406465869,11.295396595340042,218.33039127092695,0.3562770407963246,216.578804804547,40.54855744465438,0.223
-88.10500915764632,87.64813586403365,-1380.2811880353597,16.269836838620996,165.39830027676442,0.39149330614989464,314.25685033417295,35.53321430226549,0.112
-89.01193712862525,164.7952605734883,133.33060738201857,5.454350584042696,242.26596681929286,0.11275001352654718,348.59216978559573,23.720093543295754,0.108
-88.73451836049966,273.4272535380999,-1742.6677034683948,13.103354331593758,225.82899488176275,0.355420734126795,160.828747981478,34.83059607861117,0.218
-89.58263550242506,74.15574630785035,-1691.3148249977478,23.07823282416801,247.87225870372433,0.3411202226324469,218.58474080181384,57.63786008903497,0.103
-88.01677961033974,255.3466057706765,19.61374489272248,2.6299301875389265,232.66842574580744,0.3706317593807382,120.31416994009678,17.830334532405196,0.044
-89.45982376737146,7.613936405789863,-1555.9571127162023,1.2940510332508168,196.3416329033131,0.2583832502979426,135.24886110344727,3.9300094572569932,0.127
-88.10880962914327,150.81587207422058,80.85944493151419,0.9145556448696439,193.78710029434063,0.33636672123270206,332.28754556139296,12.999146621830938,0.249
-88.6656713669145,279.3114234730033,-486.52753632414976,0.2933746979981109,128.1336577455904,0.11538606380279573,235.9034441227353,16.032016367906408,0.048
-88.74530008973016,121.94386407879531,-1323.7197652486668,17.95323287892664,211.13589484481946,0.12276333684519666,198.77900430651545,48.23840140595371,0.171
-88.92589182906863,202.9453565203438,-2650.634777613727,2.0585968586546546,194.028960062974,0.13555967228487648,267.8706323268883,12.273341222886188,0.048
-89.46172735773627,73.79252381732789,-1215.4546434174686,9.021046552564693,180.97049447543787,0.37443665898946243,240.04032208002798,20.973068879061188,0.024
-89.56459673918954,267.118340805422,-1118.6959571732602,18.182893033107078,207.0601621580204,0.11835080481653468,172.17943074180644,48.90553796113009,0.12
-89.48107620276667,18.820477176753464,-266.2258133565016,16.166590605485936,172.16669799731912,0.13004485800973328,156.65362656504973,51.713717087948424,0.201
-89.54576730192592,306.91535215518013,70.75774099208934,8.144410200375148,183.34035273716006,0.3791231207888581,247.55993750227628,29.598165495263252,0.09
-88.41878950022317,71.35069911180054,-1747.9897433149981,13.90923731755106,165.76932267245587,0.13221777454968348,147.0663778028512,43.60706922074891,0.139
-89.23476200758321,314.78329141499904,-559.0545888094538,13.071453297375683,210.43192507189656,0.3609268896176122,134.7930251930465,40.807990291949,0.152
-89.79009891452955,126.91052686818624,-587.6782751893204,9.757590444518137,232.72553587670433,0.33678123641868596,179.59689061676525,27.54978656599907,0.254
-88.05870500273245,260.16608681081516,-341.2698380716439,9.891652813454197,227.71829147856437,0.11208459655964628,315.3352657858671,30.235745609562535,0.248
-88.22080681856949,114.92110720302784,-801.0480702915645,34.35427434756961,48.926931502305344,0.9413790435299605,0.0,83.05116466262432,0.819
-88.1372706619291,326.1282016444731,-2753.9981527694163,20.093109039313006,111.93027863623713,0.260316515054078,308.3165634056723,42.28761732663024,0.13
-88.00967513697178,45.58936518661477,-1324.3379460222077,36.806509175121434,58.825501366759696,0.6958452980540866,0.0,86.87173359611955,0.799
-89.56959902648298,64.26712413813553,-2124.5660599335324,7.030368670794987,148.48260090127516,0.363649048029696,110.09318938924648,30.35532644996807,0.257
-89.14714016408495,177.49084505716883,-1362.084618334459,11.150334031118526,234.31635201487262,0.1930076300113854,250.5097290970729,32.04387174090295,0.024
-88.45934689616223,29.497838053732607,-415.9966110928848,1.321257652766473,137.5755344325127,0.21589277023462106,206.50485118809664,16.712614233375575,0.192
-88.5775608256978,70.5528664926343,-955.8793313000219,3.9043319791042777,171.55040519946323,0.21637179887143035,310.28190202633584,15.036805490141099,0.254
-89.60759777795428,339.75589759632516,-281.52730688205384,31.01913148662501,63.6932007690822,0.928988472795395,0.0,72.22943458748249,0.915
-88.34991706251783,351.5362780132394,-926.5968634291685,6.779657101582436,199.63905233880416,0.20233982579871507,171.62329029940415,22.19375249172549,0.07
-89.47356291351035,135.4533585589519,-2238.660751735122,31.19281300144459,56.9541894227654,1.0977469157382287,0.0,74.68468945872314,0.79
-89.47474653183703,332.3829675650168,-3216.6776052581877,0.4336226067989042,205.00733994363895,0.32413222257506513,177.45070733023488,10.344617169922417,0.289
-88.87974859650252,196.13688324243543,-1080.9529906563278,1.4653096592672306,186.85293140652954,0.2374046854735314,173.90886433471024,4.549722363797377,0.211
-88.77341412380076,97.10728771455614,-1371.1411730809323,8.587687789765788,148.60308292897452,0.1230336171059401,148.15958517620695,23.584738379237127,0.133
-88.79783620510815,252.86353958901552,-1981.5565915055058,11.36250078320822,200.48612236959957,0.33701568054761827,269.6222570706044,42.43754452820389,0.016
-89.72617500894427,237.20465036694858,-2560.5017997211025,21.230872924501295,138.59459208823327,0.2755933791850688,165.42136975669234,55.299421762794935,0.171
-88.23282436100227,356.085114879144,-1787.7945707781673,16.50770417186266,207.15835979628315,0.24681079758063532,216.2145855057301,32.52580092443132,0.111
-89.39535991908146,95.41702346734199,-1355.593187891821,7.836847426559722,110.435522867254,0.302002950144184,303.0320218689292,31.712788612540635,0.064
-89.65392164956268,241.94142095822474,-667.2977410348878,10.666841934818937,186.82815192664776,0.2516103048461099,297.97821042684814,25.56957709019634,0.155
-88.21137864824894,18.728551810600884,-1049.095134745616,8.809370802153,166.14946785785975,0.29452604439654984,313.8606523238475,32.0856156529435,0.109
-88.08426215336347,40.912573930818986,86.45379773818308,2.8534626467427024,152.43452833227263,0.3602465636095965,140.26612832605636,22.168096166246738,0.021
-88.26195752719565,1.4106149823935743,-2028.4832448363154,3.120370633983784,182.19911541284927,0.2840543104333376,246.7231905705856,16.74919138673981,0.22
-88.36191945802273,359.8058451814823,-495.1528863540533,22.278838914334095,200.34362855502434,0.2978801493562825,328.7099612106744,49.57321338337653,0.222
-88.65504023678587,288.818530973092,-1162.1610054970176,6.281649279271399,245.1437172698851,0.2841568208262024,110.51252157551139,18.98747952578087,0.189
-88.85337099584264,283.2202853040747,-644.2647007051323,28.173586974450547,68.54396894378033,1.0066421380601305,0.0,69.49346464538277,0.759
-89.73472515616832,183.5013871037447,-1549.211890612435,8.57005774397768,210.4009836317335,0.15159172329264148,161.55930354677895,21.462693813160314,0.069
-89.12393889516568,108.02414984595838,-342.65570088752816,4.2749139360783985,177.0553676350805,0.20070329306765966,267.4133988127436,15.640362127278312,0.093
-89.1918918176766,54.45514240656333,-963.8201933238058,19.39759290697269,164.9001767530096,0.30793269020743674,279.35126100727456,51.35965572339186,0.143
-89.40646781085539,102.48290598472691,-1743.5559879341995,26.852165841471173,88.30422802915305,0.8203074199587339,0.0,60.448458032455,0.787
-88.52550178399169,135.34963989449008,-1209.6192231305506,23.176324416039574,160.27356642826675,0.22183870357330698,227.19985560574128,63.456555744265735,0.266
-88.95783610335033,272.2716349129059,-1391.6446871496796,17.018520493598906,228.77279941416631,0.3277807852391674,312.0577770226357,38.84664379320729,0.152
-89.74601218977547,194.27824400513487,-808.6573194897651,22.868634897218357,163.7634414766806,0.10167065818709838,111.32950314990535,39.29648613814864,0.104
-89.48165191629536,27.894105559973767,-2143.8213994996067,5.164975771438659,174.6218998687005,0.3036983440736016,205.13569506432952,16.43884770380731,0.149
-88.60180834904676,6.4904432252084066,-1223.4813616925555,6.781694585118518,148.05681936348668,0.24676795314700462,209.87973216723105,25.11400623568467,0.104
-89.75535136696844,36.839584632262735,-883.7541978805352,2.8882993997515545,148.37858623387135,0.21302877437390566,234.5696189609073,20.093248360510636,0.093
-88.28270686330734,147.77953693105655,-1173.5813542455735,24.246387312151754,118.66204652484478,0.2021609834720769,220.33511869196502,56.450831621626826,0.14
-88.95922159867345,335.9494501376466,-122.44700448880349,8.165219810761133,195.9325495867721,0.15186264859455087,341.9903802207387,24.94428877488813,0.15
-88.98688550307938,229.46489323531978,-580.781780743158,20.454065567820557,172.7297164263485,0.20027562482458094,119.63489271201941,50.75369919159092,0.136
-88.77442520914691,288.65732395518546,-1205.9846373925973,17.35856942488638,194.83451304871124,0.21742554163311187,166.25416548228156,53.42670006775768,0.169
-88.33310616474222,167.89485402163749,-1026.6487220018614,3.3769306383631896,186.5641660040394,0.2312346758274505,342.157195362386,18.647656040449586,0.237
-89.23916250498584,130.1997899502154,-963.4675588144004,6.1304179002371555,221.83824222160447,0.3016901916032583,211.32563655225727,19.7969699877316,0.027
-88.61176931013779,39.02413417798418,-877.3603166665407,24.93817690814726,215.1416677236062,0.2360713058269015,242.78936303434628,70.13517930730552,0.245
-88.825109268408,315.3358879870338,-2660.5263965316863,4.245173513155866,218.0035394393031,0.33888529126700523,120.25638607711439,18.54638821823344,0.076
-89.3926462866781,281.93761045004504,-1441.2210366154777,13.24867610195479,179.89346097183457,0.29192139921351234,171.0127199906009,26.120768357377422,0.083
-88.2306030259252,60.52251513518104,-2387.551254554741,4.17458713673555,159.54338918955028,0.1568791238482268,109.91292466537897,11.415040470145478,0.184
-88.38489055894684,184.41380299545378,-177.37524203241082,8.860478130841393,240.6811226746134,0.18315195183115407,134.37621062194705,30.512139969876493,0.293
-88.64894151414899,175.45493085164816,-1248.6796160023423,11.538380560300281,117.59776832031756,0.12377475593241564,258.32870444705105,24.190624997413046,0.015
-88.28389471472094,225.0329589671503,-1354.6727597436982,4.171334897025087,131.36698309903224,0.3837165264769967,290.9056159633161,20.832925217113566,0.205
-88.25214101817637,340.627281836854,-482.5621343734118,2.3955304601611846,168.74387290472956,0.36596514436878,317.5212192249403,10.891221115041741,0.212
-88.55411034424144,208.71771903449266,-862.1401620401002,14.862733367774425,195.95407135952155,0.12543886763528114,162.86609513655634,45.61404739557749,0.176
-88.30967467610903,194.4782160403027,-2102.907611503366,3.5526259120882386,111.14805247294103,0.27222280475423805,183.2159604007647,17.94281615689863,0.013
-88.57480422282836,18.11625585647902,-1256.724290021895,3.8934244430132736,210.70519470355987,0.3881205456582456,242.34959436016433,9.601736840049401,0.186
-88.60773253365544,22.646691366488618,-1468.133578581108,2.609468562980293,188.22171599058805,0.3241428369838467,120.92146586698632,19.7900523559331,0.043
-88.72463838139115,67.444844877644,-2595.6263108848434,11.220919536686816,177.85838621476955,0.24754365819120183,301.67956504722355,39.25982683254513,0.033
-88.46983838484049,11.68947780902938,-1752.2209865897637,21.437016343998412,169.28930543590155,0.17233089667199047,220.82301467720475,46.48986613961645,0.212
-89.59865029994316,267.6070424052045,-1346.8322576131725,27.065286363122667,55.52490869870053,0.8208227244411088,0.0,60.116629320654724,0.967
-88.22634555752204,260.3989094378267,-1291.9607451934742,4.740819140062214,132.65000282744467,0.3208713864014082,129.3290022564275,21.99355919325588,0.268
-88.24349729728407,48.98024439539146,-2385.785138941847,33.50310793331211,83.87846683034371,0.8540033169979215,0.0,80.41479034096548,0.958
-89.84443016223435,300.98840428630115,-278.66753356201957,1.9529513929320412,150.5492470252574,0.2586079973054298,187.14432102926787,25.672130979191895,0.12
-88.33094817392696,55.72297254460031,-1281.682447113151,22.835485233278696,209.33067087794547,0.13628461045501145,151.69054984467215,60.12551323261514,0.014
-89.65514725180046,108.42321131904917,-1169.9575386715496,4.783035459845574,192.36030373696948,0.3801605120879784,274.14753719856435,31.569991201196913,0.116
-89.26327417690763,89.63168369809141,-879.4866893281306,3.290767301299896,177.21722246666178,0.35342882037002055,336.70261439873434,16.678589472261574,0.153
-88.48733431304595,134.0305554862972,-1830.461003122937,4.552438432156113,190.01293522543443,0.14216163370822688,122.47612748877926,21.023010202612305,0.164
-89.59455619750823,91.67895572038627,-834.915221493843,11.475523003508808,188.29612182550807,0.11701827508865567,160.55908327811778,30.110402001124754,0.113
-88.34586265417379,176.02233351784275,-1493.6597168145463,17.7997217103361,152.98586956858955,0.2607603048249201,159.47453700816124,42.986428797796876,0.22
-88.31894506188029,146.66683728768675,-1917.2684325177534,18.69868037904822,123.64383261426161,0.1852427853188578,227.26826599055306,48.13286241100851,0.131
-88.93581130585441,355.1650166805575,-741.2420053156809,2.560149846521117,235.54953161282708,0.1849749128243704,213.00636059969992,12.207778860989055,0.16
-89.88786684373802,20.133486046161238,-6.6609129585538085,2.1034071248873136,193.98757676734806,0.12616647782512352,281.71655155645544,1.3863835909901852,0.242
-89.35462754696766,51.18529549944658,-620.1365012113346,2.8336130663645296,207.68471995531922,0.38601575058141624,283.15780520609786,12.333222725818297,0.061
-88.72783885508609,19.017321807096895,-461.6179478876553,10.886455976144887,174.95961141137371,0.3490499378979534,243.18861586390355,37.15638257929075,0.103
-88.03574626174789,225.30283019365527,-1616.5044852498393,9.898443958091253,215.90728119671877,0.13415037756277506,247.7555647980031,30.160933017298994,0.161
-88.69955429866833,19.62333986893905,-2478.095783334765,2.49824537930205,191.8296169570134,0.36297963029524916,310.57909747161693,15.388538163038037,0.233
-89.4063731959781,301.11830545540437,-7.8899823201270465,14.696036940632442,117.53215709360663,0.30488681678894114,199.23410943811047,35.57484923673637,0.133
-88.69538916411074,184.29790704549401,443.61191152380775,34.62568808335318,73.56515518891356,0.6984660941688585,0.0,80.91612789033493,0.953
-88.87402777853988,189.72274484935213,34.24541901574571,6.952845381648486,152.77506055030415,0.3613751663245396,153.25757218818939,32.19898212550293,0.297
-88.41829374921282,202.1740227763899,-1468.6287511837997,7.664881787964665,129.30470883898698,0.27940665633458756,108.84052767205617,32.33329545111687,0.215
-89.69673678622878,61.492934270235864,-2123.7074709830754,17.596615703243685,122.32574107860421,0.3546009533003158,198.3740556997613,47.02257595700444,0.22
-88.45404698524615,71.16850912121552,-2052.546158255653,6.411837082632051,210.8616439378955,0.24078037734617574,189.45890635741708,18.555053945469155,0.145
-88.87159350051539,114.77423623428169,-2546.9860540912387,18.689644817181822,208.55557135261037,0.2501953120485483,124.65748363364881,56.21527994955402,0.169
-88.0703151926679,213.65870969586652,-1285.9028947280362,4.814572932209597,208.02269747385787,0.18730300882328685,288.75639771686633,24.92535932072727,0.298
-89.2504428845265,75.64239933847723,84.5423664659636,30.321196075773013,51.56106679488862,0.97419431382689,0.0,63.23817201662492,0.773
-88.6980184030455,41.879421767974044,-1313.3301054977946,15.447749725922945,158.8520230796712,0.27032562073846644,156.4254264246036,32.111528439795485,0.073
-88.12914659953097,349.2420791106356,-958.1416797213801,5.799770509232885,188.55862789024923,0.3841177671125853,289.7815189664025,14.472383769767017,0.29
-89.70523151681772,7.913453331464249,-99.52242855663326,6.11308300530726,196.72938161920894,0.28003532799044045,266.98279801049887,19.757824402851988,0.166
-88.11926587425074,288.97106592096776,-1523.2762494659196,6.8620024729196505,247.12745599930477,0.14421345753411807,147.89878494971975,28.232919046449155,0.016
-88.59301712762846,283.69265384700793,428.42516537567576,25.727496662488733,77.1656265559448,0.8394568405168524,0.0,65.84475066187048,0.834
-89.77110958770018,106.99708098423456,393.6755259979627,0.687510076012833,243.88636798655168,0.35529635665260406,144.35651646388175,13.078619377932153,0.03
-89.32816922280105,48.82558176263282,-1304.889070944386,5.320583295404953,130.82280663153338,0.20929762700984594,292.92506598957084,19.9388961948639,0.163
-88.55447303157396,52.42631281395243,-1662.0274112153702,6.3833944307457395,216.9602038438979,0.19448978189194988,342.0716207775278,34.62332908156439,0.249
-89.77203385720934,251.0753822053893,-642.2095628877496,11.84312033243062,198.60402600285778,0.3402193368827146,281.3755450529162,33.856180853897314,0.166
-88.79387612566508,231.41037279102252,-1478.0199540150863,9.288903073532055,224.36544521807826,0.38360928972695063,266.4442673375455,28.142879477824877,0.118
-89.24282219178939,281.78844273049924,-2125.244173653869,2.9122783139046273,114.0159803095786,0.32441352650558697,325.8303617046845,13.286663763366601,0.266
-88.7202605162418,337.4932220636777,-175.0090771816158,8.001773164045325,120.93834601146781,0.1521541938734297,167.28304847141806,37.06351286681921,0.279
-89.81309013575623,249.09385077597312,-226.84209017833598,11.004493168150315,119.75740913968042,0.2174134880773127,169.28893761645458,35.6134858873578,0.111
-88.24408006831048,56.106553158519645,-1075.5907169891514,5.719021649202166,193.0143237696203,0.32781956573042226,260.2900971760971,16.265603280814908,0.155
-88.05037095856295,87.63934203554784,-2210.2918029825423,18.867754890476647,194.41104946057533,0.37207774440117203,320.53444492288696,41.97069408744546,0.295
-88.05913207495719,303.18974311432123,-2183.621000973909,21.19408428753647,236.85468450969665,0.39958001918489805,254.34353709089186,43.98798172491581,0.062
-88.47566151968844,75.35018730031508,-1114.216569264678,11.216133002706071,175.4644920325823,0.25346827214145573,344.26218907737814,31.94841787741335,0.096
-89.6528361437518,26.10803410361331,-1599.8968276040257,14.305415868507293,119.52686770069495,0.34675744550258497,155.72557734168817,31.118446070600196,0.134
-88.45929992773486,253.18081945521016,-1472.8743457132866,9.610559973492709,139.33411622715215,0.11398949283321523,306.46990071442826,23.383105968473302,0.039
-89.85328485872829,144.90948797645115,-382.42947595199723,7.788972278381682,111.13023327449801,0.1857474249264904,331.815912062796,30.91965129873344,0.089
-89.85796525209491,331.2144189165253,-613.4565460619539,22.048216917579126,218.7400335179767,0.21145402100424682,206.75059948810605,58.5514154003151,0.168
-89.28514058361587,234.09182559371814,-97.48585560190963,7.7656341682072245,224.1839211633084,0.3926571535845683,340.4956316830825,32.98827823050601,0.076
-88.97157793823114,32.55083200499787,-1992.498578701806,4.627383236080391,249.71165827977904,0.10101809446445817,150.53690511389482,11.903165109899096,0.209
-88.43622590616519,341.22836421131785,-1474.5532549493696,34.77688926030931,73.73535933690137,1.1706009490057445,0.0,74.54217785313604,0.865
-88.60173878444765,93.08061491048852,-592.8146436319098,30.19077190195805,58.95125262023262,0.6599360751128992,0.0,67.2387207389268,0.845
-89.05278485788418,121.39649654626287,-841.5373271896866,16.67574912482157,142.8621834086521,0.19200347051320338,116.53646804068914,51.55192303810987,0.232
-89.38010933406484,144.81374892607514,25.90430607009739,23.389106114800477,192.28764147286142,0.16752002974437308,230.3329020056091,57.092622821841076,0.175
-88.00546344970034,18.44074670555277,-863.5706352767445,10.259354179580775,244.67201538738308,0.3190265534307951,232.20976287426424,39.62883565147827,0.249
-89.09025552575166,178.74555200301774,278.4872832844419,4.124485593712935,124.5009972059112,0.32360166789995964,114.24335672495683,21.38619225021388,0.114
-89.04236465377362,44.394656787105205,-767.9857586214874,7.300421268268486,127.020222822504,0.24165336479425256,109.88279002686984,24.038735718785926,0.016
-89.58911473973583,144.34931760780663,-350.2660419290718,9.640199011330537,208.24625793905201,0.3840752409596271,101.27419520363523,32.14958772944638,0.024
-88.38986185737514,126.25552367715035,-1458.8119574275656,7.100559790260375,203.40898770301692,0.16081212386255256,231.1272108547246,15.554214550227586,0.241
-88.58200377101517,278.22243003354123,-1188.5702304928088,13.500262915163464,145.07088974365664,0.37402475019387926,215.9539009922915,26.7293383857856,0.129
-89.48053773570136,289.1413841877832,-471.2444769284198,15.860246187085599,223.84027074203266,0.3266524229575888,335.11504838909775,43.01678092744958,0.293
-89.74347601332991,55.22863766007168,90.38253647444344,17.43654128280607,128.02902576684485,0.21046250225621424,185.57657896452525,44.94509278415471,0.251
-88.60705132605804,131.95842745652143,-616.6104405513976,28.018987915899814,74.96659839021355,1.070712456131881,0.0,75.70606350486237,0.914
-88.65642869286584,134.4071379714594,-1266.5374175476957,4.116907352250365,138.144470246539,0.13996065292412618,101.89085366015185,11.339066066775104,0.262
-89.38080689870341,54.507759816990614,-98.13197637732651,3.298368422200978,121.3893321812207,0.1392947479579682,265.88461145005755,18.458999104639553,0.072
-88.09335923172422,287.4432618184286,-2953.582925023905,14.799844859644686,157.53309210633964,0.37898116097422185,328.3650060067279,43.07608255138212,0.151
-89.6129900056163,254.60219820075238,-2337.787601205499,9.064331634091138,136.2977803948363,0.12843415235362352,188.69198916626445,29.84272715464924,0.157
-89.07856387801905,68.5374430669325,-654.6926210652888,21.011117810621716,183.77177150504463,0.10122388205482141,178.51427544590638,57.51696564579895,0.027
-88.10712975168157,132.01988709376766,-1188.7133149975002,5.882321378072806,206.15851523204165,0.21670914747547063,256.5074662181375,18.602781536315312,0.046
-89.10251809784037,38.089808948345116,-715.5890791006678,33.43444818543648,73.75134440751299,1.0885254040052468,0.0,81.03005456546518,0.807
-88.68680069943824,226.15437495349582,-1148.4739820544464,9.434051642104764,202.48502645353688,0.3589109479732754,200.6045938691278,31.67572883831206,0.196
-89.1445706438707,43.69389283750308,-743.2434443169018,13.469922842885556,161.08887201599782,0.37680805403288,168.27913521582184,42.76911697469215,0.087
-89.37899111553753,354.9363007049704,-1851.5222567945525,1.6310308058159375,113.9091636134096,0.24472790930692384,186.22230156973387,10.70624375954979,0.163
-88.03044246887633,281.04554688763045,-743.6111311362474,14.872203451752794,246.36897739152087,0.2276414599030111,269.8526531077819,33.81339016574658,0.12
-89.12226538800142,140.4858778502382,-404.46837743393246,7.793197948526952,224.71789063559936,0.2617117830832276,330.5937966065462,22.4436147467527,0.193
-88.20121151300964,208.2830156205676,-223.55951685501395,18.936979550131447,120.27863537184793,0.16785838745349588,245.77886892899167,42.558667618112935,0.133
-89.46308624880695,328.08305383790713,410.8434357189599,19.24428176235412,172.88469546188682,0.1893897584261008,102.50836223208242,45.663673606588404,0.257
-89.49510106235235,199.4757409424974,-1004.7212451980907,25.5929142433651,88.44246597996789,1.095900982556953,0.0,59.51441194516251,0.974
-89.84084524251944,62.81945510326386,-980.8711305222569,1.8003128123231136,136.6831978801693,0.23393502733340904,338.0596321631124,9.043668310331988,0.275
-88.66183303178582,136.33320800921734,-2418.5379713390785,13.605621182974193,190.918405590788,0.28350748676009785,327.58044095752575,37.2501102599414,0.059
-89.19979994692486,303.53215141070837,-1625.1291209107399,17.63816559386504,184.71080653647618,0.3790671203174807,128.91180990013802,39.38124573314562,0.143
-88.25771932530469,231.91668575626244,-1354.4656592052902,16.4228163833031,139.15712639485866,0.3217219511880275,327.10426576683193,42.47963065019064,0.143
-89.00090117728604,234.2607783601681,-359.74435817891595,3.3470072486514866,129.76944329884344,0.316919120065956,341.13225575973007,14.217903278753788,0.254
-88.06043248696203,312.0557348478561,-1688.8008992717032,11.919818895561402,216.25472054660924,0.19239968862823065,181.14297394008497,33.23348266048685,0.114
-89.54750152016408,321.8303006865017,-562.9279842009341,15.46960296884481,155.16210246094872,0.3664879892530134,275.2517023508169,42.90599580485563,0.169
-88.24961598088434,331.12532584059704,-1201.2973735707042,10.475003216900806,144.16567473791406,0.3840867090039993,239.99560387840742,28.85885109328254,0.187
-88.4244659796957,34.145709571136194,-1341.7344920918094,6.333294070385597,213.3029693928384,0.37967888096261115,184.2624146376947,18.776775285830016,0.042
-88.4352484951763,195.8853607067163,-1000.8848246933949,19.639453637154663,213.04961688321748,0.11164090795731552,138.33394522963002,46.006264420983186,0.172
-88.29491186657792,266.5834276385947,-1512.925097802274,11.550804618455668,148.6962318870721,0.2813051908912065,191.73005602636172,38.21722561726168,0.082
-88.4540544172083,272.493664245725,-1543.2297984741324,1.191950527677994,232.15958457525952,0.29296753171758855,331.9491428596281,18.76547619623636,0.07
-88.71018138890031,218.41783270920138,-2563.8287246320915,7.314522890962216,206.35502311012795,0.18851954806495108,302.81209389333657,22.05455081752465,0.083
-89.65063473240347,60.0434406661227,-1398.3633658623116,0.7103673486683455,158.40699049501535,0.39772365494737894,182.6686326607261,10.648069065514118,0.039
-89.83820025896662,287.07139941899914,-1583.9745169189812,35.93012294766787,92.93907886226054,1.1252279867514519,0.0,73.3382525554126,0.931
-88.1503890891502,259.2400800653805,-1612.7847914792637,19.22776773932773,211.7393560302865,0.16498349745431673,201.49041967739538,47.545832424815885,0.198
-88.7283644024106,31.008877757653064,-866.5015499279677,13.886123419750117,139.62173660536888,0.24524369513295757,216.55946199820278,30.51446934309459,0.283
-88.38657914714527,166.97153688277547,-673.0944377675922,10.183390728141953,175.62651094653137,0.19694421393110306,290.3026715013754,27.92509422288383,0.21
-88.98510753212616,62.63186382784929,-1014.2443962861379,9.526070600525642,201.49816791613395,0.37720883796098337,235.7515502377151,34.43900327069739,0.1
-89.67711444097145,121.49173645666988,-403.6678476404204,23.671959833590947,185.52979672121984,0.23202301939443185,145.2611158529479,49.83442152287786,0.107
-89.66214699481516,6.509193194046756,-739.550459335708,7.094042580965684,195.16596842662904,0.22304486640177507,167.25890695113475,19.678031359322222,0.167
-88.59742595426496,144.11875262787296,-1436.0449518445137,17.769204106842928,186.46974992674916,0.28775863903255006,241.94846546940056,41.052921078968986,0.261
-89.08241879969103,197.95569161623575,-1570.2850285715037,8.51572049708406,137.8918421306028,0.12433440137533702,273.20488998229985,18.68717381821269,0.069
-89.51900301926936,223.04973341775127,-949.7422105865228,31.401566318350625,66.6852814914867,0.8299035974835799,0.0,77.11666002297599,0.816
-88.96597036119127,238.85652424633562,-740.9863120784794,19.422885075783036,184.4779693668564,0.3305196465414615,255.05263308529877,50.231960320571446,0.155
-89.77800301955725,301.0648727168856,-81.7245543748013,24.455568146836256,219.20878392843247,0.24220775041830034,297.34423789386994,67.95540736887979,0.28
-88.79425433636264,77.56664661926281,-247.0615640479234,6.155902253117612,201.54659320373597,0.3867093823001285,236.34797905201546,17.33521250954705,0.165
-89.38891253157333,43.37345607784846,-1633.178405205735,22.581361125674217,169.72273232603087,0.27380173323872437,344.29786251307485,46.30196539041708,0.236
-88.38463770878934,306.5533818832532,-1281.6050241018092,8.874225746053092,246.41597650228036,0.3085709362734973,158.89216295068087,32.455045586116235,0.035
-89.31031227804522,56.38061336135396,-663.1857560657841,13.100348239328493,125.09137303516152,0.3773034866509304,329.92206259751345,34.396507355498535,0.105
-89.03508171674459,350.9136292810303,-345.60177755282234,28.350476706194584,61.222344733788105,1.1484384867194737,0.0,64.36783302464137,0.851
-89.87792097417461,303.3137625835093,-448.8244250361663,1.5722494324358092,157.78376540443296,0.22954780231766417,232.91114410842545,20.534630912616127,0.207
-89.76235091319035,180.31557812025568,-1251.1022662650773,14.032477313054004,142.00009077830742,0.10743135268994451,213.97669270065245,38.91376643834303,0.267
-89.1542622428273,353.31171297192907,-2203.218121942813,16.38005258518727,197.5618795528416,0.31848979468954286,193.22081727985125,47.28108424075578,0.181
-88.98811621403746,35.05562247888152,-1999.149100996473,17.200043808008097,115.53710210707574,0.3894598034803136,340.683667150206,41.28685085762749,0.094
-88.75996095857333,109.10367402303659,-981.8931885444686,7.492155069065346,134.84114979827822,0.24107053706079817,168.07539021649757,21.35858689177827,0.166
-89.34584110045233,229.76078941462012,-926.2195364605236,32.862641008080814,57.11813777671546,1.1625264872916483,0.0,73.8984160972266,0.881
-88.57953441635956,126.00247265034434,-2078.943498747508,0.9493188534026018,205.6684085111043,0.25577782792413356,301.0171430032025,15.25047074696953,0.237
-88.26576744534051,334.21411871308504,-1164.3443112885827,26.588853886324692,43.20832997566409,1.1957136563356379,0.0,63.43220821659913,0.805
-88.41828312110263,23.625391744014323,-695.0205144225736,24.150656055916386,221.7888478774276,0.1002071423446148,343.288231601383,60.64111698633232,0.065
-89.82472423183813,197.78825954194724,-2120.9813260057153,31.008887896036846,92.12114968330025,1.172158761488972,0.0,59.00161317959533,0.756
-88.98703680021013,212.7118562622412,-316.00223855646834,3.8822709870782024,189.1568061817497,0.3659088579034966,328.62266540326414,8.354700341193743,0.068
-89.70063266100547,234.98212455980067,-1502.0249188478601,3.3116851211028973,114.20317034825621,0.2623893800826127,265.9702649159601,5.85497408036294,0.102
-89.4401144698612,92.0398403994532,-193.9095099386792,26.919430591616408,78.11982673232652,1.0781232682770752,0.0,61.94239191180284,0.978
-88.02534107279243,131.2439139071512,-1626.7619566207204,6.770391546303088,222.83773127596572,0.3015417383840864,186.39652231004578,16.55248371997508,0.234
-89.62925846848712,303.72499067939196,-2021.3003863073432,4.064589010404138,173.93319992406754,0.14135369888899402,292.647535856522,26.57745183839318,0.275
-88.95211250844243,70.17939682925754,-1566.5095918733757,7.116922132885082,130.99178511861683,0.25226414542980424,107.44657929996941,24.126919434166034,0.019
-88.72550410479558,297.67242498241035,-1276.1184984618562,13.919937886222675,171.3974734083638,0.12808899159433512,238.95512052994135,38.92331803695706,0.246
-88.5653165559662,202.55595224498725,-1510.7839254171847,27.922250736487747,80.27124995406423,0.6657150869410038,0.0,60.39554089100599,0.981
-88.83666750137486,274.38750402986955,-1372.8011372584906,10.147340850696418,165.0468041009548,0.1954207975353962,176.71796819470555,24.68974124759201,0.151
-89.88143538990356,256.89865185484973,-932.8278802590478,5.917608519354607,178.29668618469807,0.3492974244212509,124.07394505287249,29.591410223090097,0.227
-89.27972351433642,74.70413833855645,-1336.9434958371196,15.113899376964271,158.938135751544,0.3399838378625245,327.89775708777694,49.13986037690212,0.157
-88.91634787756905,204.77258511619422,-1252.8899151616056,16.695964832944007,241.17565306074053,0.39954216264233233,257.06509163471355,45.471039728345524,0.077
-89.73305365162483,312.38033500983323,-2567.381119362077,16.412398221702713,188.7542416578935,0.17725095241130945,267.127654218541,32.66605725875103,0.273
-89.23380883070256,155.56184524869457,-886.6415871916219,10.22013792048655,228.00497435256554,0.11854032783387411,312.7821060727655,28.312885187854178,0.182
-89.83691409329641,347.972677280394,-1271.3626381533343,7.550861139181496,216.50199658778124,0.23290097954465347,283.2581188156139,26.668059710824735,0.28
-89.75070085540547,162.7974360366185,88.23438438629682,2.823840108936679,202.5632832974887,0.12502100048997125,131.04889403683984,14.507848867604398,0.256
-89.14584577521697,51.40282920043849,-1951.6521338031666,26.20271085267462,66.2656129759749,0.8026259478153518,0.0,51.80459125239517,0.941
-89.64784006731819,140.19648482796237,-2646.6362627996114,13.870689379765999,110.30432972942225,0.2791900424084658,344.54268259824266,46.9889566397426,0.115
-88.82167238830304,342.6128663005934,-705.5452048559664,8.774778808929433,195.88546407729172,0.2776392554032896,153.52897273167852,23.3720878526346,0.296
-88.59001655863919,115.09950576234752,-922.7783853495996,23.18168548373975,159.83404342034967,0.11299824331890712,254.92848277978763,49.657625330733936,0.257
-88.37888527169274,312.5153375521426,-2006.7464164249168,0.6988336763105156,126.48670335218463,0.23287142542548364,240.90357853033305,11.243286372711625,0.108
-89.51971453593487,317.2502454054803,-2423.7991640032733,9.746518662869923,172.24767690569087,0.2590656078601725,197.91151144870258,35.41430464854237,0.27
-89.58178309370777,126.06714875950598,29.917384547431993,13.377584051740373,212.97746511966267,0.180407271345996,338.658845916422,39.320250392874314,0.229
-89.70132110336465,29.972756898227566,-68.71168751457458,7.586224967053709,244.63489125781857,0.3616129545626482,189.1000964037516,18.59424666821529,0.22
-88.69078252586709,260.84084729717455,-3189.965406964903,13.007628229015987,162.37468475709147,0.1483295942939266,123.42011067155711,28.612288413606155,0.012
-88.55769611967489,112.14442764503497,-1566.5784234052007,10.123060685782349,185.98126181869674,0.17617054150186434,340.63574594853264,19.288227719302643,0.017
-89.83998632483129,281.85250113272605,131.3536438271194,1.99343047785875,229.1742136709019,0.1470983245098259,282.3050517038579,12.52883789911412,0.211
-88.121196732137,159.35574537375592,-1580.8500462222935,13.81477881879056,156.75991879300207,0.13496399016116745,185.61246890455718,35.2641029656151,0.091
-89.80125456106221,174.69602724334376,-1592.489787221322,1.2835179151286749,129.91601429591415,0.36369375520213787,170.12790627242856,15.136388853489725,0.027
-88.87153696292796,280.04738642947325,-1426.2074621034947,13.656151250967222,149.46345637257647,0.1833577495209946,332.006666152515,33.884751288037705,0.093
-88.55278501304326,137.65079918218603,-2096.7175790145275,25.741358241501093,45.5945144221796,1.0542971092932578,0.0,66.35125395478283,0.887
-88.24515866488244,159.52584431624922,-2563.8205953824354,9.189768027239456,132.3150351846573,0.22839470791757496,234.2894181740753,31.652956997607834,0.146
-88.54323482894839,135.42856875706397,-357.962151412201,0.2851687002901375,156.09094854094948,0.29076204422017504,153.73876780162243,6.925929173060846,0.189
-88.3767166421674,132.2425854998208,-2674.3495249981406,10.730121867950196,175.04964347004767,0.3784528588516629,348.8036534787956,33.41611670876429,0.242
-89.25504463416867,189.3407676845254,-1002.1828383129953,3.6802889192146857,228.5958512887288,0.35338236011297486,292.3771465679173,24.00543829466182,0.104
-88.35183228388163,291.16780002041423,-490.7364057938803,17.945090026314695,241.27985971141646,0.12069591772607136,241.90873503842766,41.08665030307026,0.013
-89.74778179186912,130.2365922921237,-2360.9810391209267,10.520112524771465,169.61344334865566,0.3535607605837654,286.4566122957028,29.973585691112593,0.104
-88.199848353485,188.73169939358522,-1939.4147220760574,29.09763251664573,64.83405181834978,0.9012918112209198,0.0,67.03132407190665,0.852
-88.8595744853079,241.4618371593363,-229.45664928672807,23.62989595677338,132.60427328008564,0.20504371806396562,340.78104860514725,55.47121672785487,0.15
-88.34713423707126,96.9982006693158,-773.6866238183682,10.469194955185973,131.95932086549186,0.3017163776384886,296.5047211063646,34.94787145912954,0.175
-89.04059525941523,99.90820976486133,-1693.8285655031098,19.15609067973091,242.8951147488717,0.3850623619297745,312.2664920833066,52.717594252599135,0.231
-88.6772023791266,336.0287257284437,-238.20079731106318,8.067635908371546,181.35521869396638,0.12824064927644124,199.44848114659925,28.168637772488196,0.043
-88.89983494422138,260.4724463991919,-234.77142123655813,12.339568851651682,136.02709694955354,0.3304231090750718,197.95574879324158,36.473813240650166,0.223
-88.50997990866487,207.7872034403912,-984.7578455874343,8.385658036496878,178.31865188057867,0.16105240922738664,302.07416318592306,23.96027396275212,0.096
-89.74490303414188,233.17921959142032,-1920.1281822989304,19.664559598497085,219.64956175306722,0.21404083684809966,289.90628471576935,50.98175899205573,0.123
-89.78533104041793,10.547799517230612,-1530.7589627774362,26.329882767095782,74.1713368819234,0.956012595539208,0.0,56.23391731333397,0.879
-89.43050385538072,222.51706760221086,-970.8906048356879,19.986482071911432,230.9556959308939,0.26373975520370185,133.25242354082687,62.3656742039923,0.055
-89.59686510778495,183.4231943607127,-1350.8758633179905,21.21936601285356,189.73992643223858,0.12023699438512789,272.7032796730499,59.19006400403086,0.115
-88.24361122347482,196.46988472059684,-448.83425741211886,21.23033437235729,231.37244201150324,0.25241456504102155,261.9120584520785,57.243352292121585,0.037
-89.48349342401973,129.39257765909414,-2423.819264087469,17.512559223347097,181.40422923245563,0.33689257049242727,299.6299600883833,47.06680534122744,0.255
-88.04585601394365,29.330603176659082,-2395.4108232529907,0.6071384078973203,194.98838633475083,0.25866417632967803,106.13809622662804,13.260186899938542,0.099
-89.2598979956349,69.60212410033878,-1055.303110814054,29.009715194164997,70.36846007508701,0.9557324426140713,0.0,59.56882435025684,0.859
-89.55397596019148,342.2680967565618,-1593.2355310455237,30.04410826698425,40.093776732624576,0.7120503679529435,0.0,63.7951588684823,0.876
-88.39957283642929,147.13184241753623,-1701.6388917581926,9.661203966866315,120.30140819942847,0.37730361041189486,271.780532755018,23.65255922492871,0.071
-88.64845522654834,168.0059360991111,-2614.445375339518,8.293020847838182,159.02328996007765,0.2974611970282339,254.13989289325087,26.877795259173034,0.217
-88.95342813873904,18.975524347238036,-1184.3633241614546,18.12411652915375,197.35219035143444,0.3189659519525768,210.04958020738036,44.84062876761969,0.191
-88.8448092532185,13.523842635833013,-1242.2040864006126,17.508128351835047,136.92653174952676,0.3357809522348352,286.5068834729656,49.07289846630615,0.073
-88.5335166212827,258.18532093683274,-677.2168144386075,9.980539312469812,130.77395088994962,0.12720802725800046,340.3047326038776,25.133340192540288,0.188
-89.46593599147053,193.71407908360007,-1144.8750935032224,0.5002565558760423,151.03127624280125,0.27446096778098916,180.8687449804707,16.13358006015351,0.011
-88.00696555949219,183.134154317856,-1306.0832625923974,15.05701190749777,114.495604718895,0.21277455795559244,287.1089707922909,36.01212239451232,0.061
-88.04789299192112,87.52483095216073,-258.39949056773025,17.514365381755454,214.07920573216876,0.14174774910162916,178.6342612108789,42.93891257863791,0.221
-88.66438119594082,268.110263386772,-2249.97384275884,19.25821148038797,146.22018430636743,0.16081286749120716,311.4132850790206,52.99364674306936,0.129
-89.52086934323462,60.56516847905708,-770.888624921939,15.492927723542074,127.39337552912393,0.33434814211742037,209.31829147235672,43.50912838160879,0.069
-88.60756633938055,68.37650771796721,-2536.917731836279,9.288848516380906,207.87811823488093,0.14844673158693183,212.31643351530107,22.32041708895749,0.157
-89.76282302293957,165.85638168537918,-1870.6895040006461,21.94002039506278,228.0099217560603,0.1937255821665158,292.97014528412126,59.20034390576078,0.145
-89.84176024580897,103.06075036029873,-2170.125706098651,12.658484975659183,112.78258342064899,0.18546200147892444,224.04242486926987,35.76190144791887,0.194
-89.41040251182869,89.0866732439327,-574.4459716384654,7.350769856352794,142.70396790377148,0.1145891091743703,166.66115448522385,13.990506841725002,0.031
-89.0210163821953,232.2855520391994,-1252.3281868763152,10.19346617954279,242.33252548174167,0.23864753477180758,348.8842334173562,26.173522818184843,0.248
-88.25028223972407,234.34982827867603,-1210.8025956743813,5.459690324749818,163.93557903058854,0.3297789526507626,255.0563482287561,18.871248035732673,0.027
-88.51837876744402,296.82614512797454,-2085.3863901835607,10.177581758214611,241.40288887347037,0.1066457898246699,261.28738918705716,24.508471379889343,0.142
-88.48885760972004,150.3750841102713,-1439.7547967463113,18.884365198746686,148.38975537189484,0.13376543514396885,261.6454794594394,54.4822936144196,0.216
-89.09156266454866,26.310632769414084,-1810.7722426472892,15.3978302213923,140.52946898007048,0.3160560038792704,320.83976652176614,38.92186619808857,0.11
-89.24272351416077,98.51989857172477,-893.2359881166271,27.20664172981186,69.68704679311223,0.8348394534220542,0.0,66.71419836534928,0.886
-89.19502635032926,352.8019667508541,-1992.8729082652908,9.370250859842958,121.93201245949136,0.31457428421460465,114.78787629363418,29.773440035648285,0.229
-88.0234658289015,214.65308708377276,-136.16450783593928,16.87313163053316,235.50052039127758,0.16903118646314158,196.67512796124012,47.27499016191511,0.134
-89.82379253631629,255.5053505283673,-2540.4643596992755,19.92740176305772,247.17690316860615,0.34113063498922147,241.22629512711706,58.22005673394045,0.063
-88.25264015736735,2.648818665149233,-1845.2158659652491,35.42857008287408,45.2913157914427,0.6582216068232979,0.0,84.23564291777481,0.985
-88.80051672371245,186.55406358570752,141.76040797287692,13.447654911176404,229.28393957581835,0.2830905922536572,272.30175112280244,45.60838070328062,0.242
-89.06663070353979,13.510316711449125,-1548.1109983696274,1.558128211359767,228.5643070711365,0.1276460251602509,118.47899473432071,16.62751601887306,0.066
-88.52201044521124,204.92287635292126,-2251.9029315235293,20.47928753355282,202.55196540365827,0.1615094750079464,297.67736777086935,51.616234786794685,0.088
-88.97532901129307,331.4775058689871,-1024.7427499698651,30.65727355968457,71.39624594271685,0.8680332745044028,0.0,72.92182764023845,0.961
-88.24049584764485,348.63088698014684,-1580.3137937716338,8.774512897733786,139.1679310080267,0.16717253235663357,153.48619679353945,14.42218310709572,0.015
-88.1886664583786,194.5989631400127,-1868.6962044946447,20.410815386064158,164.30776825419798,0.1277589482564376,174.61355965153444,48.545853469887504,0.077
-89.09873023894043,164.95372989079775,-2076.696648638974,24.287280552289204,199.7170810612647,0.2791609846756301,301.75051120963514,57.85664832792686,0.263
-89.37402718525341,340.20615392945786,1014.6988845007545,22.170655439701534,232.4679865586235,0.26438095484851987,293.33446075452696,56.53158239051495,0.236
-88.77453437567262,242.49953951881025,-1401.241520147309,13.255585224735778,202.46572473162973,0.2823681786949879,303.4415393334816,36.38362235269781,0.233
-88.16650964332828,23.363740633827405,-2740.453888266302,5.015262417868538,227.46307416678883,0.2854916489089274,180.5607112229532,21.69990474087718,0.25
-89.49974184088924,167.66120796029912,-5.032192795572655,11.187204519864142,176.35293221890163,0.25005920375935115,342.392795868332,25.758459315301376,0.064
-88.71636349122939,86.48820664714941,-711.1432759115435,16.586004538776308,210.4225232787062,0.24813217617059677,278.8345573434928,35.26529471633656,0.294
-88.70003558182421,169.12955572152535,-1813.1731448158303,21.08222524091729,247.19731289251214,0.3772496695868388,116.30019684918868,46.24878960032333,0.077
-88.50708525741096,163.96760592229023,-1946.4952709489135,15.339450479990393,131.48839799816608,0.2601645174639221,219.433713502736,48.53487316422951,0.053
-89.65002139825822,209.57212901330712,-661.2217630734154,8.20092033459423,239.76889692422458,0.28519006072415765,266.1367613681506,20.062346379043305,0.095
-88.53993256710403,128.43737652573046,-1397.5346619915638,17.553796561497688,183.1309526978664,0.18009081758162337,142.16254808675635,41.16456810100309,0.164
-88.17283821073528,59.1373618041341,-2740.782254756081,20.600850677428205,200.05052430220812,0.3613279602406574,325.4422316649602,51.72746874629054,0.046
-89.55860209314655,181.33899645238427,229.7919716837348,15.796100564144805,232.9016609674718,0.10731042779774896,288.5271752876083,33.6340864108262,0.224
-89.44866768264464,298.8730383644743,-1547.1923697727657,3.6381288546167507,167.35158415732437,0.26716802868933237,120.35794193329224,12.914533572367642,0.118
-88.05434932132088,239.04440210433683,-3.5426108140588894,10.1859396528281,168.6169604846071,0.2151550885594326,328.29952706146673,33.755788287493345,0.175
-89.55614378985197,121.8124317330777,-177.25203362742798,21.47820776412467,183.80545708859404,0.2811712586681431,201.09242002736426,50.766203527464455,0.223
-88.2766683225978,336.7882881931886,-2000.8076355862513,1.8301780874447378,112.67429182955908,0.20805161493141408,213.11736939209578,22.07778733856249,0.272
-88.96467207274874,328.3947256497056,-373.4481085094817,8.931780223911591,179.5332653320691,0.3153063735152941,295.7770401066724,19.370780104871436,0.248
-89.43026095863397,75.36542377827556,-1721.1540398909451,27.08082850144021,71.8012533122128,0.9567190013116502,0.0,62.4336410533086,0.801
-88.24557518758223,14.190330643330672,-2693.3604694431533,17.114152550218797,239.9135855348494,0.2217668316307429,209.38217381138645,42.039414578013734,0.297
-89.05392001549494,266.8711350062744,-1539.678532817714,18.067300025201064,122.28294182542439,0.34937907992272416,164.90616441366396,46.08992927861679,0.164
-88.92184702753359,297.9396940856952,-881.8899985789768,1.2318302637294387,174.30486468277223,0.17506021533383076,229.22393299245616,6.329842540231619,0.165
-89.21745659814044,348.4312437424879,-1570.1893183970703,19.37528063466538,242.6455438528305,0.11582526351409661,244.79493684509802,45.84817187844674,0.056
-88.77339338227364,320.34110187179186,-1445.6386727400811,14.752486875683642,236.14493504458687,0.2489572223695506,257.73308691815066,43.450590904637615,0.053
-89.58930464208846,216.19251655430935,-285.14716405710965,3.843275778483971,208.18878193243702,0.39296003815803704,251.26581239639478,16.33954500256995,0.059
-89.15694508036165,190.8188421164571,-1114.8048157679266,26.242834142738573,41.10369024738317,0.9433947452721607,0.0,57.13702875944328,0.863
-88.05811658756295,10.022778454531064,-1874.638649027962,13.586833236187289,149.3023311985976,0.12101694782493799,218.93439874013245,47.57391777187157,0.13
-89.40954647786786,88.79632086412002,-638.3757410661387,8.039160339207312,161.37399578534368,0.27853496948400347,240.4719597498038,26.323819731749843,0.122
-88.65220033737155,165.4613106238535,-1041.859546436604,8.220102540147824,122.61888106557781,0.17502031386343875,172.1595461739239,29.50692486338825,0.047
-89.28213887797308,226.2614040300844,-3217.2838411696343,8.152219054323766,220.05516168615327,0.22306937009116762,139.5937288211098,30.125159671323274,0.121
-88.43040106119545,200.61065999462784,-857.317668982841,17.933365996313633,155.34176750653364,0.3491521458998173,251.73392146310667,45.51294287870522,0.12
-89.65134004463513,267.3489562854086,-886.5370338271186,14.618572072457253,203.48946586422903,0.15965460525475494,111.74967296924214,35.28842595551109,0.19
-88.05734001435077,100.71609511933471,-1183.903096335312,10.05919867666905,160.06326880780588,0.3157899810944299,116.30174088845692,31.11438573287534,0.123
-89.03779987137109,203.38293875489038,-486.6395351443399,24.78485207451672,175.00626179547677,0.2513456539802669,161.8289990469916,56.06914599827497,0.131
-89.45150411964173,31.73120762068517,-1737.9148674612018,1.8385901899584578,187.7003461326953,0.3714873077242815,148.581753135784,15.535024362990386,0.089
-89.76035618007298,148.9195884899545,-930.8001689432792,6.032275236323848,222.2593371746845,0.39188860008806925,193.52828286032272,21.243348772684215,0.048
-89.57745998033367,270.05789986365636,-2453.5674969338825,3.499917452396142,139.56189285569525,0.24548823569601877,192.82220319449303,22.1469099531607,0.097
-88.91242949774357,249.62430723445584,-874.3276932809346,9.21205020228447,165.8271541561799,0.27539411773464006,129.21386393732053,22.71659810951944,0.022
-89.25969396478055,356.63138538198444,362.44775643191724,12.67470025257223,128.21142006485445,0.32375276222126603,161.6257523774516,38.941985120693936,0.069
-88.32512160482304,100.04080535559216,-1995.8850819740328,16.300135238113548,120.6064706889763,0.19560224256160152,101.14229240482108,45.66917181838034,0.104
-89.08131370504258,179.3481477026325,-1807.84170559022,8.530265468948826,194.65440986363086,0.16802210515697408,187.74095256137974,25.865414488906524,0.052
-89.42744288208351,118.63094895863883,-1768.0123543132418,3.226442648451062,136.47274621024638,0.3894055517329016,299.1087943907964,20.103863017251925,0.203
-88.72742452545235,158.6171210613029,-1096.0014193587238,28.86006949770444,59.11083028236919,0.6325215981026355,0.0,69.81460333752266,0.767
-88.55712328791765,308.5020467529797,-2050.4290182829745,36.11640191788569,75.17656303326446,0.9526611857809008,0.0,85.56856273261661,0.88
-89.5826203749882,246.3152670678552,-863.0020970472158,13.432866718820254,184.8040187699554,0.3513154895575251,124.56379469301056,39.88331398829402,0.197
-89.5815234890522,317.6788288851294,-522.5280436246678,4.432196329791329,128.84794903641784,0.2798992483873257,103.07116794023862,19.114994521298485,0.14
-89.83032428882628,73.26399899947913,-772.5222292369725,26.754541310422944,60.77950052378385,0.8930096454484153,0.0,60.52806113382722,0.9
-88.50083617137528,314.41000242291767,-2614.732340510458,2.4675710632846517,126.78040747791187,0.1090419079531237,215.3710190405201,11.896366077070825,0.179
-88.63877139751857,21.514418704218393,-403.8658678731151,8.652266752951725,175.98721364488597,0.18744472931251935,147.87979960337765,26.23130140366529,0.086
-88.99820133607535,319.89574095737487,-450.10606859705615,5.038829486536983,203.5851357236457,0.3783661286420994,171.6462390920072,24.293375734636456,0.016
-88.29607614695853,118.46656060586204,-535.8709021229565,0.4046444954951127,199.77921049804638,0.38004735101068376,107.66785173233112,13.970533400625733,0.197
-88.3692267093949,113.25154802906394,-901.72620107534,9.199757670782304,130.2192320770298,0.19330104589063546,299.449969148692,33.42942272793046,0.186
-88.78782670764618,184.351887611519,-1023.8485486358937,3.3582792082603508,198.68845325727924,0.3507792978462151,175.32067408451252,22.247949518690866,0.148
-88.2502845670248,338.64846758036344,-374.08848149888263,12.126544641486545,166.68118739046392,0.23255359697712874,154.86410485680744,33.16812254172949,0.264
-89.50890170093014,17.201291285305935,338.81079008276356,12.27177167672464,175.0641298019251,0.29630342474097837,301.16442526689764,44.355651737307795,0.158
-89.68735272314433,126.80315102546831,-1962.43237069188,5.786682764780207,222.2002568743444,0.200333162761327,109.8184249436446,21.053465285676907,0.098
-89.38747573811773,308.36591592600087,-337.4996833641825,8.294866434061303,156.54991217514936,0.25479177888129556,171.1314542696913,24.120250559398055,0.217
-89.7915349734303,142.579611876768,-1268.9736784059621,9.691510320962895,130.57986660286952,0.18813383396509797,165.688115484727,31.049685542895773,0.289
-88.89077789679804,71.69648313494412,-1303.7384416228806,20.09846061119427,232.28343869928767,0.11833430870693883,165.74315362080034,52.615481077192776,0.224
-88.12044918463957,152.92590527930824,-2429.224552305631,10.515705989358143,139.69828062128732,0.14181345585746166,102.87393978805322,27.32361178169132,0.274
-89.82524727272984,138.79890053700095,-1427.831527612316,20.247017407860973,151.16418187764998,0.1872023483419712,333.6679297468784,49.70077480388138,0.043
-89.66799116338096,329.5498325280132,-1997.8119663747325,17.858129835546556,208.92260824636713,0.39287613519283904,316.03629975186067,43.48140256399232,0.045
-89.04082184626148,274.296375267515,-1571.0835436047564,17.715306969007422,205.69704438806502,0.3897016450749975,203.62326422211459,46.13832847648539,0.055
-88.12563746669699,181.84160006784228,-2078.54910702252,25.878459703459733,48.200384195816724,0.9583046155968293,0.0,65.73621447528436,0.936
-89.29930340054418,355.8134040197656,-1559.126709850405,0.8060912025409017,135.74132980271176,0.1697518153288261,231.03856128849364,10.282636021996629,0.123
-88.93625386349206,167.49991125933238,-1524.8882856187226,7.268168936928864,159.31918506398847,0.2324806421625468,219.57896816664805,27.399912816519084,0.149
-89.82101156780426,20.965619095299083,-1122.5960652489598,29.632988002995692,65.97769077355699,1.1488851955520905,0.0,62.32173808883926,0.978
-89.61814791817204,94.41875585339456,-2491.7998898330648,9.426834994107326,185.7454806036046,0.21609197344545517,222.10498216744355,33.302599112088814,0.223
-88.02540276637819,156.98537287895255,-2356.4145181962585,16.151236899058496,150.95988295541815,0.11346409152692369,147.20616763006205,40.03532201349266,0.255
-88.06627447677151,56.484944692603236,-910.4685834155787,9.970316568521147,206.45098974119878,0.2603582122672954,129.24297169811288,27.584325740434345,0.056
-89.89061403622463,341.1234454766555,-1837.9504936560793,13.349395301632498,110.04821151783575,0.12184359763745828,329.56785833623655,38.70049007003122,0.066
-88.09155760769585,276.0656032143983,-340.37616781605516,14.171131174312109,118.35561978434109,0.3405756042153832,112.09566479724141,40.60676950643687,0.108
-88.68567211815055,96.58339215399816,-1019.7842223879627,25.33935639887948,70.3982628819532,0.8191424052304532,0.0,60.117172898029686,0.884
-88.25095524041195,212.6896320664497,-714.5902798348741,4.8628753613439795,244.1457818365796,0.20582110199306042,272.61979804189696,15.281757192709295,0.164
-89.03599427429567,259.72169655944595,-71.44614366328415,15.285631151875155,234.7191942302856,0.294140914663739,201.1761715296845,38.173417667162845,0.228
-88.92036754569942,338.86041440644726,-1447.768649445258,9.740184546559377,249.16126392867764,0.16991110196772946,146.79461216959425,29.956581179159095,0.24
-88.97119149751185,317.3887257031478,-1659.5893643330205,0.8835141920404155,168.35623148096627,0.17957501948698973,177.62055283675556,14.216234100353429,0.07
-88.6329579106624,185.46920140975692,-502.6379315209492,1.2949186536458015,116.51958807832521,0.1942400550776215,232.4684246878604,8.475091885522886,0.061
-89.63466261596301,278.8749431254863,-792.3891488562513,2.64917163572453,152.83385988276675,0.339103479980599,264.2127359221458,12.097632867223155,0.115
-89.84305017924191,202.3721113779306,-1349.8642478570407,22.856719091836382,204.6079193043532,0.16320740405382536,272.8681062394318,57.02815636146589,0.053
-89.31493311097674,198.97340041639444,-86.83362643524629,10.524618118998482,128.92293336743813,0.2688343682458116,211.82342793246255,30.63309660569121,0.037
-88.56110655080037,41.30710500174908,-1369.7954478719444,6.781344834482534,151.99610502640013,0.16014013432644553,193.49352334921747,24.29518108446502,0.08
-89.51647844096641,45.409556885814744,-1173.781089955375,2.6539108740976864,117.86326303628022,0.1855112275187245,292.07937274853293,2.2356163672758242,0.124
-88.62047837668266,190.63210140808468,-1183.0218793325932,23.961502215261262,176.4953853746328,0.17064438789594744,331.353359323133,56.448443092176305,0.18
-88.05716711239619,96.79015619244238,-1947.675115918777,26.642012725235872,56.62649472672902,0.8456605613713613,0.0,67.55037281293393,0.933
-89.7215886400001,7.573284885768707,-1137.9316884108873,23.84743898706681,122.77472376586033,0.25801868333673417,237.9051927987334,54.615503122033815,0.075
-88.62205597537226,260.2221134040764,-82.59185808120696,16.924373391541668,167.57021332754707,0.31638974377166607,119.75507939638595,46.281374671538345,0.247
-89.05687458332132,11.695174808459385,-844.0253476990594,14.898300418707116,159.1715566123817,0.16598303119989577,118.32245289675063,33.752877615188595,0.02
-88.25052971668273,214.29966279745963,-1175.1492588808549,0.15937817975901503,185.25248317236893,0.10274456071781118,200.6889236840189,2.504831013495754,0.139
-89.56341540004998,194.10976588583318,-1329.4138249325351,9.541808732889425,214.86541174390948,0.3041528701391005,283.21337872315155,31.1727053621687,0.194
-88.58401069077028,348.7732886080096,-935.306377274919,5.161397966535634,125.75962309971074,0.1344561875485228,224.33600870352586,20.05047117243984,0.094
-88.30758094966859,174.316730165151,-600.1866972086519,6.255121089847098,220.75758262940118,0.17389156732718686,256.8405760420861,20.830807425222538,0.208
-88.10523298299935,22.89651709600705,-712.6089352881977,22.570434191653657,113.68059718252522,0.1917058457383668,310.82976623837936,59.373200467437705,0.261
-88.60182874624968,198.6076684103262,-1465.4918894575833,5.041700536077247,172.0342663494187,0.32404062768726044,110.0838959217108,18.52419731752067,0.036
-88.955367948384,302.79462142179653,-940.1747247119083,23.95941907435307,192.24024016402348,0.2877675431972282,330.9541458579154,54.75574190594325,0.159
-88.72609024361769,358.86574234131837,-816.0482070813771,20.817464007600122,243.97981423957165,0.15527963095774866,182.72434759312756,47.93082798319185,0.015
-88.24908052949044,154.9235425280661,-2005.7559900215826,17.56717976633419,190.34922376175098,0.27936634318592257,111.69683937010271,40.372633628806256,0.091
-88.81584148138623,115.3075472988273,-1065.4155670530445,18.12884071763184,132.2248870579944,0.3124443985331836,308.85713403612135,48.59091996814036,0.05
-89.84226458657602,326.3951869027196,-2929.0431090418897,5.846861179262923,182.45585274814727,0.21666916083705146,333.5385064892962,20.133232049622514,0.191
-88.13119747853675,68.8471664674037,-813.973032143052,30.578501512906648,57.586162067461025,0.775446879065841,0.0,76.8696077385304,0.984
-88.58989917304004,221.55440941185358,-671.7255563498547,12.431254309530491,177.10977946403412,0.3036948318744368,301.12886080762246,20.100850273203857,0.092
-88.61462456702323,146.05719270514118,-601.9630993708324,15.019316851187039,137.5935820522722,0.28326736004244923,317.8270883980091,44.65283506001153,0.07
-89.49021721044434,14.789651383999903,-1516.037481735654,5.509236664333609,180.11578592357807,0.12337364754124605,230.5908828553931,22.816621405834184,0.081
-88.64811760655795,125.0238507500512,-952.7625319807721,2.6883473922304013,131.00556700072275,0.30000389207012634,270.11571996158864,14.922574196583994,0.075
-89.1516576292571,95.48226810096286,-60.836923567066606,16.772960088094234,214.16603129672177,0.24655537985058962,171.6128954791668,37.08885384479566,0.212
-88.66265734362116,246.99281541965527,-68.98428136699295,14.175134959387854,193.1468764315837,0.32601068709331826,162.4251287327722,30.0508833162409,0.287
-89.69747324241482,341.5645791690905,-1223.3381593812485,4.106476340974227,120.99387682284966,0.15721526256394805,252.23566165896932,21.968405800621888,0.152
-88.65009392125424,96.4969874563096,-1088.544295416352,2.384267187754041,234.54602551005718,0.17746492537041292,283.6519415842539,15.979267411360635,0.184
-88.00111392103574,292.12773809460543,-311.2710842124535,0.6992308732754715,196.29314464618938,0.2629938217292564,199.28513944305826,12.514555406893127,0.247
-89.80839712616495,19.92953409782743,-2400.64161220974,23.961337170911072,154.2549877178964,0.24452005836765978,200.07277010774027,57.410320137096356,0.148
-88.0433690499795,193.72356361433273,-1458.4605941416196,5.867461853499284,116.38993593382344,0.215909611316949,338.55839198995005,25.983961871679266,0.098
-89.12687487462655,25.39802293556205,-131.54363557059492,8.610914543241662,198.51173740802864,0.32380999432893665,229.61509844311357,24.29246986831108,0.286
-88.24556844435921,336.25187680703016,-419.83956665218716,26.50340258759062,71.79505113227765,0.8408867895653753,0.0,61.324779442215274,0.831
-88.41346758028928,275.88646100066046,-904.5889778800763,0.7784943851358541,237.06653468298828,0.31308155616823563,315.7106666665031,10.674010808979947,0.074
-88.82266910412534,236.86196803365326,-2404.6659242644964,4.730051742829432,114.88289657998443,0.14597648869573474,259.9144126503591,18.391804055341797,0.214
-88.49694650242247,296.60269738487915,-1239.9281864329296,4.312331714393069,115.47434094791407,0.31869648854366117,102.2838982316063,25.30752588511509,0.198
-88.23082043352744,233.10712640525873,-1671.9323169999466,28.180684811660395,85.13534010140592,0.7895269598415665,0.0,60.089179930284466,0.897
-89.13213338886304,348.8199829827448,-935.1688777462292,31.93383500582414,75.07153565242012,0.8050044083346283,0.0,64.09481742113401,0.767
-89.27863699302985,257.02486123131774,-1847.4773478359043,19.51563225402171,113.88391174816941,0.17034746619894975,263.2037274337963,41.76113332436219,0.205
-88.63157256742919,332.87709944960886,-2020.578715979686,19.8338472415424,210.24465289178585,0.1077269175221734,198.8807682722363,53.085949239041966,0.16
-88.36509271031161,186.1674811238297,-2851.8922221469134,6.196449971472688,141.00927932603767,0.23706235659731315,306.95597126047596,21.889026825349788,0.255
-88.45165824392443,42.143188673470554,-222.55625201863882,31.47328486904283,45.881483492265914,1.026020019483078,0.0,64.95296705243275,0.835
-88.3841540671686,190.14397971228615,-1519.8164091544459,14.676962543586619,231.62259153211772,0.39623486797397545,186.7900213164018,39.852250238920334,0.207
-89.07239170185544,45.67421810271359,-1074.2833730379723,20.5311026444974,124.11640704071856,0.360551235087059,296.1085118358052,49.442278406663604,0.213
-88.34611498926746,213.29765250350582,-1201.7904931793448,10.94475061229046,143.4272983466859,0.34770125810294483,175.77257859245816,34.68697420551818,0.262
-89.67160279479585,173.69750178995866,-2053.9471463683994,9.319674126723895,113.37087356570927,0.25033496470937366,115.69665180914723,32.610680270671764,0.3
-88.86547071387439,224.1271432198014,-2207.2519291585545,28.630422595961175,89.98682578352769,0.6360389939060582,0.0,79.85163996699995,0.783
-89.88905854505357,3.616913179739374,-2004.2521007977884,17.39723679738307,114.14650015048838,0.1800608942388266,100.685123193198,38.8837194940938,0.15
-89.2832869231895,70.14257699593108,-1778.5347510635142,26.513754610703817,94.32512554185426,0.9059525368109362,0.0,53.71370842441415,0.765
-89.20372308374435,176.87895548836713,-906.715002388956,14.553281717450444,151.76097498030873,0.21787541839582303,256.77712397739447,42.05215115283149,0.201
-89.14727188594242,342.1812821720886,-1836.5741308164893,3.516334635769093,179.04960154007847,0.15140257345681893,242.64232768830436,21.966232456655497,0.217
-88.57861230728926,138.09925452785703,197.19250527569739,6.166570671215121,220.29819690358227,0.12178402941052122,265.5120636385408,15.954669417658522,0.092
-89.16173960758634,152.77392937930847,-378.27917128547915,13.029652424646105,179.29211277894052,0.2674655148914845,263.3995812503916,29.68566075280198,0.151
-89.0474821170172,257.290592042384,-553.3123602674333,5.7349978395667325,170.08744876744345,0.12929174046406186,241.3749852139237,23.191827114184917,0.118
-89.44866615133878,217.3653926230025,-1295.72712197852,0.925385913723094,111.62024890852423,0.31540092900579475,310.6025114171672,20.42318592294765,0.021
-89.19082159590425,107.61341403539997,11.424588576386896,24.014170317870246,189.52553035514586,0.37644054361784673,210.2367525090801,53.645296885290655,0.187
-89.46818770820002,147.893902404274,-1374.4045048968992,6.551299291764879,127.4640309391921,0.1486318329134683,301.20236177443076,23.537932560258454,0.264
-89.76092774483996,78.37192758860368,-1225.0091313233968,13.381927477913203,217.05075371074366,0.2412815735530685,296.65842117056087,27.268131322085544,0.277
-88.75344767257539,347.7677252868751,-1064.0203682005845,14.961335898856047,146.08328133410274,0.32163237791794763,149.87620896358902,38.929744092363435,0.16
-88.63039568274547,47.02837736064951,-638.5415675653248,6.118468746794313,204.3862375132117,0.18605189830990806,213.44084490370642,21.668698746998356,0.232
-88.72296834258174,133.861242443911,-690.4735367976117,26.507994663087395,53.85589536961533,0.9886524512679875,0.0,70.35369155319566,0.767
-89.01936131677891,9.302029999204029,-1580.1002227556826,0.8285823879538725,196.3345844102028,0.36653966766097335,307.71379796562076,8.123775807212864,0.076
-89.17840701765947,79.8406170960767,-1626.394975540763,14.616252635807708,147.37328105520697,0.1311263067189034,106.00164055195876,42.664557240743044,0.028
-88.25966606581353,280.9696098168558,-688.0776342783324,14.461177063765836,147.39256880457953,0.10821993145955205,155.76253060739677,35.06354463162607,0.227
-88.91374460824119,72.4230836239966,-627.8107328870138,11.457453971358522,230.8267260817862,0.3929375448938206,205.96859916353043,33.36656924857286,0.092
-88.98955443250351,28.822824910427617,-1514.6808998582983,0.9691261327198255,111.79302656825978,0.3869425074313394,111.78858833352733,22.324858202264938,0.169
-89.85128007496778,170.80314474402837,-2469.750455742763,20.70817551863464,135.41316868355412,0.22668568133978897,165.1561557236734,60.38185818387749,0.162
-89.25162912751031,3.5889245044266582,-1365.8528768065958,19.435106703345966,195.42392846987792,0.11516899723179173,164.57495972043932,58.67305309781058,0.247
-89.17762832430688,30.515815593479942,-701.179360939313,5.244314714087837,224.38647561644376,0.2856626658238084,153.64209549687175,22.47649046798266,0.197
-89.1422367162959,290.74531304267106,244.33347713582452,19.07487207205362,160.1683712142002,0.18802303221659689,199.16474467045146,47.09843182616289,0.256
-88.79767249846807,277.7304041494583,-2158.3663698725295,15.749076863007758,201.48208420551202,0.3810168960701663,303.25269347941105,42.922782134152335,0.228
-88.88615516121894,329.4499753457626,-1541.2570022644588,0.8061214536110839,188.0018987468331,0.3383985775162911,161.02841031014475,13.942484269753148,0.3
-88.74498032369246,307.6255569278698,-1511.5228492203014,3.4607108542864253,119.03561462748496,0.2948781352400331,245.51682799781648,18.867995324019425,0.261
-88.44672180306996,245.9432027663345,-115.35572845479896,23.382814448895793,197.04502757029493,0.18535115425405857,239.3945150707408,53.20869619302126,0.071
-88.35532709643942,18.83982862823862,-1227.9532003669062,15.094161851420504,223.9464861181491,0.31038057383251527,304.48102072604144,36.43052478832656,0.289
-88.53556615516966,281.8255024751967,-1925.8612474978124,6.356970541893739,248.9427648419173,0.18675048002776123,198.49985138321213,19.732651508102755,0.109
-88.08450497768563,304.38389190260176,-753.0437736625447,3.4152410882735804,114.14961017124119,0.11128929524556282,155.89215453362976,22.182059311480003,0.186
-89.86535809291492,287.6695724779036,-1523.710816032757,6.8460620188457915,202.40814416174152,0.2525303762860822,322.8801622461981,29.587309670927244,0.283
-89.52802182720127,183.05245271088938,-2179.5098186863634,7.555204701222954,168.0369374407147,0.2466053634366073,308.23676577169533,41.02757899382173,0.072
-89.88563053754153,83.8446619138134,-1914.2186458209205,3.540369673707483,111.37030441886874,0.32890179190787006,255.37591990181127,19.208968205410706,0.259
-88.66979804310625,304.3187912479416,187.23356353809527,5.417641123833022,196.0105321191916,0.3597021647063334,123.30984403086012,16.89313661399157,0.286
-88.19374195699503,261.77861150644986,-892.6326226804301,23.400132864007855,127.13982179778897,0.20634054660827864,104.02945730330856,54.40581532555595,0.258
-89.43738363650503,353.0740227799866,-1113.7919556379657,21.70633672611443,162.9993590264791,0.2348419030611013,145.65615528533235,52.625162600943774,0.248
-88.13863436488701,56.04933519213585,-1399.9149886496368,0.7325545180685946,146.59139294837632,0.2411201258933585,149.15963960912612,18.996352150935294,0.087
-89.78549195844984,81.23924989873981,-966.2809263049609,13.363112955636677,160.5628763179539,0.1972672253117138,134.06185437202112,40.39092000026632,0.128
-88.12457154906953,76.24733395734097,-975.8112431980046,2.977617972852334,178.97738141013295,0.32301607708755714,165.54534282542582,9.221192912383664,0.23
-89.2319168942447,285.31431634368124,-966.2649374341391,9.384327767734646,160.28933454853203,0.25663035556188984,184.47214031409032,28.48443764139199,0.044
-89.7073004259465,67.28662672204254,-1108.1239277777977,8.552334201263434,187.3824618825355,0.37418673231659205,288.6095999265474,19.74728574280082,0.268
-88.97684365754598,23.997538736390194,-504.96132935556057,7.7216578428212745,143.41095663259952,0.29509323156867584,277.3805346590416,28.40570542041701,0.071
-89.41212452133104,359.4818903708263,-1181.5165231994151,32.02947084076286,69.25840593854156,1.0053201858290826,0.0,70.52490270920671,0.766
-89.35874148627235,8.934196120253691,-1982.351068442111,7.596743153238096,229.52682057747947,0.1494425946241109,344.27674338344383,22.137315895482594,0.04
-89.31614906664007,300.68786165719166,-1689.9383127206945,3.9173617493307518,141.36938656812973,0.21171530137488764,288.03481354257104,8.441066892032913,0.064
-88.37425079411794,131.532062958235,-2783.2149547917697,4.374185705029522,181.10281021978716,0.204077962077092,140.85831485500353,22.53246343545383,0.18
-88.87559357431702,302.9815655128135,421.4536928339139,22.43776956401755,200.8165698369844,0.22213954745875308,131.12414273249058,60.91887270494974,0.194
-89.30851537160359,199.6633768360122,-509.79632643785067,4.521023316929348,189.04765836987826,0.15507732109133265,121.88672156512902,15.577335321418676,0.088
-88.74036581170925,324.5872426150896,-1864.0563961033895,4.373770835644798,161.19092246691162,0.39346680100794684,282.94716666473556,17.937466891924636,0.045
-88.53931371897593,333.4294751092656,-1425.47587951768,26.46822840111534,61.042643297555244,1.003923343973638,0.0,60.53992215954921,0.942
-89.38201439860629,3.2753452610793587,-1709.5011793651468,14.439861879976467,113.95446886941068,0.2957946322672963,118.24199879580524,37.788424327903755,0.254
-89.11425670710183,27.148383357403777,34.037769099293655,13.919220050361133,161.78687247950063,0.10392077051937694,205.456902357035,33.74016318464267,0.068
-89.6684164226598,90.12914264550797,-2335.901731416743,33.321464601437015,46.38101812035268,0.6608363631763243,0.0,71.1416727029891,0.915
-89.55581623588411,240.95354989086061,-1108.4191529449765,14.463479529484989,112.88584223702105,0.19275501972851092,176.13910396153844,45.77005762159581,0.122
-88.60587607746653,319.7779907441422,-1286.8222740518784,4.918138386404175,181.07083615580197,0.21460739132182557,220.66139310449546,6.637699273016235,0.283
-89.55526713937832,165.5791024658266,-538.5290954327086,9.179229431236514,201.59562450718795,0.2494232034319341,148.16874204751053,30.87903020754701,0.034
-88.9021895710326,218.51032185873555,-1283.207382179756,0.6456769096943127,216.2890776798263,0.28011250045729535,207.287130217813,12.708014942558366,0.022
-88.55281210272737,67.85994700640201,-2606.567101324348,24.55937040015697,125.87237139732025,0.27505340343829005,189.73555785628275,67.38833550376692,0.046
-89.69693384611999,289.7880601974067,-1400.8942677139528,17.745617175367155,248.6790824848373,0.28921410103633394,208.4796037968763,44.309305003142434,0.237
-88.82210678270509,348.2381200872491,-1977.72977435466,23.24414149970889,194.86347818691337,0.3533643047661372,216.42789971197766,54.63176845611666,0.278
-89.41253071096742,96.69561584925509,-1136.3363627547515,24.129839285493706,160.8471309657262,0.3660151466843955,123.07471042723041,54.21737313565411,0.249
-88.07043893704859,178.1373425761967,-52.65837078373875,7.857892190724674,144.87299962393993,0.3211750901682393,123.34208806762831,27.49360282731651,0.218
-88.98126327123215,31.00179978229457,-2591.5401953858227,2.5524714799111017,190.20556063567804,0.12368267287732121,165.15264596372782,11.563785163344608,0.027
-88.3686141554272,201.28919632666862,-1840.178188319923,11.482868886919542,233.43963060331993,0.3883877174529804,128.9395885289705,27.321810639141383,0.072
-88.8545695699031,181.002039064805,-1642.1543630267977,3.2723892921146174,182.87915545979106,0.38421942590411395,163.19607841185734,12.859359035353947,0.281
-89.81751618757585,51.997134295827934,-1505.3048763305692,13.649568754090247,202.60608778469444,0.3135111383636061,106.13599589596508,32.565071680009616,0.191
-88.69701238637136,159.14383672250702,-607.8994687158046,23.32096880834689,160.07750153567844,0.25523172142057715,187.6848526880679,51.612154153855045,0.146
-88.09233364980736,120.27767475116278,-1338.83553404911,10.318603539508327,164.34132033245618,0.17518550750076767,153.35254988584163,31.063751402226345,0.199
-88.75693754172197,187.85911510986816,-867.3578194236438,13.49995089907739,150.06451480806487,0.3269053418496628,323.03658746946496,36.02721882009372,0.062
-88.3435411670891,210.83556075436772,-1700.6184349854211,11.061543837766335,208.78922121155358,0.3633580536148868,314.5393986988877,34.87105114306084,0.269
-88.22000771963802,3.058408298595423,-1016.06052366565,20.027275724376977,160.2862574783191,0.2995562802669814,175.1047099834289,50.790700830660754,0.2
-89.46664843329704,273.9621538618399,-577.7618952978281,5.3221760571171,136.7002965657735,0.28872178985853125,218.8712786294235,14.630743535347431,0.147
-89.49711480417437,256.68514507022667,-1785.8396397896709,9.964462616430993,161.7160799632733,0.15790141137117586,338.94802635292547,19.316171371957473,0.143
-88.73913612118312,131.86309903434798,-574.9135041547883,16.70868859375381,229.53580909658587,0.2073389568682569,231.02409340970962,38.136584848198666,0.248
-89.11904590736727,19.056936804774573,-1158.1017850179453,21.878344213079934,213.35528610076926,0.3169408666097537,312.1083175919997,57.57552074619353,0.099
-88.30426352455324,271.7757143226181,-363.6318076141979,16.463742447585357,156.84971822489894,0.10506962165536703,306.5936942032555,46.63303427470257,0.05
-88.18995606554378,343.86305777212766,-1361.1359200615789,5.597695045319861,236.95325507713835,0.29237928315666584,335.3222430244283,26.118777688240804,0.064
-89.22849937932484,86.4545745679251,-895.004275870321,0.6498790181393108,120.47656891644537,0.33000109030307445,176.42516078974916,15.489457851012503,0.034
-89.44994593794848,116.46886094533365,-1232.484985342824,16.944975317803213,116.96553079791005,0.2004113458812345,110.86141906175861,49.3256783574955,0.157
-88.41700152103667,66.17264021345338,-1276.9698096324632,13.414789529346736,127.84584966993378,0.12285033076023673,125.9884334366387,38.86116097944142,0.206
-89.37786853245855,207.6970044041423,-992.8556574194481,10.742073723416702,126.30366582020443,0.3457358136651996,242.8243797279858,40.49885236815369,0.281
-88.33703279482401,55.74290207308378,-770.554024620077,30.22463342993791,92.17355933850189,0.7229396611286327,0.0,71.91751976519357,0.779
-89.09489731806735,128.2298196460966,-2199.651929539204,2.531999058186683,202.58796567971893,0.2112403317909321,174.61325829351134,25.060317205298684,0.179
-88.63165519134621,250.92468501633468,-53.09311294569784,29.750370211274657,77.12527987202964,0.9128194553665081,0.0,66.36879754897068,0.78
-89.71848290371413,201.64175388336542,-2687.7304324398388,12.3178390487064,200.66477148144006,0.34509579629543014,277.3453574032369,31.37598096758891,0.269
-88.71466728311451,139.1265231580567,-1747.8496877911166,6.355704768708748,206.3712475826842,0.35871457554655484,185.12571800064825,21.749496783317305,0.217
-89.04164141039927,151.28985665071508,-1275.4152566119205,10.207973456808592,215.96316534729516,0.2591251574833347,250.9879464832012,30.228549644548387,0.026
-88.7854439199666,202.35991774436263,-870.1152247312415,21.594960765994408,139.00476984809745,0.2427615089367597,278.0733966270693,51.58370142735461,0.095
-89.58077300528477,2.111302039378069,60.938022193102825,8.349449671950293,197.12249185287197,0.35449518310540895,207.61634432495276,29.39723873371614,0.107
-88.49993988460605,28.263552643299548,-2686.633190580086,2.7477854123839496,191.20681230709226,0.2689231285142414,148.35156636914024,14.983967741360196,0.299
-88.26068555266787,317.2529043946842,-1606.1553027117684,10.354854682038301,242.11240361248633,0.27359521852456936,315.1950402634502,27.673832989319607,0.145
-89.48819437982753,28.036436072864674,-2901.466790239412,3.4282762610829423,142.5314813935508,0.23019201039814025,123.38273731219951,14.876411426832941,0.231
-89.7181423445117,254.44929463578185,-1174.7024208718017,16.918144010879626,118.2212108124064,0.2118441915763119,307.3676707309416,49.92440389717644,0.246
-89.85508668651197,331.2137390792589,-982.6531323999754,19.733998160676112,201.48930976003606,0.24416225718694876,309.1698940369006,51.0538255437691,0.199
-88.68025414915779,97.4460975486232,72.63659373700216,1.4372959225189383,213.62419763313966,0.2094542481088382,242.74981630468724,4.493207387159586,0.015
-88.74652133143132,133.37691734142513,-1103.4921912852367,4.941959448843504,149.6474408130571,0.20306393499077158,257.36901285590716,27.43704099436782,0.016
-88.86127491584327,204.81170610409785,-364.77989644609625,19.566424651069376,189.91878033155365,0.39809930260236825,189.50426527110233,51.30039235069335,0.247
-89.45930051737965,317.4152290698905,-732.9303347687528,3.411557217010408,118.33504917478108,0.20086404822155446,310.3960555316056,20.018768388224863,0.224
-89.15727860777953,339.08601141375124,-1548.1985576041347,1.1784186417200502,244.40627776356047,0.17691512425980016,165.92592139034724,17.002194455660394,0.165
-88.77049496314628,266.2427693200565,-2327.1685974336315,0.21308868203745313,125.38949626188361,0.206177226952788,239.94401591952865,15.329837924033837,0.082
-88.95614296816758,31.18311390768985,-979.9981613665514,15.520386129581205,119.4598750612794,0.27723440219083184,100.44870886501383,36.44520430314982,0.035
-88.02320751159172,240.8954959925463,-2393.6816137162914,15.091577195174642,116.17542232924667,0.3732971459869495,334.96077648046304,34.832080451563904,0.058
-89.64076447014222,147.70933987415833,-163.83434186428485,5.159539696209583,169.81806691046938,0.3363592750593284,337.0741310525185,32.30108534104001,0.178
-88.57922534730957,169.45235981678218,-1329.649681629459,12.05085396128234,123.60236408400661,0.35267234172271045,277.60417128676613,30.6113191768385,0.168
-89.13179434060184,17.693420524263736,-243.8580707908668,27.271323841551308,71.887075489528,1.1264971670312431,0.0,66.4359150336261,0.94
-89.08642073164134,68.78237016468894,-1584.1715473059196,2.2593984308177824,235.8423824876968,0.37615851893406027,144.65277534291073,22.676121695600102,0.288
-88.53656424524947,284.5848987121132,-984.9193708792064,7.517426090104493,146.43065052548,0.17052136987266397,223.11572151008437,22.81732239246889,0.177
-88.5843713124837,163.42517989722953,-1032.520914132249,16.550755757203703,198.02823669519586,0.2375098093112307,297.8526180868093,41.300899312754154,0.254
-88.01661361196584,108.5984069872136,-1236.0352944087392,10.895988360984115,115.92738258165448,0.21555929997293397,251.3184054610065,36.4242971552072,0.246
-89.65605085003716,138.24686662738495,-1546.1276107172737,4.899749131848987,164.11902603699136,0.21456309838405016,231.87414286268967,20.8638676249154,0.228
-89.7021916661701,307.58382479724486,-886.0351852235838,18.52080237354908,151.01189587988196,0.29568509551065547,312.3610533316701,49.51716702092772,0.137
-88.5237562474554,269.6396462657845,-1940.9306107865666,20.3922514466879,142.00667350165023,0.22054091809532303,178.28348397734277,50.38237001180275,0.123
-88.80106485768782,98.0335429851898,-2167.548263167247,10.082780198800926,200.2612885480179,0.28489909177516115,314.99099256032844,27.53372968235638,0.087
-89.37909473353638,42.30066247645439,-205.73848533853788,5.474020906685117,128.23191249019507,0.21468380911834237,209.86335068457024,19.28333625785998,0.282
-89.74910319892093,90.71935979186581,-618.2656088863196,35.17516231196855,78.20696596634792,0.7882615149526883,0.0,86.32020419437707,0.921
-89.73724932576678,331.4723223797041,-1147.2867131182081,17.83404915798191,203.07702689162284,0.20592315353295426,282.98550192501716,44.19000437053165,0.061
-88.20103733813818,209.37198162591193,132.11390603502514,18.761036382971497,209.5029250163281,0.341127116804128,319.4608461612986,49.6656911278792,0.083
-89.5354520830344,192.05287514812184,-1414.2124149798758,23.728942786314782,240.94820321207354,0.28031531086866734,221.09020975481786,52.61388355969069,0.179
-89.28559403198051,214.70169588928616,-141.83742400881647,12.17068825199726,241.93220201035206,0.39219931990498436,213.68696728877637,44.54277221857029,0.13
-89.46935283576873,131.77017566874548,-1059.5407320593426,19.9668416009162,187.231325334693,0.34979686791391984,301.36210638274645,51.52805725360593,0.072
-89.22550701891932,290.5585273150246,-2019.8006000611122,19.180620438372024,179.35317442003725,0.24573418250021237,321.1936867390336,50.0593011948609,0.239
-89.76809469878243,188.38304974808992,278.43215341667974,17.39041496752759,156.95342515176742,0.17271290052822277,343.60502644744497,49.41222356963712,0.01
-88.9137863972743,42.029244996766394,-407.4313227007319,8.779880293825954,210.18002542834557,0.3021727334365436,186.41257278014788,25.155281726809143,0.11
-89.77153612917479,46.463444938462665,-1296.8168248076515,13.72058922366259,185.34924417717383,0.31799380819358075,248.67219168374615,43.40991908027645,0.28
-88.37932263513751,193.2692927409426,-618.2629923728407,6.116384356932218,240.60251116361744,0.23925279393758772,305.72958621782504,14.651243626085066,0.231
-89.45594704437018,337.1652785055021,-1522.9627471983254,12.128143045664949,143.40763281976476,0.16897663972320723,232.962980880885,31.184183782212564,0.126
-88.87397736225144,111.00676380343155,-536.6807719523664,0.31509107900733113,153.4353760750687,0.26717149535897955,215.46333329817074,6.6240434122332985,0.279
-88.22784973363324,313.0348207893186,-3112.8628522271674,4.093760087270475,154.2526626387956,0.176148775707834,242.98302029793413,8.784531130917575,0.271
-88.66333299881033,275.0744111683966,-2015.841066955675,9.176879580750704,222.83978363793898,0.38199949528913135,189.2167498168254,25.710333900790122,0.025
-88.88738020555246,89.21247944648647,-416.5922045704298,2.5629456856992388,123.86564645790132,0.28866527441011586,148.0190235241553,14.866133267156993,0.047
-89.2837658690808,13.082669393847283,-1399.7244305751356,6.949827292548235,173.79087693845716,0.18757928850076447,116.65777835247128,18.45006199038857,0.122
-89.26729636518942,36.66501545125779,-1033.9661640890065,10.36074023244484,169.8613031762266,0.16471920650035737,252.49519111179836,24.54986443341894,0.28
-88.62797478512344,262.25781618507847,-2277.4285296923476,16.022623446643774,120.2395469419262,0.3150169850155363,194.7835903704986,42.250622797764635,0.255
-88.01113521367978,71.88110569463281,278.2935965616823,21.492573018529093,167.5115797962086,0.3123379840725259,320.7382508131924,52.58518847258753,0.024
-88.64250553928618,133.65753138194177,-247.57628502585862,7.36215628621892,181.87291765975738,0.2791396694525725,155.739794775586,23.395590597446187,0.159
-88.84021150699695,180.61169976231295,-1360.5481747002639,25.35104617268624,84.3134551934405,0.6171478142703141,0.0,54.37143362392272,0.829
-88.51176403054544,261.1685406420586,-1523.756685490661,21.386110786254932,181.38069798225342,0.28116070084768696,342.6265590567274,50.79953673346644,0.09
-89.01610933666093,40.763240373285136,-376.31651086424563,17.04093831943942,244.29330665567616,0.20803103404315518,239.0728011787561,40.75050479391474,0.22
-89.78572954905852,146.29190589988613,385.97636013514216,13.53649129296619,247.04800524261452,0.38122432300224207,186.6882607123294,37.50237527472365,0.117
-88.83163604983197,174.62624729137033,-436.9917953509171,15.191208418685413,184.43516900257356,0.24378353927887536,315.2235809521235,37.588255374021735,0.089
-88.08051195943978,194.6977430297543,537.4421339172816,23.870511506663817,182.11357056441426,0.10609837004367695,285.8437723838216,57.54725328393578,0.124
-89.56692440952045,294.609830902278,-1937.8810632495342,24.23579659759274,149.9711432982948,0.20450840271649764,243.28573347898245,51.91750515114547,0.286
-88.58899070744074,61.80415021555809,-1855.5094643990326,25.349467283836432,93.6948534782617,1.0628454071059086,0.0,53.71470032235002,0.917
-89.5182259915478,290.81932265758405,-2151.152894442679,12.413268318770031,148.39208394353165,0.20901513731436505,123.4903811019035,37.61423662757313,0.275
-88.88192739950115,249.4362339707948,-846.5914802804166,17.54967164998613,173.40618206159388,0.28247874551071983,198.62348588247713,48.9261053814115,0.276
-89.71631474567124,200.11349311162536,-1059.517160156504,25.435465066220512,81.71256047348844,0.9759534310033404,0.0,58.90730948331219,0.794
-89.04429522110945,251.83003334492588,-1321.5608987775886,5.762839650836073,158.89252072727916,0.36106015936836056,196.4857484974154,21.663859940210834,0.27
-88.46328967509903,148.3263860225963,-552.5930975013611,8.815831462816963,120.00164208523535,0.28309273554045267,331.6841316904371,25.38309694855529,0.072
-89.23961410394594,49.82313094852485,-214.13711582826875,12.160366630134783,214.1354678539185,0.18861156287769842,138.13028201196119,39.80686192586806,0.253
-88.63666772347429,239.67548649553223,-2420.529927429474,20.995987379794066,188.54202342419052,0.1933615521772845,184.159326558318,50.97646992318105,0.167
-88.38864507449952,188.88203040682401,-1677.5776223208923,21.151721507186227,190.1040628202719,0.23970045295484527,206.4356405373283,49.80906475002373,0.08
-88.13836214298904,230.1749281953992,-543.8851247015521,9.691358888020646,150.1115800259584,0.17442754180053804,271.7405215674912,34.21421204139021,0.126
-89.45418004447464,121.6795611702564,-1574.1909470868657,3.086094543797099,224.0854806354163,0.10130257832828388,148.83737052304596,12.301787554149817,0.136
-89.14129975996232,326.4719678423409,-1838.5648610865233,14.461839442959672,110.45792954637503,0.10796723445377897,102.46595884497219,39.70676056845233,0.223
-89.61040957467222,211.4531526872077,-385.17005787968424,2.816838626715988,156.7041650829869,0.20732220159160597,344.12732854680655,10.391327306707698,0.186
-88.0142813458991,30.744894344714577,-2231.600055779184,2.8993620464022243,202.3296486642415,0.1372665029825825,324.6892747239626,19.121472192511625,0.247
-88.13869816094385,161.9294366535943,-1441.263846232884,0.6387156073371649,237.10915523836894,0.10670910239412457,175.0555213469395,15.35452551239679,0.125
-88.87408145246694,272.28817970770837,-937.0847793561531,15.263810078455604,142.84623396953265,0.3577807810104522,220.87020997002497,34.0841511652862,0.226
-88.3001367406848,285.88844222361803,-1659.055931128095,25.61037360932807,83.27786480518188,1.019093355281293,0.0,53.9975382587926,0.878
-88.91017984318312,178.05493899495315,-573.4754751894601,12.388945162362438,185.31879887466494,0.25093677315004037,317.30638890656553,36.220598842293455,0.028
-88.71518719279476,322.1091254992684,-1655.1015801578951,14.113806546459648,232.38441166611796,0.15382272525748697,249.26503528666368,47.931708039062585,0.119
-89.73066357897957,96.36063738994712,-73.10440524326464,23.828949388779254,117.07236453837793,0.11401749167312869,306.60775568946747,62.07775413952757,0.267
-88.46498620105606,147.81553100577597,-1300.5970379966182,3.444549090835542,169.42657854989903,0.3234598898465745,327.99853783626224,15.827424178743023,0.214
-89.65734438109305,323.4948878048292,-662.9838906357172,17.201764216002715,135.54519447087043,0.13748705639403502,241.48828292814943,40.13202206129292,0.131
-88.3304715025202,322.6524179297684,-603.1808376137469,11.884102156811787,113.01456404180372,0.1077150707210976,171.37061693467643,27.68759651598983,0.063
-88.41414663342627,246.8565967768851,-1702.0320021952582,17.66057458832067,130.5843316728676,0.276169098479023,224.67695146074476,48.90652096971341,0.038
-88.55338507428834,309.23299696399926,-2842.789238924711,7.16516091596184,246.70589419874787,0.10404027172643487,312.71740218104605,28.94419242537885,0.077
-89.83129527700295,31.95837610424376,-911.3953962689321,3.820627095735178,140.0787913328375,0.2308857834430965,245.9047935995639,14.485457215510024,0.081
-89.32405612370388,311.39819143479946,-1142.1693223001043,13.405089042856055,240.904308267012,0.18665081454334487,323.9304766835402,35.57653719716068,0.117
-89.40008611716941,115.42316635808163,-755.3391779398981,28.49191323334462,55.48355008565295,0.8960144349350019,0.0,67.21860815726275,0.949
-89.21574082580412,64.19934447415787,-1381.2219779062705,20.609101045414626,240.38133183382783,0.10116971293420894,193.3399050115845,60.28243438513673,0.052
-89.73347878114872,86.17314108313668,-1544.3421590405728,6.923072298199084,201.64693092804401,0.38930382411483866,212.02847389901956,24.17191038911364,0.255
-88.11978013624098,150.46866288499933,406.7784087853597,1.4097203598127983,125.85060085026974,0.25508893074506145,269.4784400602424,7.9146814450153835,0.082
-88.84777574264649,90.4291216576082,-2377.883249208622,4.820672836977856,191.4681217177209,0.2717536399125052,127.76611380324748,13.858134154127523,0.173
-89.31950380974976,115.40433096593965,-612.8396173086093,25.160994518504815,62.115101217604824,1.0459986175893736,0.0,55.76586767099459,0.926
-89.14573511755887,48.59225498579115,-1659.681486546713,2.4491771186417246,163.64144183692983,0.3392565373149301,137.34636128578484,21.218464283771276,0.153
-89.05031517304081,106.62363560123947,-1468.6228941923378,8.744865870050635,171.62393409689622,0.2823727348927528,311.9890460315916,30.05543373549606,0.09
-88.75887076661483,206.02217323512042,-1453.6822660591727,25.212111260775764,46.91144022863282,0.9340369291293344,0.0,58.69675425485973,0.752
-88.92020908737666,159.06733491278302,-1842.7474193370058,4.139014554789917,202.97524466762405,0.2346205883088627,135.38721888286463,3.651545928590606,0.295
-88.15315525089261,124.81875404492801,-743.0206318110083,26.92264509475059,50.05808364648841,1.0061017785330166,0.0,59.582129497876814,0.876
-88.95576938247892,268.722766388561,-87.48512324003423,9.46359546107498,156.084876488157,0.34694017224465556,259.1358072746287,30.64703805769127,0.124
-88.0148997718357,321.66358970159445,-823.9890710026709,0.5141668476126124,239.41095463599657,0.3595931572520389,290.0187002586655,12.789171767741772,0.068
-88.28229258028432,272.4441202448629,-1117.2944030303238,9.526490728510868,241.38528396264272,0.14134200093608015,273.9449132180166,30.77027682454485,0.154
-89.50383002272106,119.5202527623645,-1989.1523992793973,4.774032185985224,115.69666120116008,0.2627980560880184,154.28225882884914,12.811540426165315,0.194
-88.13186909217656,267.9991804215193,-786.5397873404393,16.408197989057157,112.08723044362259,0.30509272914584784,172.8031635613304,43.701402930907086,0.098
-89.6789038440176,54.71286569065843,525.079705383439,5.518675661122223,169.50928622114853,0.12507962098959005,141.30805391702648,16.15779885696453,0.149
-88.34684555386674,46.91447571286473,-1504.555699036074,7.116422109190431,192.6903351382722,0.37887904502282554,330.2859997654185,24.242299355891845,0.079
-89.1768157423945,124.42573333301722,-1500.786863481493,9.794374655910104,148.90666464328862,0.25603293181513925,230.45586627974615,25.74987789701529,0.163
-88.23184879115436,290.77285285586055,-1648.8713047847978,1.5654505228653903,146.3179251520084,0.29363722519502566,344.0402880202313,18.48306072906139,0.238
-88.25069228879585,88.68536900722867,-1591.5313875955362,14.043198839883198,204.9667361592867,0.1534728244271061,212.33046285821058,39.77363249972098,0.027
-88.36874173977652,22.771227203524653,-3396.239642937908,0.12869667716675792,194.23859985177978,0.17933040698662822,238.18079281069885,9.541229934849545,0.16
-88.39894217101659,47.41543267428783,-875.9716913154298,7.119871968279141,133.40056249903535,0.1363003650043607,297.32348049911866,31.14163225134542,0.126
-89.32110963571373,309.14818867064884,-1876.4417410836909,13.825878042143362,233.83013485712223,0.17919961655616667,299.30591495549174,35.78929352119414,0.031
-89.74625336220262,228.16198250902355,-2488.21049503344,9.875412749657304,205.19664982254977,0.24771902958753966,157.78739807473335,22.67546050574568,0.283
-89.13433766034619,91.1524188131916,-597.4480402139609,14.504302830010449,160.76067488366118,0.35008887983718895,172.07071653244282,44.287973338009245,0.085
-89.57030342152564,199.90649711814527,-2065.614228033549,18.80287165717757,205.70745659876098,0.2601170245061091,124.45170938688473,48.86679260776422,0.174
-88.57959293108533,189.92866407312613,-1470.935243107006,0.4206630026869398,125.77143214749424,0.17333907946932886,301.36612539382884,9.24794009860773,0.118
-89.24241051957821,235.95695223863805,-26.84608704913603,11.35602459375292,175.55585744036784,0.1133863224672184,298.46538042333555,29.493322770329165,0.089
-88.04634061836616,83.94751959178187,-2327.3726384196107,21.295037975081293,133.6578173383383,0.2865909507721014,120.31470203965091,55.14399366603344,0.163
-88.68215305304388,311.1850753899832,-2426.0785876782097,14.473333016825238,115.80037445798112,0.22604796920999443,164.3581476712684,43.01484125533798,0.21
-88.33728692909472,111.37268234880463,-984.5550483501295,8.991858696251576,157.36567784036197,0.3953061600451211,212.46675252404287,24.150142798573775,0.238
-89.64820312179049,249.88739543144527,-280.4101087917053,2.165502365220288,131.10296768730964,0.3339279656235079,235.4447358957284,17.157705748898874,0.194
-88.26217248368202,5.8048726939973605,-2459.4733741855703,15.157194222965241,198.69251397353548,0.34250884578201085,230.63605476591096,41.56741895177235,0.163
-88.14676133802455,134.156566761893,-873.8482105302583,23.726975771850675,204.36950516247944,0.10367050686411905,345.76882192353395,53.306854323570654,0.235
-88.97458235424402,126.61553446517098,-735.2003680306464,7.2398225240105685,130.81692287172447,0.33333859987121717,291.0313624514739,24.49893719817979,0.16
-88.74811941827315,195.6543942898852,-2847.3283869538564,2.5518550975827985,113.44582078447968,0.15838399320264784,128.29695555546405,12.370447291698394,0.293
-88.44686137828431,26.185054239790738,-561.1989296742238,13.650252624387116,220.99347862892245,0.2757387616864918,173.37559448527273,43.50219627083227,0.163
-89.56780660820522,284.447294541399,-498.7152961262565,1.3560666664636063,110.28798290199872,0.23422647169471564,186.35680916170236,9.467546968928835,0.102
-88.94512445471946,78.40108863632467,-1449.4284586048198,5.396186294644608,158.14783248573042,0.271481155173304,178.78701686269295,28.336741569936876,0.139
-89.1425402472326,243.73361335752367,-198.12291016159338,24.224021616505024,179.24166172639377,0.14003305882689887,296.4864141188316,59.10510038632186,0.152
-89.62188941489173,289.15636436787355,-290.8355405401238,12.621792298122877,224.60990639538062,0.23706750442334393,190.14031634726172,26.516019328920212,0.092
-89.20168459764609,202.2757042469447,-1117.5056594262362,6.794669639461663,227.3982099844597,0.11108340578549894,223.10667977212745,12.723746253183958,0.056
-89.77047261216757,266.7179544199148,-1561.1563122599468,5.9699164727940115,211.49152168546377,0.11229980444788924,233.3635419606713,20.896797227133504,0.135
-89.85095737679598,238.26971239740197,-1978.2623140663657,13.620856926467756,144.60766715558572,0.297321439232221,167.605918322077,43.9098447884772,0.27
-89.64318405060584,127.99072697472273,-1230.050807492953,20.62390575917688,210.8261708046839,0.38550951204165407,180.67394919507672,57.400910740545314,0.084
-88.07008128798057,291.1890740520835,-744.1928642366568,4.176214586261501,144.51548770277185,0.333217875611435,294.9993922051833,19.18399456549095,0.115
-88.85589388179947,106.09249315879008,-1459.341488832513,16.497126074965085,140.04514684243824,0.24074673417129314,316.67074097661134,39.3089093036039,0.23
-88.06493789380889,205.63665039054618,-2958.0008042096238,25.303435074897187,54.13335427455294,1.1274559742150334,0.0,58.52037643079759,0.947
-89.07825403117275,268.34318609095425,-185.02888433874375,30.878589879586386,59.889117270739035,1.004592659658965,0.0,72.79392947857241,0.872
-89.307549347138,136.42412753250272,-1047.821422524085,15.312227598598763,117.42724722763528,0.14736767833241743,258.35887794357166,46.06098761535149,0.219
-88.93833046060354,108.99633874227302,-1503.699597341467,17.06802594552474,118.40316415744519,0.39274315118020797,284.3273003868825,46.982050774368176,0.169
-89.06492779159747,165.36456366221617,-514.2732892613693,9.33184427628144,219.78389615435057,0.21959831993234896,273.46169330298164,33.50511138354949,0.071
-89.69923709990269,294.4668579656953,19.710877186204925,32.99752547995989,87.51285811971849,0.9445982989724155,0.0,79.21342424587998,0.931
-88.68243000208861,334.77183473243934,-3441.5292555903134,6.245097869038786,194.62172828786515,0.31154273168457913,119.61807806290392,27.18462027281423,0.077
-89.48952745323176,196.23002862956045,-852.5890800623428,2.665288415749586,170.03592135896403,0.2816285977648199,197.09305963242554,4.02457901821634,0.231
-88.72278288569413,238.12783391651467,-2341.3193686482778,9.447938655603753,228.34430714388603,0.38434783349612256,295.5223620350433,24.43308830518181,0.281
-88.6646179244435,325.1785040060091,-800.7115945608471,27.11673414185431,40.38975570960603,0.886012404856571,0.0,58.70940434386266,0.887
-89.61115277905557,35.47686650865926,-1097.6582381003366,34.08046047543548,41.87714472391478,0.6633364927681796,0.0,72.16163708206429,0.83
-89.78343570848973,83.54828803181941,-691.41877884756,13.254086794758445,154.76599707282688,0.3594168897023786,246.3210110100355,36.53602455878703,0.286
-88.41655298646997,255.2040022505697,-1599.398091595724,21.98084172603655,137.71930863195428,0.2655283922926731,145.19125387107619,46.72528640347105,0.25
-89.0263791948383,296.54800628842787,-2698.5920894553215,12.432040486855039,168.6142254980122,0.17393354188783333,312.7235874623124,30.14524956270926,0.2
-89.7894887885396,308.53045019900804,-1560.2945530053344,1.6220452698181607,150.15516063442962,0.16267492505268305,282.6075372627596,12.750562965564582,0.021
-88.00975399737744,149.43858366777573,-874.5218918881735,26.767436707882908,93.30278910274228,1.0733972721905023,0.0,55.51682947588522,0.848
-89.79021693410691,32.16236482507206,-387.68613705982136,5.77872519643611,182.18834774368455,0.10383666827562663,255.9432882038973,19.12660988078796,0.099
-88.57943306516876,157.60133182786316,-2137.46504037802,27.355307733718824,78.08846300894348,0.6701501127710333,0.0,67.90483058120871,0.864
-88.03101004199951,83.06445247453937,-378.35165850158603,24.985413297690837,222.86473521033557,0.10552539643456091,164.70668280407375,53.843739034185745,0.123
-89.44555780198975,104.8307237987847,-1718.297831717217,18.140362639572082,130.37412464006744,0.28929671406421126,323.2806503698523,50.26221908525256,0.282
-89.62972619949433,278.0163204615021,-910.0400947243788,30.289747562543532,76.72980150509622,0.9574646609155343,0.0,66.54862709317895,0.763
-89.66936861509738,27.189750969319274,-1607.9151622925062,34.32346033185738,87.54230933880251,0.947986027388682,0.0,80.00516684734121,0.766
-89.32377721962158,297.9292382930528,-1054.2634978303186,10.247566370356886,177.90289907654346,0.2423029152600267,245.6995711627512,24.964116195390304,0.134
-89.70801295907978,153.96087089670087,-486.49789234378034,3.912058815835687,160.5430889024094,0.3557290998065834,305.886411581764,20.090916270695008,0.108
-88.58489345078115,214.58301519621423,-2181.611261830829,6.642698372564723,176.48478281518516,0.2977998610871453,137.54497809189587,21.767482824879142,0.045
-89.78164558355289,32.27480324484444,-1743.9247173974652,34.44682255430256,84.18743046242997,1.1347371681666054,0.0,81.22462988213299,0.958
-88.9320979565154,121.44926820862067,-1052.0299301263308,7.603179910815504,248.66043775975407,0.13465654179375697,101.63993597371307,22.480361428160336,0.07
-88.00627597767934,32.29233084534448,721.2669288242819,23.350368571017395,198.36006050052097,0.11496959123723272,305.64532855860784,59.48104726010888,0.123
-88.35345648793856,346.15574023719944,-1890.5517697334626,4.5874463249051685,221.0821659708181,0.1085585526789336,158.68311228557036,23.409391256381177,0.055
-88.73108306736108,290.61419375745015,432.10710879753515,27.38265640912035,75.89462998413731,0.9430604028126282,0.0,65.3639379615198,0.75
-89.31811812050545,165.46779156832568,403.5386429401367,4.998824081845867,233.25101733344016,0.30010236707632476,250.46944732370292,17.599939462938806,0.022
-88.71459791104589,80.4969173965216,-1277.848920561273,0.08280866382656882,243.56696638990854,0.24820652672235127,112.5318457394269,8.997143437532038,0.012
-88.89862121856787,336.0438378899468,-1438.5220209599202,9.914935690462496,190.52370784605986,0.3256756768486213,145.80750401784704,23.50854750700955,0.262
-89.09044157060829,124.05477446170984,-1753.6521589317535,6.682242990383627,215.5326806884308,0.15751910102263225,166.93517397192974,24.379078274805984,0.196
-89.65165028419362,57.95439540745491,-1254.5620242661353,17.962997854612127,181.7842640144105,0.2100889125911385,321.68192199734426,49.040812084579365,0.18
-88.21545199104311,202.73917984342376,-2325.3755460476464,11.486050728074764,150.06852366378257,0.3665492645648636,220.20084716815512,40.803446678628035,0.159
-89.04540916723948,339.7586833241338,-1260.991213856478,18.277023945519215,229.3147160776218,0.38071436380856005,328.37580452632665,53.09560071334107,0.221
-89.53021722754055,1.378904580116127,-2.4957809193149387,9.089785269147061,193.55713967943186,0.37651874649675154,111.86247513536853,23.292968812710427,0.223
-89.20125723333315,85.72494357143955,-1688.868049981374,5.348926289811947,191.11363173079698,0.3454915132602288,101.64096842902939,21.7583899422543,0.281
-89.11315347019504,337.84115054774674,-1392.5794431912407,6.164394521039265,202.27850853776891,0.30647076357936764,337.06165517633127,21.66385729079665,0.081
-88.32767799842294,61.590948068578335,-2560.912379413793,32.44938798031026,84.66248812033575,1.0392171513887956,0.0,80.98875707340994,0.939
-88.50613267693333,40.76764259033515,-900.7503294951653,14.251709322269358,212.46685760793503,0.31425447754979174,295.8291995534132,34.95755534174496,0.297
-88.43832070208146,205.26739768792962,-988.4146520389008,7.837622094530445,139.55738719020434,0.38618087461764816,328.9514035254196,30.065649044692023,0.018
-89.87904059758557,310.2637763861388,-1149.0381121873834,6.79790986545919,175.35529621702472,0.10743649961106655,346.13467307462395,18.660657902794455,0.118
-89.10930740345846,171.7595343698134,-1373.4616401777148,12.968660324758757,247.24176647806885,0.37649262576837317,124.42804197799245,35.40741438003509,0.136
-88.98544611189288,358.0431324064289,-1434.2063350179637,30.45399681250379,42.185103435058,0.9806006821955495,0.0,66.48543702003536,0.877
-89.8635346740362,244.5018118336774,-798.4798130394624,22.286987158898995,241.3543494859118,0.13353932554613748,147.14336223845288,44.74877045044303,0.014
-89.40635490338444,26.666966595761185,-1223.0532812708987,2.7828216351808486,223.87172808382783,0.1644733809211884,304.6044146963834,11.04355712495062,0.184
-88.45544933606794,357.41956740551115,-948.0225027557342,36.18355753572451,65.41532533060231,1.1496041536176516,0.0,81.07955306829099,0.922
-89.6394915591149,146.84192524086856,-1028.0137460363617,11.688396351985224,158.91112837236574,0.2518350864539548,248.3178618082339,40.507639235803595,0.053
-88.88291075024007,103.46491218437372,-301.2581703233906,24.463298110749445,152.60470865356146,0.39484531704857107,313.80547800037016,53.48983768271509,0.044
-89.49111644316726,200.83650608803882,-658.4047220999566,0.4499150260009728,200.0789491416623,0.13525933285149133,270.78995993862577,7.871180147285135,0.3
-89.87697052817661,109.55073305551115,-1045.7105254798475,11.981630952508976,170.5585737184975,0.22375103917003877,116.35384849337476,26.761516330104083,0.25
-89.44171723056087,31.124702563254836,14.737624521743783,2.084314903683609,221.8255071943418,0.19956233292422804,211.41846418120585,19.945025323981152,0.212
-88.0458398656709,0.514203508503619,-863.7851767547509,20.503334761957056,216.46394353562744,0.25484063081947655,116.87501290182206,48.70435917117523,0.126
-88.37707948742232,161.85000705129443,-156.02984896766498,33.12089327252909,74.68470759347898,0.9699344861044766,0.0,74.54995320001453,0.808
-88.07680437579003,301.27083200157324,-714.4459132906898,14.14532918886416,208.38202962864668,0.29848884081449634,154.82567884825016,36.55198555822891,0.278
-88.97307731653991,206.03346682682755,-2673.5352631452342,2.7535598155196865,179.23702661360576,0.10038876397353341,100.32704988127422,5.754264095388358,0.222
-89.69150122251276,359.7146276196387,-156.1321893445363,16.52624029980121,155.26089411395958,0.1266881301344704,303.28794794801126,35.71945242129551,0.125
-88.85887697094999,103.264792432992,-1091.8590069258648,13.893340361801659,167.8153229870496,0.11051915009678558,342.3457111007149,33.027769660529906,0.179
-89.03668306433607,100.96382331361991,-1241.5638167206223,18.209333956139915,235.34926140971666,0.35937974391948324,341.0331704427289,49.498751508352136,0.039
-88.29572154279474,57.50980568421991,-974.9213220083384,24.095314011362685,160.33247689715566,0.19398767594789668,174.79629844083092,45.6944057241326,0.056
-89.71364309650994,59.06289177552067,-1475.9865295656539,9.100788469749848,150.2358982647241,0.2101190325629093,307.1934025157108,30.90811060181651,0.237
-88.97234183965863,102.66717456361721,-1018.3769116888437,3.201606938990132,159.25301089941928,0.23511137468400783,269.6942253537294,18.118706063318676,0.019
-89.61490753708144,285.4224162984698,-1673.500853074474,20.277752143719177,140.04658106921684,0.35479131917607276,300.01909757483406,41.48105621475129,0.024
-89.28311573890889,326.0724446291212,-180.58219301250404,20.02332777884466,186.24889823548602,0.10424987828864048,311.55951206563174,48.461795018924704,0.157
-88.49902155296319,351.03138109476527,-1290.8704908968402,13.00735808121345,130.6411010851545,0.13558548231395512,345.06968476283305,41.83401838449912,0.059
-88.99556555419935,83.62427547472295,-1506.0670741779468,33.77554188680773,41.13446476075704,0.6128178978581774,0.0,72.19847725074486,0.963
-89.18581225822304,317.267116421073,-1939.940652575419,7.621778771383478,141.58123461438765,0.3891677568122792,292.4365059960755,22.483674073323257,0.126
-89.15049507071694,118.17183213984134,-984.9793686810868,3.0014202836473167,193.7277038555504,0.2928359263891023,283.53840102050106,29.808120399882533,0.161
-89.02705114002863,40.62259602607839,-1050.3143198999264,16.180914275066016,127.5035698487851,0.17833704054025698,171.93395942212936,43.99131792666258,0.092
-88.40846856670959,313.20897318725963,-889.2603090579948,5.250621430865017,246.98344075000568,0.25595932863598525,198.14688895086212,19.21127310713644,0.15
-88.20503909101356,228.9980284717027,-2021.801510004103,16.955165241448956,173.6405642451106,0.3924941426744304,144.18951191862325,41.525037375672376,0.117
-88.08486409564253,59.30312258918222,-2480.9449590492586,3.6699174416056,225.10398770623402,0.25842296397033726,328.3182982714418,19.205132991669796,0.033
-88.40488356611495,154.73925270468092,-699.5269579947521,7.9975771706811445,217.61069699099772,0.21205228891846073,319.83393119981787,29.419695757473118,0.261
-89.30072689807878,103.41277015574435,-12.28651049879386,30.908404200391654,63.34730059899421,0.8220899583283622,0.0,61.03800083993041,0.964
-88.59254405843558,265.2460447356709,-2021.082897911917,7.944126432523211,225.83108196864538,0.3901100525775193,227.9074999711766,14.718575073596636,0.187
-89.06855406429476,163.2298430247365,71.55302684935873,4.011484559827037,124.06490521235881,0.3156749580195118,158.2220900958622,13.032733253943261,0.175
-89.4161258181125,356.1407802382986,-972.8711530108953,23.706787887065,204.98960764607472,0.3061518566866142,297.4008892574918,56.64435878989669,0.068
-88.30234399909075,19.70819361345424,-1205.6503236406638,1.4895804971330637,147.21581293832935,0.16961629650722404,102.05122808009803,13.357007316059486,0.019
-89.82698993697159,127.80549580904881,-1518.0389572366225,5.070567698529319,220.0220329693226,0.26784539132907237,215.69667289301202,11.623842628701661,0.259
-88.1866522149427,173.48406015959188,-2307.614415539997,17.765611205089947,243.96162637870444,0.20702355955669405,315.1377942815892,44.50730414160203,0.154
-89.023192817213,181.1280797093951,-409.8171872603202,21.38411423873292,236.2085341779774,0.17206045775618495,254.62133360818825,52.40903398295403,0.13
-88.68931719406427,113.73689605882925,-1820.4850891500823,24.204763910810748,126.09331114631325,0.3686656858042314,258.78071039290717,54.160290771607045,0.231
-88.64722754780901,262.5264896751245,-1823.8453405900802,4.5277816777951525,161.73733889419495,0.21494674262878405,117.67685640486106,16.38311158364636,0.02
-88.19927629265759,314.9089464560309,-406.45895209043624,17.9600867298612,161.00518600766395,0.18483614874141935,171.6761823614763,42.28766920854736,0.232
-88.69032760388231,337.9389487120307,-2706.3867573373814,7.338918004558203,127.12147729033428,0.3795161189825105,268.46555139904547,26.999337541225863,0.129
-88.73352618895588,289.83361564782945,-2418.8782485345337,5.943443664893676,123.73764746855585,0.15920391893683764,112.40432531327068,21.921234950341407,0.17
-89.77336112293469,306.2088710303758,-1214.5073948064655,24.032127822922853,163.88461889568543,0.3236514354149569,182.7339383714086,52.352837300219505,0.228
-88.91502475830411,198.19630822319837,-965.3724567961183,6.504456041404138,248.89001706951157,0.29582414333927887,188.48614088996734,27.784145827932413,0.169
-89.61467889844762,297.31976151365325,-812.2122816248609,14.782045960209798,189.65197114927852,0.3761453285116857,224.67959725856088,32.72762877120458,0.028
-88.49887583942918,109.2614072932628,-1441.4387947170023,13.555794692306389,197.04942800459588,0.34961414127018353,190.59381309616595,28.547046012620676,0.221
-88.92677835045592,143.45235435931718,824.2957349133515,1.2924562366149743,175.94264740261553,0.3115885653818925,213.52938436597577,11.35915891558877,0.238
-88.60756721950413,114.08868497467596,-1382.3140470126673,21.66092855356321,202.7262773225632,0.1943714982091287,236.74933661140068,52.07075896039512,0.144
-89.82082148885547,168.25944076125316,-1384.6289216821776,17.602808936789536,243.93269130426773,0.2486707033811648,132.08696038413427,45.56955298437174,0.137
-89.73889516951299,102.80866184590909,-1837.589335051102,7.86290611870421,192.41771350601485,0.383348728404154,145.11885366849927,19.81920719192533,0.083
-88.5389855626809,346.18011921160087,-1100.8745467831432,14.774211112373433,119.10538436096707,0.10696078917444807,308.1277485889195,44.013824551328874,0.197
-89.76303976160253,112.62406608204053,-708.0310143625802,4.2702656583337895,179.0046796835478,0.33829954714601174,214.9419856174494,27.114220551072727,0.266
-89.76461221724601,35.296033719938336,-237.13755637323197,22.970753064126278,248.98517825527318,0.17554310513616384,188.78801846161087,55.83326421765862,0.2
-89.87699389705372,189.65417977814883,-2391.4274115521744,2.453998367807582,164.23638088319686,0.15550508298813753,208.4703785454198,16.48804878904755,0.234
-88.08264734323099,20.555668240263493,-1396.7962706845606,8.435230313704558,193.14337321002608,0.16966738432669587,143.704638202999,16.294755596166578,0.253
-88.4987341170279,39.79553987108899,-842.6371113526847,15.620245509884658,124.92914688003438,0.11792529744905415,159.96181368814973,39.06604127803212,0.076
-89.22882232384609,78.98018011064866,-730.3539723243715,12.543402941418751,129.76526982311935,0.3975939472858504,228.8808856416336,31.606823408347616,0.127
-89.33658239555346,167.16608995757102,-1194.7610737563687,19.629582567139714,232.45540344155475,0.36096074296754355,189.7316240753661,44.96864167229763,0.136
-89.2355638634829,155.97033563125004,-766.0608243743186,3.1842198600928917,152.0482479552256,0.2563167905896683,218.8640257513028,13.080935637874177,0.172
-88.42815829075576,287.88907032100485,-1847.1711143406403,28.51914336867378,42.470603038317456,0.7643287041298301,0.0,64.24971120946465,0.885
-88.64339583896621,266.2108753982808,46.32434585468536,17.251446587882715,164.20981944032593,0.2669786088770523,139.11708308075794,37.228228350970056,0.181
-89.54812842105181,153.47458583665247,-405.8975176164564,25.59718213000896,85.91694197952134,0.719216504166807,0.0,58.75802443946279,0.962
-89.56919226286524,120.13351472722677,-2275.942229652138,20.742401692332415,121.8146694451627,0.3534295574671035,194.71440817384916,46.27639622114188,0.244
-89.71304826554454,113.92876226213949,-2060.0824384934044,11.883898855449564,224.6269743571869,0.16983712844596038,320.8330858811967,37.70946447411998,0.289
-88.64542483256746,278.63823142584323,-2037.537400085525,0.8419821091116066,157.81810270523812,0.23792433119507375,108.36284518470434,13.335612713644451,0.094
-88.4476919417787,18.746066239657107,-657.6240232827772,6.3644681875129905,228.92552363796648,0.29045432025687135,348.2138604131359,24.387436441512172,0.157
-89.3964117861825,4.615793823818097,-2227.7822131339735,27.895633328625774,50.66320196660506,0.9194123856831636,0.0,70.67519859021081,0.832
-89.86020457404128,286.3959810935933,-1464.8194673664646,25.854377816563822,80.33611776507531,1.1717437617993398,0.0,57.57735998955468,0.809
-89.74387383179479,171.77269535605774,-836.2364828665804,5.8040001989631005,128.10989126972973,0.3692905032232472,279.6894404887568,22.956945517482204,0.056
-88.06106593379444,47.11720987928735,-1252.9327476371477,16.183042862021786,130.21256971760997,0.35383361529612634,333.8136643704363,47.717184650381625,0.224
-89.33865492279291,84.80373645402045,-992.8899874298354,9.873102656948813,216.22372473288604,0.2746189191035693,162.79847646339678,25.26540003477703,0.213
-88.43847601910755,335.7014231150577,-2052.6421690790066,9.122971118708836,130.2890173273391,0.3680966080185667,178.9076520160271,18.100085963678033,0.175
-88.7131392191769,309.42107122496327,-724.1165012822042,9.502273879596167,146.4590195948491,0.21322651834757034,127.73117084952895,25.551084913105385,0.284
-89.1743146846595,255.5226180806301,-1690.5695139807972,17.285392018314013,138.61576811269117,0.21378505913449344,240.96152933126362,49.35338816947077,0.287
-89.50919420182845,173.60108292143755,-1459.695739518353,20.762125793216633,159.79499896433754,0.33428969297280076,139.8620939176307,46.75890303856047,0.26
-89.66936580549714,187.31650542889886,-1009.8146176752111,21.902995470995243,120.41132052095625,0.1403630996905033,332.7176540993386,51.48049492628088,0.095
-88.73147536072615,351.0880327022251,-1117.5374227753214,16.45709140135367,229.94394753701613,0.1917475652375257,207.89171177648728,39.01570744630584,0.075
-88.4281958167882,347.6773597983434,-1180.8159847875256,6.007707019226359,230.4204836521391,0.28257173526200274,329.92168155016896,21.063645908985855,0.252
-88.67658191827185,77.49685648290034,-1800.5014575814046,8.588002673067043,167.81060578757658,0.2260196796600846,151.27497540851851,21.933493882228092,0.199
-88.8924259468266,291.99764386991455,-1439.6395289593538,35.0408978354919,68.33528273799388,1.0079295210890837,0.0,72.66617439290377,0.843
-89.82029267547989,71.00735982012606,-1198.2531273303712,15.742167348024783,199.87321992660264,0.387551820885741,261.8980195134077,39.28010017504798,0.129
-88.05987132257067,76.8734920382225,-2300.068186533668,15.678195684438652,214.89613614843003,0.2507743926441368,199.9189201127071,40.00434743348735,0.257
-88.38244303585631,243.39349229924764,-1570.0263730507031,15.59485939773858,182.89661225616715,0.2617185671097044,324.58578177648155,46.77212556758084,0.057
-89.34363813026818,145.80039549151743,-889.8560967737228,16.1537962250599,181.44704636183604,0.3173881275471314,208.70051273056407,42.638903324601365,0.284
-88.03805637421819,335.3559865583473,-2221.9492830762742,11.831121810859234,198.38252882594952,0.23717947757025207,149.60763261612937,27.80366817520507,0.194
-88.75642497969099,32.04350456256318,-274.7346787246082,9.604756830889315,208.42677539378286,0.15702954038214306,344.24634528657396,25.551104065816062,0.239
-88.79339694940623,184.1492306914175,-184.30938992012568,11.621071682053106,158.53665278409525,0.32409075058687925,210.37035074963967,36.8096073744425,0.118
-88.4786609590839,330.66775095952363,-2196.1204607680684,24.81495399253412,156.2518662576341,0.3213357668058995,152.0182444194337,57.51082650994363,0.18
-88.35763740262874,325.48091777262186,-113.90429355988863,12.47672894622296,147.76057657342727,0.17349433101753386,190.90816512035715,29.487923430270833,0.227
-88.65269064607014,56.35051682966684,-1314.8652709697076,4.465113866019411,186.8385177437848,0.3498749559343023,253.37736413429673,19.341872822665646,0.136
-89.65661808190423,131.98957203472432,-865.1883526743561,16.30089156171752,160.42179653780812,0.2840947589260483,228.00688390284313,38.65234225855752,0.152
-89.25729173861046,222.88370401681064,-1597.3208417025974,3.9617535175725482,185.64385747906846,0.17089048309460964,258.77925570756673,20.314231162831284,0.179
-88.13664108338051,57.38215851770478,-461.56413821859053,0.1678564108141778,166.83786721576902,0.2956117432506113,265.46431962961924,12.150543538773526,0.028
-89.47323033749669,348.4879819364659,-875.1247849210663,3.6584095328341917,227.14278555737252,0.17008285788716826,130.84525792820946,11.579917858067152,0.26
-89.19288265470873,329.3097583419577,-1851.3226052780828,17.425042296645156,120.2382335643645,0.17956988622400535,178.72124099338237,53.774927371077844,0.261
-89.07905392240603,60.102064452408904,-2132.1615999722308,24.587612397600687,190.10948310465443,0.3544027920409468,287.175247697067,58.56048057223725,0.092
-89.06513051958055,43.61596605395475,-2368.241948167378,16.829299451775867,190.58732508220768,0.3788474707719457,262.591812288365,30.339722920858577,0.265
-88.7354147932604,30.74705381097551,-1049.6465788537948,18.320232236170213,163.720423475418,0.17706479750746335,122.08708420652039,48.54323825958201,0.226
-88.10815590828506,327.3997190531872,-742.0228705762113,16.730452728380012,168.94292523884005,0.3784153111255558,178.78689637446047,30.46954219866824,0.15
-89.44268384751824,69.70457152636588,-679.2274569764469,13.013271768604683,222.01839052360998,0.17163965395070607,332.8305373424534,41.2256936362494,0.111
-89.66914738502827,149.8625742759677,-1294.3848756859022,18.969306349627576,149.29431943644687,0.13518020966277572,315.5031639708603,48.22392481886376,0.126
-89.52480606926612,161.58649163472109,-2125.597164531491,12.187754670694204,231.99653079966282,0.11746716342137836,267.66071314488056,33.644599724279566,0.165
-88.21484268960239,215.64397591688433,-1745.6598384190265,13.110883513048332,235.48806257885707,0.17263397224979,118.21595513410767,35.79851821863642,0.13
-88.67295945595511,25.824723749072987,-278.12108883045937,1.5507496537774834,201.08670261630743,0.2155739622031706,251.76379664692973,15.610221034823102,0.132
-89.3567771004456,81.63310226418574,-1587.7028516800651,23.629025725441394,218.20007991913377,0.3782645140327915,103.04703295990456,54.432275728048936,0.069
-88.34970081595962,335.3365392908134,-1085.2658954548192,10.528446947831394,195.81265396962837,0.1726473999118086,265.2816012924234,30.582436130033123,0.215
-88.26339700690947,327.027638616685,-2060.52038685991,12.309480882678303,183.53627592452284,0.20963960348526803,282.80288725163877,34.78582760995492,0.187
-88.29162275648848,281.2646330660492,-930.7335636327721,3.0507187425380344,245.33488559503215,0.32024676242307165,224.31090490112308,1.271658694355386,0.298
-88.15403958608485,6.9844484225575565,-1566.1476493432624,22.168308890128515,149.571694991845,0.19062222639618448,100.95166110025465,56.88313306966136,0.051
-89.42074206167062,117.72243665859676,-362.629828979389,18.273281202738094,131.5811325300357,0.3053104455038742,266.6525296009722,49.93707553531507,0.043
-88.46542033538208,226.06514472344682,-581.1538350345493,17.56947882340503,150.24795083995213,0.22962334577455074,304.93502138472763,46.976110663974,0.16
-89.02497495517913,99.06847623845125,-1596.5647572599198,3.869771478311776,196.04758517312231,0.15893348579775168,246.46686699529317,19.223128308744762,0.054
-88.30020274950888,327.45121021935984,-1301.3312218781307,4.263601550618699,135.92568133416012,0.3202176702907409,277.2993761829396,26.08446396174655,0.187
-88.51586771339294,228.20020625967908,-1640.8929920325031,14.235994544459054,237.23396605168398,0.10811165000700523,122.5803398305425,37.826719589059095,0.067
-88.42474985165052,25.886418233920416,-2335.546557236008,5.055015897519489,167.54341609315497,0.1877004475218937,278.830462919046,19.636875194027763,0.15
-88.65329250840597,327.2420119808531,-1885.9539436377731,16.348929626773383,228.9948029608581,0.20685446175051364,253.54824051040384,39.012109786366246,0.187
-89.56288533800756,344.7959969434401,-1041.4261378233439,9.60912602766722,144.89311623403432,0.23746547649629082,182.75493125770862,19.22456245596757,0.143
-88.86444885409583,27.97647062102118,-939.7924014163345,7.124554435934074,153.84356971158465,0.30396076959284185,271.33349882620365,26.113799612003586,0.103
-88.02912749490343,191.64968455007337,-1081.161677125889,29.967534654264913,79.41695275556157,1.075955107786427,0.0,66.78912296050396,0.981
-88.11896267365547,109.21114159710136,-1441.3864431669085,16.39485827995765,146.08747690598034,0.2782972336858649,249.86505999972857,32.741454717703505,0.258
-89.81796990198568,141.42206753330484,-453.5467154232117,13.667936645309927,178.6439346548622,0.2787337235253452,145.73635082910567,36.53493259505129,0.091
-89.58685185011407,64.67443846392308,-1149.1664763512501,31.852265356713566,46.21569439408381,0.6590127034140872,0.0,72.76382929571058,0.832
-89.64971533043634,208.1059567244685,-637.3969375232422,11.35953618801436,164.44641634480973,0.3801913797264096,347.84569294143375,31.143234012156054,0.124
-88.52063817102794,344.87256716960064,-2619.020105762015,3.8468888521189246,199.56414312766842,0.3867561492629329,208.2772935154049,17.94712211964362,0.151
-88.34620787327181,181.10613609777926,-4337.9202012946735,7.988268282526109,169.8794164456303,0.2745552652283398,114.85663088873402,17.746703532033223,0.077
-89.49432840400972,29.849249302013217,-972.9695777295359,20.5835123300539,116.55085910751177,0.12150726408862958,324.7513277034569,55.70277124843619,0.191
-88.93887988339152,223.200480051867,-2339.8125229771913,20.756563632282365,180.49456762553837,0.24733826927678074,143.23302185624172,53.2557876995645,0.039
-88.30266424677872,122.48027800245254,-1369.9613621704448,3.3399329101737383,119.22791053854893,0.15532579803820218,200.87995486599908,22.468718850818895,0.182
-88.50767706494412,308.1330682528672,-1441.6776328196845,21.979543221425494,233.71798944365503,0.24496435656187113,169.4997283652492,50.7610771874306,0.297
-88.86974930956549,156.48413339392928,69.92048193242954,7.9668523267829245,215.42517467312797,0.15654494634956256,340.96886329044077,27.659640978935023,0.229
-88.77833938812833,69.42225921920841,-880.0027576451148,24.11639625649167,163.01120597533128,0.3111565736946653,194.5246447274494,48.464539493019984,0.27
-88.93411496085908,68.79802416881218,-1067.3127785610618,1.6735730187794218,199.63061326678059,0.12412873601990276,277.17924097758873,8.755070490309473,0.145
-89.33465794249425,276.75510505961773,-530.4070762930611,10.766884009338394,125.6839417438665,0.3859912229187773,249.5957429830175,24.248038888133564,0.051
-88.82645821356788,95.61153539064956,-905.201930528769,7.098326846234397,208.35769817477112,0.15861276683000583,110.7437929004634,25.07104748649904,0.094
-88.59111792610483,276.2040218973203,-1566.1415943907464,22.560303715657138,225.18253725880572,0.2981969008147737,196.0786696249185,49.17342928273049,0.024
-88.24068645986446,74.11943187597578,-342.8192557963522,6.77218783433829,225.04439079535283,0.37508870521884685,197.50549065159072,20.932587013816505,0.156
-88.69104642743943,115.80709273247139,-2087.8001023106194,11.57551470988244,149.7988566766918,0.17436589419521875,347.45833135112787,32.7062489000327,0.198
-88.453869079618,167.57531007829178,-941.4022499731502,17.068113976630492,146.92446733875573,0.38028906971113907,302.9821752646376,41.67398471974858,0.133
-89.59586389358631,339.55050588964224,-2438.055835309049,17.452584830261195,182.995676306375,0.21660239969808182,314.1635690303804,37.899394196834834,0.173
-89.02304079860241,335.42331291137685,-1036.8449139872039,20.869526074731716,245.48810267017876,0.38815924517577705,178.38029250529368,59.54458862733897,0.103
-89.88226992232853,74.47387515202361,-1045.6082865816563,14.111247768446667,238.87321686485194,0.39140915744035776,182.26365377833494,38.37446921582364,0.035
-89.43131015740892,128.95885484750622,141.16396953173012,7.817510847201688,160.34938744583746,0.15642397152077195,228.9014271089447,33.485524908163185,0.135
-88.51972274128529,53.78377984335803,-2451.9791147534233,8.503012546412496,219.1761308656262,0.34932620107931633,257.7537831821089,21.42200446240383,0.169
-88.01556109243622,183.59462855285898,-1680.70974068305,12.25672315207612,238.98448697280404,0.1580263038500651,282.0733720287583,32.20996439351916,0.295
-89.7115616107843,165.80971825007998,-541.854058740685,14.495924760743833,146.52970520046472,0.16793218609932448,305.200463946547,39.00225589601692,0.111
-89.13716079986355,324.27365848226367,-931.7461948821538,10.528283521515636,226.24139094441156,0.1252379512070195,318.30055483513854,38.29402162033095,0.207
-88.37986515947159,334.80193600478617,-1055.7559589299976,12.192034209655473,147.50538776728473,0.1469610839494534,106.15647770851021,42.199233230302866,0.249
-89.5123322942051,138.08426076262515,-1964.9085623668313,3.172538605721053,158.05949762420948,0.2896656904741324,299.02397076298337,13.749739428336474,0.107
-88.84533859632566,177.0256594868362,-1672.6546784731433,18.673552844546784,137.8348967191056,0.23477581901553596,252.70924744825842,43.27431395584716,0.28
-88.50716453754362,322.6450496926079,-203.96719342139477,13.8111228888943,180.99117187017987,0.3372832711506506,233.02119486686743,37.17042178853258,0.108
-88.72962764450565,290.4148107882221,-1241.2073550031423,22.018704135410882,228.06352519657378,0.19959904444798665,257.11658421458344,59.614418213606754,0.291
-89.54275300423072,1.3162720840737396,-899.7122430844213,12.001605074070849,183.9272992409717,0.39058737019031775,320.4845614422971,34.257580152093794,0.011
-89.2247693194971,115.2214431060897,-1292.1506630211832,5.383975785217864,127.28160135703365,0.1149617622458124,236.32272357689104,21.934430933493942,0.194
-88.41079560947774,151.83872709700532,-2146.468412199812,8.415538106933251,145.2486305118038,0.11888078632073246,140.5470014747418,32.361715567908355,0.239
-88.84696962314916,82.69786212596341,-452.9516591400027,10.000700768815832,188.80066141938744,0.3104124696454409,209.194287548835,34.72549753088035,0.091
-89.89006373426847,71.84578172253795,-797.414092374003,19.42903305433599,191.64624377987843,0.366261665491858,331.11488338980286,53.77544487195303,0.044
-88.45411755594662,13.60242237444468,644.5094698937514,8.70273544513395,190.7668264962818,0.3386500574902449,303.6209392268136,30.515682234009446,0.017
-89.83290842561355,231.6131010251138,-2012.4651037204362,12.411795169489348,120.78048895087024,0.24694512636007412,150.76140035373277,41.58407363966665,0.032
-88.48310581281066,94.50370457393963,-541.9416630396156,17.13675215793306,215.5174249688656,0.18089240839150603,278.53593769324186,38.19825921058556,0.167
-89.51528693568605,18.84498423527271,-2249.2351728296007,5.385121147184803,237.31994785846092,0.10403545879141449,164.05668037230788,32.01655562599582,0.253
-88.07966038777317,83.1525517901029,-1074.1227458615379,12.746280098168473,181.47265268218598,0.25283543617593274,187.13424924756947,40.79435602500095,0.028
-89.20091257252604,288.68902302100554,-418.7947287494684,5.729634908501555,210.6361001480608,0.242690859192783,217.2293409939511,20.657728070950885,0.043
-89.27882992895765,306.5361053927568,-2857.7080928771893,4.704270667796095,237.96216888511717,0.20327376984107198,210.21740696517293,24.957115031901644,0.011
-89.61711270436837,173.90384826958896,-1363.9459793932863,7.91580149868683,199.96718569272224,0.27342183639174555,107.31995667003608,24.094370976109012,0.092
-89.31935199056859,149.78544134712703,-1650.5677872340962,4.893080075329893,204.40560142034715,0.318644409214382,293.5023062450414,22.160287788770027,0.277
-88.23436355252642,352.02732966064144,-1761.5658386360974,18.836183119363326,210.99661787375362,0.3102664708684728,311.5964985421116,50.632240598048696,0.09
-88.00696475850823,72.20327745170516,-891.8298781925166,4.650481231646222,146.47034320356912,0.17897585253526466,232.7358099198323,23.611720654232375,0.138
-89.20021189203699,77.52934182765905,-303.45143486192376,2.9708999295207263,191.57490246035584,0.27559110658437797,143.23777071710964,13.643426641480808,0.062
-89.04763980118638,105.07218373310391,-1306.6229721833245,29.679286668395335,76.72337689385593,0.6743639303477084,0.0,73.7754905063362,0.813
-88.5280652174148,62.192634581191435,-1035.610857951984,21.607400118240353,151.4627822365051,0.1364805531665064,131.58355268978693,51.005291016492485,0.063
-88.21622801711636,136.57161535350718,-1108.5529975526017,6.6151336065920034,235.60386994356043,0.3357567508777354,142.37656358326336,26.88513625445168,0.071
-88.77321576504511,327.9003217163114,-1198.5571949148687,4.352317101474664,196.85347296718848,0.3081237706286608,319.09934844489726,18.61523974139545,0.048
-89.15610117346213,221.52522262628673,-2071.474110169685,14.42462971722711,169.24447920062786,0.33037867018948863,220.04069772749895,29.729460509658693,0.24
-89.11601850238762,148.3007575004149,-313.2443186216857,15.237550672314935,197.245614596041,0.14573868226126627,127.75336696268388,36.791304410746804,0.148
-88.57832552165607,336.38788604563734,-963.8437054729312,2.9049286573689344,166.2603867964707,0.37438557681113804,163.68631549717173,20.05047030879803,0.167
-89.89388529915188,17.447123691296035,-884.0948079979379,23.58565492822322,227.32498425874445,0.13993348396670763,337.3753540575241,55.65305767213384,0.119
-88.7227802588263,75.6994240446701,-1845.2077032204656,20.25224419181626,177.52460120946358,0.3610110904593187,227.3164225348185,56.57222761267018,0.071
-89.22456328016142,203.71989783663324,-1567.3763183913925,16.819016320403385,236.16987036560715,0.2057137873917794,228.90857408016703,37.57156925086251,0.037
-88.39102507057355,221.5989443495445,-1340.9073581686227,25.567284907121213,80.17750923403813,0.773363230439382,0.0,64.61525820629647,0.936
-89.72331778433606,14.24070236254073,-2427.299754759081,16.522899925709183,202.4515745492342,0.1860306881696578,127.90420359202423,42.80813837622225,0.064
-88.78241569279805,145.0939528465676,-2550.427460158143,16.485808792518473,249.68421894095908,0.1544344042641649,342.578414665162,41.73769146815758,0.257
-88.98615150921637,233.6954273391142,-1680.5983445108543,27.57679271822242,83.79531080638057,0.6948920059224876,0.0,59.262057084473184,0.847
-88.67958150078007,251.30539670522458,-781.983386846088,23.012195807277088,213.1420808226768,0.38492360441193063,275.0096052718408,57.074493334947675,0.113
-89.77677817048236,229.73036490585693,-1722.5099119439528,3.584925410884688,129.4421119082307,0.19836134847475556,114.441204739372,12.125366570815403,0.176
-88.79803080388655,115.40276076993284,-2015.0441580725708,18.331951786719152,227.44129120701547,0.28362969570463414,210.89794260463145,43.48359906069479,0.158
-88.83317928287691,33.667244495247424,-1851.7485225901362,5.35732135041418,193.50347336268163,0.3675162627219891,324.9195682515443,20.011303308772995,0.203
-88.83474582060927,153.76048071096028,-1564.2739385162502,17.04154550950278,241.3423384849043,0.2890221789088696,292.1111355962536,42.254464647119875,0.066
-88.75337343346673,46.35159745249997,-1483.087170256083,16.766135070198146,231.23392427228157,0.20865974226092932,183.66900540830093,48.67121923122496,0.162
-88.61471091926991,341.1445170674402,532.4171617652453,1.8346731245598598,120.48208524563528,0.3972517381527638,237.83694148662485,0.7185800032771326,0.233
-88.37052090060654,171.06151176814618,-356.30349721014534,10.781543886889647,129.22235583504053,0.1562240804321601,141.31866390455895,30.671210165898714,0.122
-89.3873406317564,114.21330276847232,-380.1807101746176,14.652570235804022,194.16393000495555,0.25697680446865245,339.0300598561595,37.49124744791958,0.292
-88.33240612065788,275.86946560280404,-265.1357085812949,7.637098090058431,182.56404959189047,0.33901164962103925,277.1693359371659,25.231641084631377,0.178
-88.95331420369943,179.261493329615,-1999.0566954672395,15.147099423907598,133.59911828588224,0.10019466087316731,193.57344024416665,37.572824993111695,0.206
-89.75358926964478,111.61224864448202,-2177.891691989791,20.05897777001069,128.11029195803098,0.31061297564273116,179.4836487885695,55.237361214907196,0.143
-89.78875323443644,292.3083872606886,-2085.4962332272453,11.694069357692443,188.95870968182584,0.1799496690117816,159.6596873888201,32.09957455708179,0.259
-89.26494719447749,312.1747743604039,-132.39509332972966,14.245994767082594,116.84901671649993,0.15091801680756317,296.6298873134011,39.156720876442776,0.141
-88.40869574348821,242.28293986392373,-1637.7534311059928,25.83424078555975,91.25885707565598,1.0847512209914958,0.0,66.12976062864996,0.857
-88.55540622399226,16.907192066760224,-2201.0849457914296,16.73196583225226,222.99160877236687,0.39004492775193533,182.55430526110615,43.72394435377455,0.099
-88.40163156712242,203.87623685995155,-1544.7969601758505,14.008242896744736,219.9517960395525,0.36758057777190567,326.30543676005436,31.670438165626962,0.261
-88.91718879276094,274.7861683190214,-1390.884425371702,2.419206203586393,112.23960058570376,0.16412633693911077,137.55448689286516,12.705490753248734,0.195
-89.06362190388457,49.141084350089585,-985.2693810443503,18.710260113888488,116.66973207778331,0.1351080319355334,165.9588735159869,46.799934673519786,0.242
-89.61984019925806,82.3214704984572,-999.2391834303655,15.301499493919385,186.977476961102,0.2092457813543403,186.19142811996252,32.370188070338514,0.021
-89.27643376814231,317.69823782452914,-1862.5444510988063,24.837394337014082,249.2195964451849,0.2777009440300221,164.96287138710568,56.11574226372818,0.09
-89.07536320426964,7.243819867106653,-651.4748859890312,12.468785433033114,157.92426813598925,0.36014338857433625,246.35076030527628,34.596237263681,0.256
-89.73165918360873,270.98176961735135,-1711.3548270001265,6.162665001339956,158.21247429674816,0.3898270375120234,250.25777787573267,32.386349701362846,0.102
-89.48083728984871,170.55838530519225,-1325.0210693640345,5.001208688282617,128.79891536067765,0.3253460104519297,113.68724312090406,21.857927178211987,0.217
-88.7633719412789,160.83797718225847,-650.580743597316,19.356807637597335,204.4070125235302,0.2797021638104968,136.13226601620607,49.50231064061662,0.298
-88.50224008294555,2.554751698159383,-1713.4571231554733,6.298064023018467,200.5347364591608,0.14269960783930508,149.6321890948362,31.049267891068293,0.061
-88.00313972835339,294.9833631479374,-1655.48113886491,16.367677511104972,124.18513829308228,0.12220851291199333,117.58201712875504,45.67459547685655,0.131
-88.12708467044725,129.53696422916394,-726.6655602454952,13.142326445023562,175.43772018956918,0.27880806355876037,131.19049732482824,39.9291275719736,0.058
-88.67912612088314,194.67562726819546,-1886.1865412840157,10.331603323060794,203.39048723507642,0.26171923173007816,159.91284724640565,28.628727734465652,0.055
-89.09962869874127,243.8282470808374,-1507.8336188832566,11.036387144117766,179.09225908506977,0.3538264323202307,186.40515184694226,25.74540182398909,0.194
-88.69126300705436,252.9466475176497,-755.406257565686,3.3461049495477315,204.41090146106578,0.1967817552565312,297.82725301564176,18.000447651583215,0.065
-88.40726192564756,344.15282117738604,443.27395314878004,11.842223111003293,224.27785564040857,0.11190725720494304,154.4762697223312,42.795441578449065,0.15
-89.67516123724558,191.28238316517928,-715.6763961898027,6.155065672056013,206.01416063704747,0.22711248072731,267.5064578608371,29.875291532965992,0.294
-89.12118070957706,143.89903835079392,-821.8881896079906,8.277434798742952,196.25599301627335,0.3907546911813219,114.47025489618109,29.844073592720896,0.107
-88.30437565729233,343.33330553701484,-775.3587330618163,8.763509552908388,229.50263597222903,0.3386724714809569,264.5602315759352,24.093996515691828,0.263
-89.17071739132722,231.1596846091876,-2058.5522192536396,9.733067301012808,236.08239950177034,0.11013165209268194,298.6798014138019,21.712964529574357,0.125
-88.81344268466835,107.33412825956002,-1107.5226090560736,21.22173456507086,164.4441012046126,0.3624036711694526,251.2019872111575,48.33223271888783,0.086
-88.78323821436183,45.52712834528562,-1223.8131906691215,10.702091707953066,134.25498428134404,0.24150684688639526,150.34807259372087,32.49274141347328,0.108
-89.54949511904609,303.31962052746525,-942.732367701795,22.237023365900985,224.50045656112707,0.20943040954538678,182.6020034656015,52.11899085859553,0.047
-89.21175266086065,130.38537700589455,-1106.7935580193034,27.378549513264815,93.01388774607686,0.8704819570554868,0.0,69.76737744937152,0.856
-89.26442855139034,237.7690996911952,-896.24025806631,20.549446510561495,240.053093764872,0.2785432759116594,207.99297312281402,43.65295265439759,0.158
-89.85022625378909,169.49391097172332,-1449.1737559193612,17.34468535068511,113.20291233106649,0.2591798255322288,163.80866198209316,44.045577880995054,0.188
-89.85403564860643,71.6147207262138,-1153.112866102566,15.268322094835202,238.9779655667025,0.29698817325047894,333.17288414388474,36.70320142351732,0.098
-88.31977561701603,216.60717910336743,-2182.2628528455934,20.6535870905007,192.4856189656888,0.272092439512014,259.33871415264764,56.263611983224294,0.2
-89.38116546105167,21.845904822245636,-1455.925822402331,12.893607385962396,218.4638963118034,0.14318337245251556,301.42867763705493,38.50026963537758,0.058
-88.91565034414626,148.8032855536292,-87.33316145868525,21.845698459571985,165.78896218901662,0.17717080262749546,106.12547122657611,49.53636911736083,0.199
-89.33242141018134,196.78137827892158,-944.9533282973953,18.14105805289684,248.84028086724322,0.35230887163055025,184.83414579077493,50.5531647119059,0.034
-88.11270943428086,156.97691068268847,-1216.7368299064615,8.401595392196121,141.85719985928066,0.298977554408689,214.72422559574926,18.68937352446487,0.126
-89.40733615815503,269.5219830903567,316.8986210034773,20.95850880102806,147.00811276934445,0.23452018762442237,246.85538853394073,42.984542785261475,0.187
-89.08365205579602,298.0529836363125,-2288.6679826408636,12.914800059775686,117.2005421652462,0.1547804295501596,147.49297161753276,31.403749310555764,0.258
-88.24181252407925,277.64750665194407,-2087.564444356976,10.93867992387684,241.66627082860134,0.10230731079319358,224.48838817979595,21.962854621208557,0.246
-88.30032622309557,13.97266121224876,170.16912902101808,7.2380083960101285,173.84410250381467,0.19356622095658543,271.4063419224219,23.913199792667807,0.163
-89.54640730609208,69.88635736055,-1163.231251160853,13.660188478745722,204.47933806070887,0.11645408707800063,186.46901417300603,36.91643670216907,0.266
-88.37497771138815,193.17870333495875,-1394.066429031835,21.964626154129835,206.2417018447977,0.24468523992623656,272.86055075951475,51.901733851073466,0.157
-89.02944491519801,336.53593455976846,-2159.3634600765145,20.889400055930373,232.43029291957487,0.3465404358274626,197.41351009296017,54.473378579740995,0.16
-88.98235914303783,300.58443901876205,-841.8429868839905,15.533937974589568,203.0895350904973,0.18561959841468922,217.36585059294362,37.45091735227212,0.219
-89.6463880524097,303.3124230066486,-764.4321043780302,17.996436407250354,188.6829655225862,0.35432624846651495,133.57322514306665,39.50469282442627,0.265
-89.74685712386147,109.15494975348297,-2075.595488667917,24.71696791522558,209.4445933867461,0.31136931882597685,262.8186415154511,55.447777010932796,0.185
-88.51691531674985,154.60124294833292,-1312.2204684403428,10.50033708829139,215.13591186043772,0.13757869880645962,156.068922005843,24.8987941302292,0.284
-88.95672381052493,169.45414103373747,-1468.412665626453,0.8457999646979388,136.02991247478747,0.293368567380875,307.2125322617731,8.632818135407476,0.077
-89.06998366503116,56.65377000596775,-995.2182828649832,25.011298521785726,56.440553760624226,0.6275490817617634,0.0,63.00268369579403,0.913
-88.51393436556044,11.184526888004275,-2095.400193776515,6.702217479692816,120.47883906797884,0.2964372760824756,240.06418740380116,14.622343807075769,0.074
-88.4455254919169,340.8850438057861,-198.4420363894742,5.096618766560954,162.36748923315514,0.14281434541843185,328.11913060342715,18.49479247078657,0.163
-89.59807448142823,86.65653083886242,-467.3409747219166,5.961977553345513,179.7200335772843,0.21775340980466984,141.85067782737156,26.712046260160783,0.241
-88.74057221599249,86.38160534050728,-1490.5404469862528,17.712830531642965,196.19098576058053,0.26997828107145816,232.55866946941654,50.78421341584981,0.242
-89.6428272436724,30.016459356753433,-1373.134969310697,4.214526245522215,244.1248327565454,0.11511225142718252,195.5512526114719,15.018924084195298,0.091
-88.47238733654481,334.2627906997603,-1309.1377202220929,4.497411923082632,156.3102948289809,0.14599250345635822,341.58101877491924,30.060943283261786,0.296
-88.65178520309243,208.70536137831792,-1822.6468424052027,17.882367945150587,216.5223672908184,0.19612264751567393,298.17851171201255,40.50669279847523,0.033
-88.08243221994142,240.1332685651274,-1554.7435345880285,19.21921252408372,184.3900667432839,0.23869602573155843,289.3752161572635,47.296074318656416,0.02
-89.7689797689228,328.1676794146989,-1416.2162941396873,5.482958517817663,140.81259049216837,0.35754618817643036,151.03033903367242,15.114478505264438,0.254
-89.79159602981262,124.42326080428423,90.29469656570245,10.658466730075947,196.14276007802627,0.15618192650619467,159.33081146208906,33.482362910979035,0.248
-89.36384455808292,223.7426320097103,-442.70535333565067,3.274054735938469,245.4046649605585,0.2042412851507577,107.2952068479572,30.55421309732888,0.217
-89.40275920090178,13.967803702399486,-452.27623413070114,6.5160321218881725,127.40316189517813,0.2427328708840542,259.633840485614,32.25076939460944,0.257
-89.4307402817632,67.23811016320656,-904.0595095964877,14.66215260152907,181.01916703689204,0.18873356679681064,192.70884545954522,43.5562740407239,0.05
-88.17811629701004,299.2484898323793,-2093.861607144988,6.983533212035423,117.22516958107396,0.28772433361626126,178.01017359358323,20.92961424962076,0.038
-89.42586222028594,276.03660828180085,-1233.1928836619034,9.557849598243308,154.97028184549072,0.17698073043279106,259.2578063777263,28.2760343029048,0.291
-89.3832955203556,126.23136892457288,-423.6092323092961,2.64706681617567,196.88437486315877,0.3317051263339731,307.1719038141363,20.874365563357046,0.191
-88.45714330140586,135.6518259987165,-2206.61170349383,23.329561648061375,227.74797104430564,0.251546228455355,133.25738649829822,60.406654642327936,0.277
-89.04549429934397,192.0795960792886,-690.7574345013886,17.100665931710658,212.24597904164995,0.12589146503833307,329.6653634764921,44.6159188121773,0.273
-88.42424994178516,0.08676168664843775,658.0873802102128,19.929053718372018,174.79994895016634,0.28809966856958735,108.56780727407775,50.56766948101154,0.199
-89.77580430062767,86.84796097369004,-350.5466832082145,24.904253246168622,237.29118599458053,0.27077305113962724,123.7765850587835,65.08701059431885,0.192
-88.97361473202058,74.9634510989572,-68.77669155041008,3.7478712445428357,152.3800531033279,0.20157920626200182,309.53203478049363,24.012643849803418,0.114
-89.83613415965176,90.17386082991484,-1025.3289996462715,8.416055169719764,215.5576774315233,0.10334712351670641,223.1759567043885,19.32842093084564,0.053
-89.78095891343483,290.1261033120389,-425.6544409880082,6.948343675822109,176.36126304467274,0.16021046265231176,334.8137135677193,25.031835950561675,0.209
-88.17776883864562,100.68258835671953,-1774.2825714832284,43.40422910102237,78.97468838840409,0.9513877962542783,0.0,99.6993243486109,0.859
-89.63543379487658,68.94767593805334,-563.3089501270189,10.504146846826238,221.64059503152643,0.15997421013798924,331.5307464889438,28.347512580162743,0.168
-88.88840070367709,181.53484588549134,-676.4894927513894,22.38727899914912,236.20575258299334,0.27324733628190334,159.9074064076736,61.16966162865602,0.025
-89.11891835505867,311.6322130941835,-968.0710607698696,0.3816114433545881,139.99469885189026,0.313697468177877,254.1124056921441,9.320619206592939,0.052
-89.2400476801082,86.88589338149995,-147.19406422520137,21.963884256430095,203.5410604962691,0.35680529702525077,348.6170007364387,60.46171892452001,0.04
-88.19031664319418,28.27304740540753,-1631.027870277911,30.575908766496656,87.50969064799204,0.6759538896033213,0.0,69.31010577857583,0.975
-89.85853554612657,128.30570490587928,-1349.6460131789302,11.397192509720185,213.93799713956312,0.30670276637644384,100.36367112721989,34.09125837390519,0.174
-88.63879959626638,269.154656843392,-1123.6303669133626,1.8911850341039873,180.56006306542724,0.28253255956915735,116.01305137050974,14.96867898202643,0.145
-88.06955057499425,198.24859609012606,-2023.6887768715205,10.61203599054464,111.57507312871336,0.3956458172838112,314.7649008866779,39.53720548504421,0.168
-88.8356804514225,294.0456130467651,-1018.4544449598018,10.267615249572263,146.6003097416705,0.17830017072397247,222.97140878867188,34.24021566629172,0.09
-88.12003732213712,345.45317313932424,-2575.1443303630776,11.62113298978158,155.26212250061334,0.17987760415382753,234.17954959692605,30.95403947537884,0.243
-89.80071002935657,285.35849163058214,-362.43637245743264,20.20967139312996,229.2851264194466,0.1379000924265579,299.8565261689235,49.05806971953818,0.105
-89.10429269375909,217.3691083837512,-1162.6901067472274,11.642423556264857,227.72401439459082,0.24570529776085973,302.894752185641,31.90400091182919,0.197
-89.40570019717211,177.60297169885698,-1616.7143231230107,9.158604453110327,124.65521456528965,0.12884851108927659,219.35532699636414,28.409696007916423,0.123
-88.51144016653662,14.424871085376001,-1867.498889836097,17.275681161120332,242.97702344797605,0.18104397906943115,314.51519419209546,39.828606877849325,0.031
-88.03553552805523,354.3559123730549,-1387.66322369535,18.040248469495527,135.54404813120874,0.2448042786314175,217.10623958491922,45.67383909404886,0.085
-89.41259288135593,138.0532041270153,-649.3922313820692,4.599055625051825,168.01032318212896,0.3872786847790053,268.75534359350365,26.038484926995537,0.29
-88.65706825719926,54.80215701007205,-761.8088170099516,12.888229622787884,140.12197525550576,0.3891438981520503,108.34045776538667,42.39470956745011,0.065
-89.5236144977565,240.01518794272442,-1764.4303578227687,36.359851242292436,60.48662178772598,0.7769296635965983,0.0,74.89544929664677,0.9
-88.82587251631395,102.34378407436536,-1876.8317381021075,1.3501624564802395,214.91628446030364,0.2167750484727055,312.8550093134039,4.084348760005046,0.094
-89.01852827529217,210.88017753517715,-674.4810349442821,11.145811671669335,159.49403296429256,0.3595483820129639,178.27960557606616,29.3259655641408,0.265
-88.05318987370008,211.23644682405285,-1777.8779236920236,31.417461220517026,86.96023060004245,0.8332481954357531,0.0,63.939399050575894,0.974
-88.74379818187671,160.4627355250329,-1152.072180736397,23.041751565436755,135.81136378401592,0.3730592142389657,265.747799284737,49.766565437498734,0.131
-89.23593789303504,301.00270159621533,-1100.9962859805783,6.866033192239385,163.52159293264023,0.29200751446456397,248.13453768248627,25.488110957814477,0.1
-89.68321800871293,95.38814215995949,-950.3502946186093,14.061353796226038,162.79506236733516,0.16053783868236415,120.54716016224717,37.933292451783686,0.297
-89.61263102540363,161.5077329823843,-513.3836558545025,11.978883200151765,143.31113544099568,0.12732423183120453,291.4412585628734,25.353074395208516,0.3
-89.47189783309265,193.56916629274974,-2210.370349493858,4.519281956783326,232.68368694160355,0.37443265121203906,254.30560737742962,24.888728753635256,0.15
-89.42316334345344,238.90489947622785,-2728.92746020839,11.257478925069176,205.03840296707767,0.1166638324364809,313.83296321416776,30.405152905290137,0.238
-88.28382949010184,282.2298661820122,-1653.9578249826814,9.200338671934707,149.1915034789319,0.1887670178313985,233.8742275122402,25.809288342098732,0.074
-88.8336767022632,142.13062183617217,241.22272626574886,13.127489380767496,143.8969064880652,0.24608853011132115,203.5812089958849,41.33775784251892,0.119
-88.9055572683887,232.57689987477457,417.73928006990286,4.516168193089666,112.51348593989347,0.10659300786204275,192.83511443081767,21.086732792035615,0.207
-89.68193914344849,54.21994310466688,264.9417084527099,0.7661820024466106,158.52151553092966,0.3720736776034732,101.1047315614997,11.320260245763556,0.093
-88.26573458263607,335.7533161952923,-1354.3850942085517,11.587192266076292,183.74797966414457,0.1861362984616705,109.94605566117238,30.70144459448879,0.075
-88.52665282390389,137.9011703115613,-2625.692065587863,29.1511821817878,42.87982058069242,0.9810074624958478,0.0,71.15046829249111,0.77
-89.77143011239001,262.62771191151785,-3074.431281321473,12.822029262627964,208.0641587001678,0.3980769991679556,332.3843466907276,33.47999584528375,0.081
-88.55511331526344,7.322789477583953,-1691.230529239529,8.684062210684546,167.64493406157726,0.1934179542452546,320.1626330855589,26.226285722739206,0.027
-88.86727738704897,73.86737144573051,-1358.4589041194881,19.540858050384983,154.2844971814935,0.3630294722456119,224.29908874874363,43.19923747284017,0.228
-89.74472184308112,175.34971595648807,-159.49967915523303,10.416803874046215,241.46807223064636,0.2360423361762643,145.0490983539632,36.546409419452274,0.081
-89.02922878109555,316.17088838364475,-505.7556323660434,30.6803292495911,87.86946996181074,1.1292010753288064,0.0,79.12363723868097,0.784
-88.97907705445292,189.81185398224378,-1018.0759368067036,11.960874907049215,165.7560668135319,0.17232704486120642,164.032648402696,34.98121592122422,0.042
-89.58502837368978,334.7533736257964,-1911.8758167529134,19.004970631581635,163.5207103929081,0.2508625980931066,327.1807072264729,45.579199721257815,0.03
-88.10317352069947,174.16688276980668,-1968.6236465959123,4.453956176067271,143.76776839397476,0.1772953577275081,230.36701475889623,23.585161070237024,0.144
-88.28504679418674,176.56167482494197,-996.6978503428517,17.030892533366625,140.44674357345835,0.3853251643795311,301.0104612379175,47.005039696414514,0.108
-88.6288575590747,43.10884386019148,-642.3592169282188,14.750934769437542,152.3332026338765,0.11828362372487389,226.6885886194554,37.28302172358584,0.157
-89.02163843409885,288.9562478947991,-886.4949902035323,11.43493875340792,230.99306379036534,0.18240217825145424,252.3618294428377,38.62559436711939,0.29
-89.11764547098943,88.9075484881425,-2027.6783676853238,6.982422388302798,217.39160421210067,0.36793266296496363,252.52565376680877,21.842560496578628,0.128
-88.66315041241319,323.8604961740334,-679.4658969663311,5.619698343476255,205.3399319824073,0.24401078725218517,107.83444410174825,14.80875998885575,0.185
-88.86367944812689,327.8967193189426,-859.2712263188708,14.823526639796526,173.9944189699491,0.28002523357125103,211.31712950797763,39.31809373885635,0.038
-89.78168109882442,339.5916402746939,-2056.5331249521428,18.289391096964735,181.0855578485645,0.29550801144869276,316.0122592571598,52.00050234557055,0.267
-88.92624496733637,187.2829760771124,-1827.4567762402046,10.728372037058685,147.39943836908446,0.12127825353206903,222.2746579741004,31.970585924859577,0.244
-88.36783312725761,243.75376252211197,-649.2032203507467,14.872679291207923,120.40422793702847,0.10532162227257552,208.8338553318609,33.882185187752086,0.161
-89.02744423256578,280.26571682219884,-1387.6060281167129,11.620853218672304,156.34567794086752,0.381352315513392,231.6363935604941,31.22608442771894,0.063
-89.8012825026469,47.16526271416762,71.31784130916571,12.985260249053878,179.38172583893126,0.18145085358906424,195.19175948420758,41.95209557462944,0.134
-88.40607142117034,216.344590199099,-799.0965791483388,9.99555017322775,118.02382651270653,0.21409393313065866,228.84999188731143,31.360222850964576,0.096
-89.51740881394166,12.347244469192201,-1589.3049505514155,12.179725793683083,122.3526622879949,0.3046279512170649,133.83620402599115,34.265052924098995,0.298
-89.40862041371273,179.1237900199413,-1208.164480312746,38.980404568174265,55.46926097888213,1.049849299456377,0.0,87.30874354956224,0.839
-89.58705792847864,55.74336538328187,-1149.2932858898255,15.116342988074248,161.39125230298663,0.3199214110502555,108.53248499601206,45.632071927964205,0.132
-89.27259137674416,65.8522533463505,-1782.712250593368,18.45296958431043,165.06435355661873,0.237472654648981,220.8018577264629,51.97927761734961,0.059
-88.4621721391916,131.41712400933656,-1930.0705585421013,16.38023605328097,126.50404928032071,0.35698294158621735,152.4981330978083,35.754580171911435,0.079
-88.91316686694252,155.6773800179411,-638.8880849524005,9.371831767029406,141.61498963487043,0.18356219072964475,114.58895148272538,33.44330431225722,0.216
-89.51072557911365,224.34207283158742,-523.7813623663235,24.93989213291668,146.63061528890523,0.16114674413898958,262.9263446318229,62.4618982869165,0.165
-88.23212285151112,26.79423063786564,-716.9748243576331,9.088362295736587,119.46888266817447,0.34950650616246165,346.2953145992602,36.141653754853294,0.114
-88.2287944755921,181.32903404548006,12.254475459041487,22.550545489425513,155.6539580825576,0.19789781949785012,287.4012385128167,54.7554334961263,0.096
-88.24590099241259,65.7450468911164,-1633.4185888092816,8.657930019335513,120.11102018577101,0.22356059380015153,163.50516684594945,32.99202362761866,0.068
-89.44628719837507,206.63106301142707,139.4166128569043,2.4002748085595904,208.4840980353538,0.3381123498063979,223.3472656227845,17.145214500509272,0.02
-89.04264524605613,229.46566041402605,-1920.7368948433223,15.653962082361929,164.04668731802346,0.2906729612123725,112.44538899466521,35.738435922998534,0.293
-88.02851965333234,200.4153323590274,-2010.1484506947943,0.9533164389789341,155.74533451297245,0.23251776712968075,232.91756447221724,17.009621181112188,0.228
-88.43317629501102,265.78638377219073,-2607.9671057194,17.35640225016609,127.71310401050496,0.17496715267136742,124.86579953857473,48.75991087903044,0.279
-89.84838189967144,120.81932792672448,-1556.6362510614535,0.05841343908683427,141.71051176228542,0.3292602906555293,298.65191072178254,6.867194801639725,0.13
-89.77611127660506,275.4383729879271,-1602.977869463563,8.809919695271468,142.5787292514773,0.15412931034701713,114.1765997494202,29.06739892337051,0.262
-89.01853038405658,155.79614941494972,-779.2501757962796,2.317296965247415,247.92859008226242,0.3784838801759285,102.34024147514519,25.17336438495058,0.084
-88.17248160886304,174.30641939613486,-1004.8872467036392,40.24167009402729,56.133012680991705,0.6573637704835247,0.0,88.06814584924722,0.95
-88.87646658388985,233.3167658139857,-2154.3786968153095,4.539595596163142,112.13672082868042,0.3414801075841889,335.63555277721105,22.710034095097754,0.069
-88.95415623473485,6.609018239720625,-1514.1809907406541,12.098137403964044,196.35712270758717,0.22727466001844016,121.63850628750633,28.721874956555183,0.233
-89.6995999700824,235.4379197112894,-1497.1696168701483,23.433042743300135,145.82741349906934,0.15580186988005362,169.7291647686547,54.014541210377956,0.154
-88.65211780102385,222.69065366596152,-2620.785797569514,22.363859085870253,124.6127700347418,0.22071368147103138,285.42431958312847,58.78053512890773,0.166
-88.33800399485958,111.54496203118077,-1984.7573816106956,20.51342122173137,208.78396683676567,0.1664655448599801,234.9133663162776,52.310248444913555,0.259
-89.17720198573564,30.885942563816215,-1816.6509044912714,8.827716117785245,128.4247769255689,0.1407980952507542,337.3092032339782,26.649244352032042,0.224
-88.42633748324188,32.736761968694815,-53.099984143242864,25.51088946337002,44.930269752998655,1.1325431069926557,0.0,69.53426173223997,0.972
-88.06749435758846,332.3605489146823,-1046.839427234118,21.133910908021825,198.5031230775894,0.36021954176147586,100.83072232104303,47.6587588984331,0.128
-89.5128437276574,248.14055564130138,-670.2649968420003,14.122996176604765,187.6292658616984,0.13178271624394727,104.93640986738755,37.516096266932976,0.144
-88.90567370072999,45.75694095746654,-2398.9083977193695,14.405807577265922,246.868073762384,0.3917618763303673,241.21361401020454,41.2704777369956,0.188
-89.3544378796393,128.4203409512063,-244.62841358880655,8.960773523846274,220.00396583715315,0.10149953610630305,288.02634946948933,23.564009089340118,0.141
-88.39357660383571,213.29387780457472,-159.11834958072586,2.9034797416696154,218.38707265784856,0.297471446317373,297.65425449241536,18.353110646194516,0.132
-88.8025726048258,300.80581383263353,-2798.675973715701,24.371509754787162,159.78335517134437,0.3569535954514258,327.8792597717477,64.11639674721359,0.109
-88.69429340665442,15.71793433668307,-1764.2533791326787,25.122079936015318,40.33388425475968,0.7319820024651927,0.0,59.67114967660977,0.862
-88.3839630967298,85.18792732920319,-803.3875415875917,3.1589085897007863,212.81753015389637,0.14319567803702637,284.60147634225723,12.891519839168119,0.165
-89.14765610194134,320.3096365063368,-684.4892371694542,10.462148348538083,249.96249180139412,0.309462548935702,306.7745238117161,29.36209599687089,0.186
-88.16132887002662,3.2995980661739344,-1742.7957843897775,10.565767835410709,166.82307508410616,0.1322047648466942,309.06883786195397,17.73949511980397,0.069
-88.88724515223234,72.50367700579946,-1444.3995704429224,11.673440962596901,247.97258985399642,0.2057834481623301,202.8858922239266,38.377500245453064,0.083
-89.59988583661284,345.24870335026776,-1677.9048488361143,12.642948785875816,129.8391353348085,0.3195779072520981,256.4957516893828,36.60884923190984,0.109
-88.57779167547928,220.82466474798161,-1111.6655624431044,21.4686146164618,151.51172922914043,0.2037919678489201,237.89132586083838,52.05509766518365,0.145
-88.39280343416732,94.20169198950232,-242.2571748304698,4.527826915132564,133.9017704439459,0.19401241848432038,249.37148369211934,10.721702599919578,0.023
-89.2981528135717,24.116793982505136,-1816.8337257129638,3.5365300848734016,176.5246362097542,0.13481638564072246,170.50780898176197,22.618256797011046,0.268
-88.27135941170236,10.148882560999976,-399.3436017852687,24.366197421429753,221.57739621101086,0.1199314282984264,270.8086120766332,56.54441144372849,0.272
-88.17832781594504,88.10822866929382,-1825.33765787751,7.373552581187018,157.69263681531356,0.13458339738452713,277.5043275653116,27.57332122454337,0.202
-89.37388147398217,317.33489505200777,-1878.1017699975073,0.6303535357706629,236.87205120126202,0.3626424324835674,148.9870960984804,11.203740827999582,0.102
-88.03130920184108,149.7289155471034,-545.1243053254294,7.1487005790013,186.2762578661699,0.10335955761427758,210.9081096492074,16.222909065846117,0.122
-89.63264809670737,259.3200128997575,-462.4508975939066,8.699472647559992,175.1594179238628,0.30785976086058675,205.52639407031734,33.74166081913975,0.223
-89.51617023003527,330.58261273678477,-518.8720505898766,27.54962727725765,72.72169664466968,0.9669854003015834,0.0,70.49217244448747,0.825
-89.54997280544775,146.89456617701398,-2252.6379265745127,21.248262123767372,124.20208958584985,0.2703664912382287,266.625765062343,56.31669210789464,0.187
-88.20141955098505,68.85985357346294,-1572.7607824576407,23.475206166322423,218.32534596949446,0.3192326083549446,219.04895764107607,58.524648291404006,0.273
-88.65684415058257,186.162455108491,-541.6091263973428,20.19973642346786,144.01328002419575,0.2956809007075301,263.13282743499894,44.41207908404484,0.129
-89.61100186187768,326.9101273415476,-1166.7665275488844,21.462436716153142,149.31375660565325,0.2366675467284078,165.71540130431666,57.26969385766101,0.18
-89.06338550510014,289.5747890895722,-2058.954276957971,5.119178734196819,193.92352826481118,0.21481312836288013,158.08697060188527,31.263351689002402,0.279
-88.73093375236738,23.698743610735363,-833.3456486996466,10.013978446465156,236.2708195064687,0.3823995965215521,159.97991318848864,30.608635794047085,0.109
-89.74141823852018,249.32620802792945,-1771.8458071931764,2.1008468697645117,190.97697296792109,0.3915813977711404,107.37441883495326,14.880135264176072,0.23
-88.22340890002606,205.88310808522334,235.6198787137696,9.895119694629667,200.85290883122818,0.2953814210875089,272.769065340162,24.281043502748425,0.229
-88.37315328266108,326.6867434847132,35.87316993460672,18.84104990934741,218.72324254473838,0.15918965196954155,346.46202179077335,37.330100362790695,0.279
-88.9401071302044,44.093310066107,-716.7220589155461,13.345832848122468,146.30546625894814,0.23436974873133629,177.2580353878057,34.89608771640166,0.259
-88.06245943100758,192.2530007536764,-111.19463618418104,25.11480818960295,89.09210770142911,1.1971229003390074,0.0,67.63795722320317,0.977
-89.10625413937731,316.6065696642812,-1148.1669199012952,0.5858420777278077,168.51442086940096,0.3273910157381985,251.63565234272838,17.89047772392452,0.195
-88.03019039383065,147.60856322702747,-587.6500044999873,17.002383506982397,134.59179708876275,0.3003331393966958,156.23356633527015,43.67772562221789,0.08
-88.6309520022731,173.51817038383214,-17.823763758339965,0.48302801869318124,159.0165311245575,0.25444432882836854,102.96615928586682,13.116702509295912,0.204
-88.69412458081752,25.365843960104986,-1003.6010545645498,12.941764691736424,144.45835564055153,0.30410936733614713,280.9328571301878,29.79172060410214,0.09
-89.58468569893802,100.13171056160789,-1404.149737211427,19.403334225564787,142.01990471899043,0.1072170540201322,274.14355874801754,49.362799743509335,0.138
-88.22433725922117,116.82239370082104,-2563.6975665416926,9.854974331757807,149.55884782068324,0.33299059656530916,157.31333319838205,27.087792949019896,0.216
-89.08776959295083,340.2440815481593,-1266.5068205771952,17.511266040869558,135.33031406389253,0.16348967020208333,183.17627228474808,45.29588785318855,0.206
-89.5917565290133,101.76024979481726,-541.2614523501509,2.40267665167066,203.47824599157002,0.2969227418683448,324.5116848290411,13.432086104816136,0.126
-89.87604571204606,165.91274469707471,-443.4932579458963,4.63689978196383,191.1988459849164,0.13419197564110275,139.308327758708,17.811268864369072,0.063
-88.83646420108708,241.66959248314072,-796.5079474252722,17.57029622487803,200.78186501768,0.13433825077741046,308.8609670304778,50.12258713842439,0.15
-88.89794071796692,58.38601406683586,-1633.0392759697918,29.440102340757328,67.17399175882638,0.7764174735644238,0.0,78.69981842353879,0.763
-88.5332281174986,175.1192593710748,-2781.4572551580723,2.03955059830108,217.76267636036619,0.3730698430460536,220.43178393462432,13.23182292247035,0.084
-88.20850969926617,265.8740542113267,-1596.172078403788,24.221941801067953,128.14522373358307,0.2813676273075436,224.74132192618805,65.5370355315663,0.105
-89.74912748917825,312.0678766897438,-1443.475896843161,12.43423408816411,189.9591393245904,0.20858858086874452,218.02241160898214,28.660646664074278,0.215
-88.51015666835332,225.4533388784736,-1450.3431737520114,1.3569152169307603,148.56341611450634,0.33633332230579266,171.98239226697223,12.252637419672801,0.154
-89.5439173062146,240.85926551410125,-705.1549144176604,0.6849469864783746,183.86538609766558,0.28782466018739966,163.3411822235194,4.8889258138850895,0.118
-88.26946359900138,45.46205013044482,388.54112881187166,12.1578477336065,155.30920453363348,0.28602415537388215,283.288692249515,32.75387625831699,0.271
-88.34377932366286,340.479539008685,-1101.1766385271255,7.955377120758963,220.67164711278133,0.24611283830890207,168.91922579681113,29.489248524002047,0.215
-88.87249186552746,47.72666789441365,-1373.3854313251693,1.1291297675823913,234.77805743733325,0.1023780336004626,252.47884280132956,17.85143016158316,0.153
-88.55053868261571,278.8822573854474,-1407.377450403274,4.94039281225405,213.96137127202837,0.17753875192748197,311.6599217711612,15.988158318532339,0.132
-89.30273478495089,95.33387584019478,-1100.4921864738287,3.532806720734939,134.58171979889454,0.1327230083800249,309.25861118347046,19.355946044835967,0.247
-89.00478099202766,336.0935317324506,-1862.6350082787192,13.938090083311183,148.48136577437072,0.29872295570583285,141.78785203695458,44.026151904939574,0.06
-88.3388898943501,259.18543417301265,-1103.841153003156,11.93599247396862,238.7101291725782,0.17458624653609933,263.6844107417587,39.31062293667938,0.203
-89.0273961253709,271.3729366722128,-839.3501309345602,6.987620424999218,171.2108178721482,0.23504999921536213,250.56978295384658,25.270025946555762,0.016
-89.22018329588167,78.861302301558,-1032.2511491404096,14.018871942914828,241.76525730889736,0.2060290894869649,170.49612771074754,35.09182270081562,0.012
-88.96099635022443,159.4943915886579,-833.966452796175,22.400267198626878,164.94323644071736,0.1429596213776092,197.86349524825994,51.35635591664889,0.28
-88.32632642036928,222.4127500521431,-853.0019125211718,15.941265104341479,243.24845248269293,0.38751106986481587,171.27825615731712,37.66928027627908,0.159
-89.26310470999535,277.19050255437634,-2617.517345797155,10.786913286104193,239.60345828266634,0.3800257934881648,234.26629002107154,31.41576929386037,0.101
-89.56985297304209,37.42537532846025,-690.5038732836774,21.28072006660689,202.47376459812628,0.12538245581099217,300.9068494883778,48.445662882316164,0.24
-88.54717336137152,346.4515139236302,-1736.8118765299628,2.4014969778370503,111.2357867846104,0.348209606058399,319.3758340960676,18.19319079759304,0.296
-88.33064139585464,320.47944139964017,-2076.6713304031664,9.750804604446484,166.04685547663115,0.24651210481491198,280.7058982994258,30.64329271053204,0.02
-89.70878879080529,97.32549257841036,-2083.5614622839967,9.98912064399632,237.5729181573834,0.3321207653742554,220.8625902934849,30.893325679789385,0.021
-89.4442391857637,296.19368749163954,-853.1667116219766,0.3695325844284536,233.91544047513605,0.1453471392741301,339.5238208967285,1.5366874406204314,0.258
-89.63025321945412,186.59661229433644,-1378.0599417798824,7.801258377156422,136.2342920134559,0.13968224133326312,240.9697528696214,25.74141629782364,0.171
-89.23891131799388,166.2503333623267,-2545.5750271883285,8.74959680895303,165.88554943567436,0.3672272502685613,219.63667218137888,25.203602054607245,0.266
-89.04433314007971,113.19627809210594,-817.5697478461732,31.121780476629535,46.56609271222703,1.0306803806755764,0.0,83.0756490738649,0.969
-88.47722995976972,209.1486911873733,-2351.686504639062,2.6258621156368704,190.90289945500763,0.23977364882608268,146.15583218440165,8.851986532123922,0.146
-88.66281958872482,262.7600823732952,-1088.1429131854313,27.861141314213118,69.31954633711413,1.1182459715645798,0.0,64.69515972254038,0.915
-88.72023572179098,147.93584578659298,-1009.2008594615567,12.380845057194925,225.7194338227988,0.3002376854510891,295.63561785608044,36.6771826810233,0.123
-89.23048760144167,226.51890948298515,-491.53833464396405,17.648641321559587,237.04748097334763,0.1555029227832976,317.64270759301564,40.43371870173067,0.238
-88.30124964913895,251.75265161590934,225.34782917348116,7.112002016490685,126.41088234724144,0.19868627940464462,118.19369541377321,33.8652674669385,0.078
-89.00455438194349,256.0038541255029,-2291.7410607204333,14.079296919616743,130.33011980349218,0.14081819515260097,291.02152539922463,47.90253456186534,0.217
-88.0397006177712,18.70779532722489,-1241.9790848504394,18.50489639988436,121.59326405566735,0.33218460067927996,206.11543010363428,42.71770448448997,0.082
-88.69512993723811,309.5092100466241,-1421.068236035374,18.64552414394182,240.93763775336043,0.3955752174087249,275.9317057751898,44.33200731469314,0.144
-89.66009699102744,164.97119331541725,-853.0002512312302,19.747733900743572,176.52273381290505,0.2639134979698035,133.74233401619816,60.229532270408505,0.035
-88.61526263205668,94.4697894106372,-1027.4649832531052,8.316672899608236,119.00553968754274,0.2967593242344678,343.2531881647709,33.60969971030236,0.142
-89.28230237067977,87.03522269268537,-1482.036994189296,7.196403275086449,155.01418635196578,0.32382777044009103,320.3200735149391,22.54607291624938,0.188
-88.59597832629642,173.88508062382218,-1552.7217508886845,3.9417632526760364,159.19776975819536,0.16727773072914714,201.49313206698127,20.04070547589805,0.173
-89.76768181849144,319.2593542088253,-2093.160684147238,17.232190111769366,223.33837528674601,0.20080037429003028,323.3397065333387,37.53073842014903,0.128
-89.56772526936568,136.2051294057529,-409.71073407479264,22.823787113234427,212.96676490392923,0.22369636339727045,323.7314317843626,66.63126556154671,0.117
-88.27409920807901,269.9012688420756,-832.6366547203766,28.159816799179296,60.93964846795114,0.894325985142982,0.0,66.68394135908228,0.957
-89.46835884165533,34.854743155398694,-465.78544176389016,15.051726345805077,113.06089736279303,0.3551477734446328,336.72137548402884,43.031384704349456,0.232
-88.30962186203841,171.38041277438225,-1448.316909180411,4.335202270914307,237.49741149969304,0.17626106337697184,344.21428139582144,13.995174880921802,0.237
-89.36937543193662,357.00701054138483,-1725.4683749555443,4.970961432894555,140.17773736820382,0.24126664021833671,154.30318474342405,14.261468894295117,0.15
-88.67852437088845,277.35760900524133,-2062.652053303382,22.416667330833505,198.06859665697488,0.32546017336141353,116.66666991140019,57.088791086579086,0.121
-88.58111391033133,75.79025583862068,-912.8659330074724,5.962765667775354,118.65466602159869,0.1262154998513873,182.78744600725736,31.507026709401334,0.195
-88.9259559690244,180.51893053124786,-2031.8345796225876,8.593959222562333,121.41365286208763,0.2538680374978536,222.2088152731247,24.485526246788904,0.172
-89.31990971427622,84.10491491348395,278.93045517324026,9.756931720563541,111.3408214582171,0.14331391100971752,123.16909967917188,24.61834859871204,0.204
-89.49597568489492,147.44193381450333,-2246.1140648747523,11.305448621489806,189.2298702363463,0.2617446690182048,135.1648893702394,34.13655164412111,0.099
-89.8369402263314,280.83024854458733,-981.0719046299985,12.358026000358402,198.11315374636666,0.3303468283946311,342.92478049459135,42.90201717224183,0.239
-89.32250183764263,277.64093350454533,53.48376577102886,13.38147556367575,117.06472245265202,0.17108422331348194,284.3251490815919,33.57000665655055,0.102
-88.65899069799056,82.11613604485865,-720.7281925889528,12.153632620785295,150.66788386696544,0.35484353364541155,318.7345173150063,33.05780089995481,0.131
-88.11722084494788,332.00039453574965,-1059.4610300065765,12.146559098701267,229.20361798492235,0.20044123302452505,342.78864470867813,38.478739853482715,0.048
-88.2447114837002,213.32454579533766,-1974.7869175695164,10.295755741118771,124.18317135520797,0.15723545906733105,194.5360898252286,35.31358889229889,0.258
-88.44447692458293,136.77274474632523,-2305.415350854163,19.32218073090995,140.31660303746636,0.23959701852125564,271.96598539447564,47.222142635770425,0.197
-88.40195004781873,180.69680908110982,-583.9599128659313,6.448748441963879,169.41476918613978,0.3628225246315616,146.00549860753432,28.380728049927292,0.078
-88.63652868339561,217.82565123758772,4.917792619957254,9.570367252233503,227.91837436863625,0.12067991835223088,237.9168001929971,31.78457627214099,0.257
-89.4054549706246,201.56059146448274,-1551.079992382537,3.8579532261462415,145.67886762652859,0.19827143986499363,152.46961949504754,17.79686209271715,0.214
-88.17632944165892,175.10581279302414,-2111.249206093081,6.299246608153462,249.5991821508679,0.295948950690734,140.10774072479046,27.110775311199447,0.138
-88.62560860737892,181.77580947218405,-3166.535544439215,23.90699617555005,159.73665383939397,0.20727426060867565,124.61090793123965,61.63701627999164,0.297
-88.83516280113717,63.508287754039024,-1984.6118749300301,13.96637741750245,164.10281218770723,0.12124719841978468,244.93414064101077,32.69769112347332,0.108
-89.68912000849438,292.58384554968455,-1290.925473999232,15.444449443505802,127.0948685923112,0.19959969063414212,337.46279983342964,48.30646012402535,0.039
-89.05059446676779,195.03371517876553,79.29859266938729,23.81221634220601,205.2277061199143,0.34628781584095913,130.5554487127608,59.35143001439924,0.223
-89.02531928471635,47.18875021369311,-661.4930462136252,11.038557120755105,144.0851255898274,0.3904112567515078,225.57861384509096,38.9551822694625,0.23
-88.25732914190692,275.81655656980007,-955.9316762345976,19.54187961032403,198.0414633413065,0.11193375921931553,271.76702931619764,49.34272758046298,0.027
-88.8613683816432,335.6798322158463,-1520.0957290409046,18.83861113931992,141.24208197640974,0.27078514529052083,223.96542017503555,48.915418937365814,0.248
-89.17723895695623,341.03048372530634,-1666.532573804765,0.8646949356941231,164.30211741170552,0.13159102990805444,327.94398109506744,13.723823155425663,0.235
-88.04407937582975,132.84638366802218,-75.48192199362916,26.729835776298295,76.46221003862861,1.0292444728958974,0.0,66.19391907951032,0.941
-89.68963087268,48.78607448187145,-1039.4091673932885,2.203017800706945,213.44682760636982,0.1023676678024153,106.04081525189895,22.04703268280312,0.044
-89.0971579862073,186.62386558790345,-2882.0805535368177,21.17366649477848,131.64272599212129,0.10442248771221198,195.7795304747816,54.67953988879671,0.184
-89.82015311717433,40.539322565719445,-1738.8317183177942,3.1707303690563258,195.0791434323742,0.33306394792917227,238.87220220044523,16.201514859208455,0.074
-88.49418217054283,336.2354706645422,-1886.5728254173014,18.01236788151673,198.0096912343333,0.12233059680918935,163.6267728520263,51.07240109667084,0.126
-88.15565455082161,66.08866584785255,-1637.0112073419718,30.61914878150173,61.64856880695421,0.9478243434587361,0.0,73.3903924783513,0.93
-89.36792907385407,90.99570958241907,-749.6714717719319,9.870213434497888,175.21279160703102,0.3874121272311494,301.2094576194419,44.51809237337793,0.14
-88.26915081408167,146.38914967858935,-1285.9559054353995,9.436443571468537,146.4935753934651,0.39557413523424145,147.143798020897,30.329976747163037,0.043
-89.3447853621224,137.9392086812853,-1261.4923256029297,18.104399993168492,175.39821998688763,0.14842085856582005,210.67055198809618,52.39712248366736,0.098
-88.16953669287656,286.07864126324006,-149.22147093981062,8.70603544037457,218.7899387852025,0.2682705764307551,338.6202776370515,31.82248156841719,0.031
-88.46747238316611,164.27405539834643,-1757.1688718293508,30.182787037428213,90.36856861008428,0.7888272500704474,0.0,60.11608266868927,0.795
-88.37067712400126,61.47657360120128,291.35962070987966,13.921922494586957,127.26258878232613,0.23571420715978403,224.43086318890434,34.159903594578125,0.096
-89.86578754435914,96.19556237498668,-1737.046073096869,8.798304917792741,147.7043093148082,0.3774100474791987,190.0625581682056,25.399487776538148,0.181
-88.07066032155934,183.28081866750793,-1128.6414427099428,6.597144721043168,243.31856304852164,0.32621017273724817,230.0963632619599,15.696032521372302,0.142
-88.5193251150664,53.08341027340856,-1424.9628763222136,2.6705152982697946,214.69538956589528,0.32935808070458317,283.5767651375279,13.364745965811485,0.081
-89.32097291876634,220.19604323256507,-1101.2646931992313,5.722450132425104,112.72382079403653,0.18087082953080297,305.63180962893694,14.588973274942127,0.04
-88.3241501367682,203.66903035841253,-844.3264039414969,8.493266063414035,166.1406779476727,0.23029593166049164,262.4619341961072,21.440707441608737,0.228
-89.36510972301164,257.29283389761275,-852.9318079288987,7.123609265014199,146.03571707125394,0.24622710954263596,297.5792636811225,25.455129577941257,0.194
-88.24176770482435,337.5736615365724,-1802.493864496464,5.418247258628961,199.34023957210434,0.18967361236132496,122.10444615377082,30.43348450283751,0.02
-89.68609725821733,328.41164199641605,-2098.3317419580567,32.9884123035244,43.341455127341106,0.6233420806578585,0.0,69.16577318399439,0.942
-88.56299664282449,340.5872225047793,802.5374327245686,1.699049235105102,245.02979348095172,0.1379077674916648,283.60275772718626,7.320676309236838,0.196
-88.87267289437467,88.09761492853234,-1587.1874716804425,13.466325876461747,140.65698313779336,0.15420133845427655,165.42601755702378,34.26895480429766,0.07
-89.71658450662866,47.36351039016766,-640.6300490624108,17.92521009760872,192.2998982398517,0.1610960003094845,319.4195625930139,45.11453605099143,0.254
-89.44040172630821,108.81961217872146,-2486.1130484185574,18.301079955837327,208.02940209863118,0.17267854276316325,233.96266941504348,38.8914916578301,0.266
-89.8764323310731,322.23066219587326,-1423.6901759237414,11.41392924217528,225.57902850835342,0.17663800868904833,219.63023698886136,29.332433777567395,0.176
-89.00934086561745,349.93925086445574,-1301.7595071859544,9.592974281526903,166.975944259921,0.2367149036462608,293.2046931161816,25.22869530978347,0.267
-89.327596004556,309.35698238537134,-821.747944057734,16.515474912395064,206.16906707204743,0.2528719572478124,285.27400088795946,44.62276327934755,0.018
-88.76312077983427,39.6063796059157,-3377.9633127935513,14.665216499782007,152.4482059937996,0.19266376243790678,276.0691330974944,41.458576568080076,0.284
-89.33524816535363,341.07407930152556,-1067.0875095373356,9.410411652324866,170.96665293065485,0.37218892597621855,272.47523900013493,28.057017961214438,0.027
-89.33015368813673,152.40888984628296,-2119.793164294314,3.6187857172443074,235.3877983684759,0.2659419170016864,228.8489992945461,15.348748481281012,0.196
-88.48793292240995,3.3517046744473245,-940.523431044061,7.320762776667525,242.9870653063336,0.3362430784100221,331.6188839938729,21.093024680072027,0.11
-89.80852861164114,159.2617466693497,-2029.0633574705303,0.5344983629254223,210.63442856981706,0.3772713497262531,322.66035243184194,11.326887135943018,0.021
-88.18449950913522,16.584901083168333,-1884.3861567404651,5.3284044993367345,162.4092647086659,0.14894053437274157,182.35123536511668,15.776380275355766,0.279
-88.28069863865676,195.7960516180023,-1418.9020883146145,12.332232385169595,224.80809059645298,0.2283623451146904,301.1736348151452,42.400654793814105,0.049
-88.63117110186982,121.87944987733847,-2041.863575682556,15.587361439966163,113.62139144155883,0.22996312051438267,322.7771284781337,33.68521401699136,0.258
-88.77287901679597,170.43657609385755,-1580.4275573882837,29.80452751292406,69.06651005277509,0.6861175650431129,0.0,66.32753613659591,0.942
-88.20462525353466,220.74132986752213,-2154.7006148346522,6.625936210961862,202.59232309255054,0.102671759965492,238.89479817702886,27.59287969183667,0.225
-89.54787265889544,312.7683944944153,-2666.536361358982,19.746256352751505,150.77480053780803,0.3447916323334286,267.9716868986596,47.499326136432266,0.084
-89.74995859183743,238.2845675298943,-385.6343580565124,15.059600244378366,243.19407057606688,0.13346779646617085,140.76516436967677,43.479066597267334,0.179
-89.44493067717188,156.25759265214504,-2236.8389542591426,24.959976706397896,171.04848569292267,0.39864417937652774,121.83591905235771,68.5059226259454,0.242
-88.39030127046964,294.99402732133143,-1342.9447100863867,17.76228719595626,170.1110748544848,0.3318875475733545,305.0375687417787,49.690089068349906,0.174
-89.83412649321969,326.0095695263276,-597.6871348049721,1.915185727136837,204.93113142673036,0.27400300528195437,243.33155677635716,7.820245625048032,0.099
-88.79266701334137,43.113587915591,-1691.9552820128345,5.230460292912312,217.45959872286653,0.14638192532247923,130.62537258381653,14.6897794264051,0.078
-88.00866871923651,191.4958719190049,-1860.1327197964304,15.112616996675047,176.5782233375191,0.25461789141797414,204.07950678621734,39.28823194317252,0.061
-88.27417742170867,102.4243055072799,-1019.0095290660628,6.715490020996093,139.96012623964137,0.1783326222573427,174.55859286255907,25.64621903009465,0.253
-88.90925319081718,16.942031235701066,-305.65294181827835,2.1968625404940276,218.263209981587,0.17569675736292084,318.86948855642106,20.42440288097457,0.187
-89.77908227235538,240.67681024103473,-2135.452212069175,0.6757770453307756,154.84917848230788,0.3488587748147457,226.80504528650067,7.4266203276760105,0.158
-88.32039032266715,310.5974798853212,-1320.118265613951,13.609754975871555,134.51550770114005,0.2141933271878304,244.37813652581076,34.79498954294292,0.082
-88.7619408344633,58.64495561186186,-2585.9956759738616,27.077076993133648,69.56606491204927,1.09494096463628,0.0,62.90090345063402,0.883
-89.68162730558683,292.4689167446042,-1514.5608029457521,7.913276542939584,122.66351337864906,0.35288942133403556,299.76588689783523,24.47297446579579,0.19
-89.72167115883563,307.22246407329897,-1172.6362523695395,17.902703110753222,245.9893745120477,0.12633718771565278,332.52532189915655,53.28363224689847,0.031
-88.17170904307048,329.16255935993405,-1883.6997134040525,10.977336497824075,198.53561701769917,0.2783853559273149,298.1235871746181,31.434437955662787,0.115
-88.62851950041765,95.50263207097888,-1565.593467060185,0.8938208910339291,248.0253729290458,0.2734647044119114,223.21478579944656,12.552907582515678,0.079
-88.32435508129817,325.4231034683601,-2326.5814146459597,19.348113435104175,157.44507928700904,0.22756437078000258,308.77223294096586,53.25364338249157,0.197
-88.2299400894637,115.43859170511561,-1138.3371108948052,1.053079559726287,245.9687225666557,0.34893239242722796,146.98971779060238,20.06159853831628,0.186
-88.81363253110818,198.84168484398103,-355.44460089348013,12.216266305935648,130.3787146820073,0.3828670184007078,128.35341500973217,34.25655320691301,0.097
-88.91685193166542,18.182689499621567,-2077.715095816371,8.584795849946948,115.69726812858399,0.23960075857408325,209.55478007241004,33.46554850533825,0.022
-89.08218792039013,15.797191812747698,-1698.1374132419064,20.930774345656918,114.61776846364435,0.23684411529951993,145.38361676965178,61.000402544296286,0.063
-89.29780148319688,259.33435658359303,-797.9630028366546,1.4184900752931338,175.08185188389177,0.25061911890122346,164.7901390285801,12.285281613696485,0.056
-89.07426767436846,160.01279207200477,-230.32742454181107,15.908699078019598,121.62058764700328,0.31693720924991853,246.27918967031636,38.9992058337044,0.175
-88.4296286541127,92.26525513291833,-2394.551849767145,3.60202592651299,181.70350378346424,0.30041808720968877,200.97577844593556,28.139388276867074,0.059
-88.75634548107125,68.54885856896767,-1335.0277899327593,6.888947876712148,155.85007049124607,0.16685048476206615,316.46956990261015,29.383306500180716,0.15
-88.20420574908579,241.1832567093185,-973.49534214438,24.35200227540102,156.98805894637619,0.119168604579803,156.40308636878194,58.76645828522237,0.188
-89.05757797267955,0.1445558491223542,-1281.6451125030783,32.92098571617909,48.585774870057016,0.7562031503394053,0.0,79.09177958090069,0.809
-88.74652980043437,290.1208209108675,-3181.4336535016696,17.505569328262318,132.83372086122682,0.17832092792011128,189.8483539815985,39.786257782761176,0.081
-88.70051564912522,28.529858206774374,-799.1279925529825,4.326525140618355,217.31747184756233,0.2915790054071775,228.85071266480992,24.200144380872903,0.064
-88.77577539161798,68.936261366923,15.469080872515406,0.753443116670061,191.48432876900887,0.34853140082311673,133.08302745217895,2.5067342691824415,0.06
-88.56499583113752,139.04510230767227,-1106.6705990643973,7.043512471206595,238.09224803865152,0.1900830251641559,244.824753186535,29.440235641612542,0.115
-89.44887641008788,174.5491462977973,-2024.8848426354107,19.168795348194514,161.07769152745328,0.29063002409707867,340.3212236087239,44.72903635593672,0.198
-88.926508822663,127.79824169301907,-1610.5017970914264,6.920849255849255,247.58009888939756,0.1323700723447675,287.34944446925283,15.572305511538232,0.205
-89.70197287466415,115.4563793943458,215.9304541244744,10.584155807056618,190.61587053996325,0.39097943331269824,161.0136400373796,21.161437758681696,0.071
-89.16942847747487,347.0097643463478,-472.02996731155315,29.706418724626733,55.27554317048414,0.685295126706438,0.0,67.03207455159702,0.943
-88.9734325696196,230.96868524762192,-687.9787052925366,0.6605366403219577,113.78849156659615,0.23145240215229293,206.3583285072619,14.876642409518707,0.14
-88.66077390686361,8.435863932259755,-914.8699331724991,12.80385038763655,211.9166851377343,0.261045772618007,124.4869418981275,28.6582414679794,0.051
-88.09399100008622,154.86332703995274,-1728.909689752778,34.03309815257758,91.6390049705919,0.7260445170520688,0.0,71.88833335794358,0.884
-88.75876297355812,315.0031319078293,-1360.4569445246148,18.321516296907728,117.44426013470826,0.13633855512172638,195.36401249375498,44.171930186222134,0.034
-88.48717155926454,108.52422710784046,-1262.3381885428128,13.259238204854551,191.0557529622744,0.23224239215655298,223.56490277602367,40.556241482136976,0.228
-88.93809448695912,34.040284118779766,-760.3405471484448,17.06636454909003,222.27192110252275,0.18991347086303573,172.81194371914216,48.795376527412735,0.022
-88.69520234038497,273.0185177723704,7.135115413522726,7.991346649902977,188.5454215312302,0.193603214708002,138.0989066969344,26.6820446283162,0.244
-89.76522878934584,218.16497949698925,-305.3294905654976,24.9963128530344,118.93390265676533,0.3336363748195753,325.5276549428684,64.90947387352334,0.192
-89.4166559964005,205.3125028175414,-2335.5074846368325,8.00669977099788,207.08261372576362,0.10163828350954995,109.34936941502518,29.45145321905114,0.103
-89.21247912291024,19.287561458666854,-1020.804024879161,7.591816087359771,118.4835680542632,0.32472509240078995,199.96987532903265,23.09869569588526,0.128
-89.00226262548763,50.579643526386235,-610.5893238656824,8.086968960595401,224.4456453023014,0.3431195290369319,282.6738567367456,30.721498474135153,0.205
-89.81326738354548,224.11778263672096,-704.9117358842917,2.332654701232965,116.02478566293722,0.3704086731526207,177.2144795502165,8.24442197067326,0.064
-89.6339542146487,74.8165829251809,-1703.3870107099356,9.188059878025708,129.23563334145192,0.2880645409691451,211.50715174056143,30.808551747101994,0.268
-89.37405281519652,181.46522870943275,1131.2873726146895,9.409159409193691,148.5150626732576,0.20003659848167238,241.1193127585288,22.988246871508615,0.15
-88.054087887288,196.15740697058163,-2221.667649864895,23.974231998049074,198.671070916512,0.22817041976466124,348.77040305895184,58.66246669304316,0.23
-89.2704406865042,102.06258849753819,-2066.55075733284,18.952927266643854,246.69027394838284,0.3909208246862288,289.5753344502166,53.99869303593675,0.157
-88.98412198958705,341.43305599493743,-1013.1239349907389,14.632654875753966,126.49519936679081,0.3643560479307557,341.7788434391976,40.331300651083694,0.141
-89.52741434579706,303.28707846080704,493.44244397108287,11.97054588667405,129.97907368994856,0.23905777272983264,273.28636849734016,33.8782035246364,0.146
-88.73951786495604,260.05446274780746,-1868.9558805633367,1.4114199114200563,161.64185553813724,0.38291890213327673,167.26322202311738,13.95299532032763,0.115
-89.36670189051965,28.077791907387272,-1412.6626925175938,9.811752376656774,227.07067928574483,0.34688646262193773,171.8722022600072,32.94005221373553,0.222
-89.50671410096699,38.206806951246996,-338.16506158744573,13.131600113927831,175.41233338511398,0.3703269584979385,305.61607584181104,46.93321032114851,0.255
-88.91851200595264,177.40128451138406,-1214.2897239101867,19.94641203573659,155.02548403581503,0.3048931703727763,206.92837279916878,53.15502742360806,0.258
-89.88953898159521,57.85680570875484,-1467.6830836242366,10.916661167554109,188.56853650924057,0.3572962130385986,192.55604835081772,29.320753189946878,0.045
-89.88543833796648,352.1755668706107,-747.4936784906239,6.651456772132997,146.473247642405,0.36752984240029773,336.2735065932346,22.259648779150403,0.231
-89.48376926270647,57.0672842498674,-981.9856078163255,16.645021652142127,166.16238701465292,0.12760497536220144,103.30829161768797,38.78441022023823,0.068
-89.83022941124844,175.48842076703065,-375.64897149056696,11.16667799375653,156.56472089248587,0.38956509299819764,231.24172130046554,26.13716524995883,0.014
-89.69475106715169,131.08358046294194,-166.82488874770934,28.857441919739614,92.88342436447506,0.9908759148419508,0.0,55.55250302741573,0.756
-89.25616476625638,230.17911172347527,-954.3975519957106,24.327283420682846,239.39580170132012,0.23196985287500665,284.04225404561674,56.34655638359169,0.095
-88.37508720879836,46.45310720019297,-966.6138196973528,21.595080570233293,216.34010690196766,0.3375711277578446,191.89359678449546,46.16797307113376,0.245
-88.81310757759833,154.91391409526074,-1028.7112141710932,19.577341142099037,171.47170064419768,0.29946889167174934,233.91207795920334,49.639948924622395,0.225
-88.9259313206828,98.89381181057172,-808.6955546805699,0.9016741445145691,180.60689684953292,0.36791797373081725,101.39432367196862,9.25597453209312,0.035
-89.34237123590458,319.5905488818077,-1155.863489702829,18.629937020525997,127.510317150121,0.22017212523303167,233.70756742543276,41.83226527443506,0.105
-88.12966793307766,14.61085636849023,-1200.4867858578316,15.763259576465753,214.5610595588353,0.21198644910284759,247.60030659985543,31.00899217038082,0.083
-89.14567142164934,328.9418978423253,-242.6983033382062,18.064247283911634,193.50659511530617,0.10950665486239591,318.6978343980527,44.38180063093014,0.183
-89.73452374308803,299.87788987908016,12.892944284034456,16.926094868130527,236.34159945924108,0.23881761300089746,152.68431745252536,35.0902695434318,0.167
-88.72757361937617,107.12545791869357,-2406.0423557067365,16.527625878480656,138.08556010052143,0.3172212310987327,306.2864281019522,46.586060998386884,0.207
-89.68370705239447,284.1446356837577,-1191.9830786075447,39.00866469549595,70.93588374407724,0.9545669203990271,0.0,89.29181723813353,0.773
-89.24407602867679,11.236881721949121,-1750.9555467561877,11.23814330048081,205.85403264068657,0.23881795410215245,266.5077162214999,31.34229454819885,0.132
-88.93591731643616,348.0715981056217,-1448.777173188858,21.363373808293304,147.2183747333653,0.16581933054558343,198.59695607518992,59.98048391486324,0.2
-88.23897720309817,189.57417933232415,-877.9870322117429,7.290101897359968,203.4330095357155,0.3318363417614383,191.85859535941265,24.629336355930874,0.276
-88.96226149735378,109.1811693835603,-664.4493027660252,19.90641583887672,239.41227328073094,0.11815346840234414,275.8153056084463,51.74324247024469,0.167
-88.56570834453984,130.52995653408374,-1289.701154889076,21.393198902324556,238.58103827339664,0.3116149165001495,347.5558035630504,56.22372006559933,0.099
-88.01364800590177,23.90592724577905,-2730.6722677782423,15.64426077135348,210.74772043225977,0.21368200352349506,201.33843979467613,38.70410978419962,0.127
-89.65017067219384,356.1658250551341,-1972.0364644609435,28.692469423765,89.69294579463822,0.7581865879669885,0.0,64.82848496378503,0.975
-89.37801010151291,14.145100254249282,-482.8002638398673,3.1572396363958255,232.1170072248226,0.35604087618753577,246.63627059110254,16.52171387348958,0.219
-89.15030545636448,235.76656433322924,-3392.341137627945,7.127790583317779,202.0890049806356,0.2463165589543496,317.0414133924654,17.522955918521482,0.227
-89.09852646077623,159.38493397432498,-250.05827865440006,14.123800860234896,153.46079544558282,0.27979569088483874,154.29761176048333,47.17417094963807,0.226
-89.11905995699547,341.60983854793744,-783.0160074843669,20.80806853484222,136.2150506387979,0.3196092074573371,290.55801868612195,52.420027796227345,0.277
-88.17553909514254,88.55990651044625,-147.05913477598233,13.794295212949333,126.26854081962439,0.29652232990035665,308.7358776854562,36.58388287207244,0.232
-88.54333797551297,191.5512566176841,-1358.8553495047684,24.857590365105658,117.03316589608653,0.3192570612443835,308.04228497533154,70.14281559207416,0.258
-88.74498009322767,173.64823508979106,-2849.124339218324,5.383101290336806,215.57445471310592,0.32868450537335736,296.17784467488224,15.258739758182337,0.176
-89.31219183606072,253.03191985803647,-855.7098867948016,0.594215105114456,143.01801985205856,0.2767454591693833,176.0489074331777,18.86918382892362,0.197
-88.33479826997954,24.483683502871383,-180.27750076932705,15.081283365365046,113.39541104605571,0.20969134927232702,230.48755494583156,44.22903572963506,0.291
-88.08538502817852,69.76408680840774,-460.22255558926327,11.228197238863038,165.6178912578785,0.1729426449149028,174.92619504371794,38.041541919540066,0.262
-88.33972326315457,77.24333523342594,-1730.1531867904282,17.4286372035822,177.56499128292745,0.3708709709958362,185.7414766771782,43.97952503416229,0.235
-89.8970263001362,265.73427174300826,-1130.5911396298827,11.725977091334961,133.69223232601777,0.39097745339146617,175.30472089705063,33.73128078989155,0.209
-88.69083739665153,68.08993067762643,-1626.2690150239391,8.59980209376543,116.16676706275697,0.2072988265294627,171.05676200040995,25.483137597150474,0.114
-89.80284277526002,206.4570350007516,-1855.4131713514976,11.250624282762764,136.47756763372965,0.13369321872169007,273.3554181271411,37.48295960617848,0.169
-89.41054628136594,77.48777538034334,-435.6891430561192,12.28848894793185,205.0743866571204,0.1667611981349294,262.5659248286544,36.535656344082,0.026
-89.78690306933925,310.1849820302322,-2158.0258490121296,8.950187001516696,121.5141148151689,0.3012002037961569,151.06605865578103,25.10794819982735,0.131
-88.75278863939617,339.18676361626984,-1915.0531444652902,9.96867953676572,187.70518427797913,0.15188001098749923,272.8796800250085,27.37456737205407,0.042
-88.59547916436405,186.65747097920655,-2083.220506777908,7.964066630130898,130.49767830714333,0.3340366819182965,172.76714898528613,25.85406839346895,0.221
-89.68247348767478,126.83119831530418,-2392.1980186392375,20.566651198694068,137.3964843012587,0.3769090719624141,150.42958363745055,49.47188518250456,0.269
-89.17070612221454,84.26079900629969,-1082.8685665259172,13.940210045057993,165.03090365733783,0.38909545452365424,286.81297010048183,45.08928437140976,0.06
-89.03315063298447,17.921160548295756,-270.79756121441926,34.56752472168766,67.71772507265732,0.8875950430522446,0.0,83.17612452804899,0.852
-89.19879925865426,96.66002743109834,-1347.9014049962125,13.607045512784618,134.2484903895098,0.387446249486325,242.33763108116597,41.244650674084035,0.259
-89.67005249907814,235.52488078031445,-2404.5982404513334,6.491425296713382,158.85333760318957,0.3220583257388854,150.0309901164066,24.152436585792024,0.18
-89.1039991986438,192.1020952713159,-528.044368206378,38.706753748630646,85.69593300074528,0.9247898289852321,0.0,83.28097843946452,0.931
-88.472761709164,339.85486018113386,148.56140322797728,16.136263777143355,214.89800799460247,0.22457214063361797,151.99835864708012,45.75306532263729,0.173
-89.76508543738682,142.6598144970122,-1716.9938593172756,21.901247868928166,120.4695227176994,0.31001364237385276,141.71923085840035,43.31158281138564,0.073
-89.74765797324439,249.79080323822203,-1582.8434133741746,17.921029832024914,230.4631029932881,0.3870056477983148,196.6321429462775,46.71233566527,0.081
-89.22593454551163,176.1561890910437,-787.4714959332846,18.230110292977486,224.27250390352367,0.1492424180834178,297.5154598537289,42.39962592219295,0.285
-88.11072114792404,184.5274377327162,97.49899822804105,17.35654051352474,217.2388295568714,0.1383199845780862,144.1335870650119,40.26749672486677,0.22
-88.62971197122647,96.3987532574823,-1615.8673165801808,0.9791543522393464,153.31213074483856,0.2417041159785636,129.2566418783937,9.6416379256331,0.036
-88.61052708232212,163.78227966311988,-2265.959824798564,15.67529047561412,225.20344997571027,0.3904296681215468,107.91192311545397,40.930896672886945,0.075
-89.21235201740807,169.4825989245746,-694.8651149820748,1.2486130385023912,135.59229124049932,0.3914137645774032,203.99143913260713,12.380147966340664,0.192
-88.77204449670378,254.3913078296162,-560.7455414861605,10.256371635874657,127.41728881970396,0.1683744223158728,170.50626622422755,34.46393403565492,0.092
-89.88075075034729,338.630399707001,-1195.0948396518186,4.743825434367127,116.29388668852823,0.19580414439143723,173.02711265307468,18.618226968408806,0.083
-88.69141751182187,118.55565989370155,-1646.5066077259605,15.574701858487241,241.5034508207806,0.3724095956933964,345.4854856987869,40.64073604030568,0.069
-88.16475479960515,15.19216868926744,-404.4970152063629,15.341262473382347,153.12152567873832,0.3204524472556193,148.5308507262553,33.7044609655819,0.064
-88.73611041014485,178.6662451802303,-777.5711963616286,16.81145890765187,238.46650322490683,0.3916949285972855,214.60676262985385,37.29597720932224,0.188
-88.23997267241394,196.0060795737007,-1814.7484135227942,14.872965727490872,148.16589861270614,0.36794450890466635,346.5920428097513,41.18127667354396,0.273
-88.52445119461443,60.63859840748949,-1160.7242149554627,5.931746582136012,237.05923430708893,0.16452881509412304,107.65451315550322,25.01683507126763,0.115
-89.67093900883299,273.767258259384,-2281.366025619717,9.389965106483203,236.55006739845237,0.327918057823805,274.1643611688402,27.477570836981897,0.045
-88.1853387161569,354.574479038937,-651.2876348496638,21.20396161254485,239.3146463014998,0.11456956946803498,192.77073806335494,57.07271305583656,0.046
-89.77375669572403,340.47889812304595,-1409.7868555062846,22.678566772944,179.4614814997871,0.3453498336224422,326.52440340294163,48.31767394134069,0.281
-88.88546180215926,70.95817397651479,-1548.5686659077896,0.5321690137345065,231.23248015184487,0.2804670287333825,327.9853594317685,13.05703164145437,0.163
-89.62993946479243,315.1307663642739,-1226.2995881219474,3.309276325126465,243.10722546342484,0.3868302887909386,196.80318398482223,12.359664620805686,0.145
-89.87775743961129,253.6177091082065,-1167.7538405358018,4.731106167952879,155.44637186560513,0.3880097366407236,155.36586632006606,14.808461493281069,0.268
-89.09813490575749,163.38476297048817,-484.0559507475516,22.452075820322506,168.64241679555772,0.11524453270730659,207.00085957520506,51.079572020220965,0.157
-89.33942265545711,194.61995795690245,-727.1275749398228,24.148840301830344,210.69362622700416,0.14815644566673036,341.32656865359934,57.89385275926543,0.149
-88.97659906178455,305.85606299368493,-1325.1274230342422,2.7528811959882837,152.05037504126213,0.2452621141956075,170.34964728011335,17.700247039595514,0.279
-88.80332021520435,172.84857826981434,-589.0654802248039,15.073093537363382,215.53330324777227,0.36384805748384486,345.32944955825815,41.961083119803504,0.148
-89.816895762613,134.35465287784567,-879.4101970467095,30.344313331400876,92.24813484499055,1.0477475111561172,0.0,69.23621574311414,0.752
-89.66629373926489,177.5690974893549,-1541.2797090288295,16.153114772403338,183.2897738003959,0.38931100790553363,166.86308288404754,45.46756625692202,0.179
-88.83857944674419,208.48672945261768,-1299.7745265891888,26.215032852330935,42.03292926213082,0.770491855714335,0.0,70.86377267141192,0.93
-89.24798202897195,68.06795536020559,-1318.5783110744967,21.98726570083098,151.0652867011347,0.1769690558684862,112.44986078303175,53.377475394406765,0.29
-88.51457037365606,324.32678289611664,-795.7909254606386,2.8980129377208925,146.20755494810606,0.10753199185155321,237.0158441385982,16.270004744247004,0.235
-88.66064586767531,242.70730157866097,-1493.6180917773133,10.100185765029218,227.45049029877325,0.1668779472161647,189.33728479219673,27.141721638490488,0.155
-88.29335171031917,227.976810241496,-1512.3273491373066,12.34754478291848,137.09241575686764,0.30258195938608745,206.733999595927,32.73529686200048,0.266
-88.58426362932848,35.81864142502973,375.0058475471669,13.0413338802134,223.18270882227665,0.37788244700290397,218.2135845185644,42.32440408717154,0.132
-89.08313095295873,217.50261774213305,-448.2116146023167,21.16328953438571,221.15444842710906,0.19627110019247945,225.678190049816,58.61987016088726,0.196
-88.62136341745058,43.54583840585724,-1808.4805315401113,16.086847622754085,179.8436277780122,0.3627112990867887,264.10306862224684,41.16835785015384,0.062
-89.37677576891471,28.33116307034366,-743.2472048462414,17.36200943778115,142.73805578345815,0.21846947450234697,274.1942569455657,47.17527720600101,0.202
-89.3180043523214,189.8319224312616,-1105.3199474758583,1.1284027309272595,141.76548759387117,0.1924813748105651,343.926009154624,16.859091898649922,0.09
-88.40092819615049,145.0027922567382,-886.759059791925,9.87380914976043,175.08945059621868,0.25265327284174544,290.6946671811203,27.515033105765575,0.234
-89.051802918837,211.97169725624036,-1090.1269403479164,13.753652406553341,111.23326103509228,0.2326820477228846,271.9494439292003,30.97776355713417,0.13
-88.38307735301512,32.11998050060589,-248.2858836118114,14.40487649467761,184.38910564559126,0.37413996055510546,198.11472098267836,42.256297738145335,0.126
-88.33739749003027,155.15390262501302,-923.5037242788433,14.832249586107185,243.38913360738775,0.240477084222438,129.45201612181134,44.14643725286376,0.227
-88.27063155844357,62.92321741625687,-1249.67095857143,2.410717322853838,131.65896346076352,0.18320061616692268,114.69710486141706,18.567828646419006,0.133
-88.15839305190171,355.35603093268196,-366.2475384135862,18.74144005119989,190.26838700658448,0.3527696732505712,219.42117758128617,45.61213598185288,0.217
-89.08112808102474,202.01407647666278,-1013.3719671297024,19.162624964685293,244.64901641022396,0.39962485349787,267.0641781568153,55.9408042864156,0.258
-89.29415304518984,247.47726993871223,-1102.8171365367537,0.5514906720515782,230.47309952882404,0.2944514257543972,262.5399628146034,12.524305136370455,0.05
-88.79382238147119,117.15058104573882,-948.7819180111084,2.6603820144887216,229.05321629338764,0.1751384106809076,338.21535504377954,9.582816187742395,0.149
-89.1947723954685,34.10600932056389,-1274.8872186930932,11.998683137730621,225.05899025546648,0.17164452310395378,195.60749331058497,26.01692897830929,0.284
-88.75795908307956,351.31351060207317,-1192.618405603625,29.91782273613359,41.38900089301357,1.1490877544148608,0.0,68.34967439249309,0.831
-88.55938686097673,103.05325273794595,-1669.355671009498,28.997427421986423,58.297691355660234,0.6095016066276749,0.0,69.11891249448566,0.918
-88.59203046486495,152.5709466624867,-1800.933775699103,17.634043604480524,241.78764917264394,0.3744949285548288,201.01943914449907,43.82835629363246,0.259
-89.18834951466177,233.951011812927,-1998.8563091859517,4.700033284199236,179.4109392618655,0.12894613211486516,219.4357882126714,29.367878562595614,0.1
-89.58296561677237,8.891027167000063,-2313.586629437661,20.86842659488585,159.6399466163242,0.24530315448303366,330.7432239777203,53.75677082099537,0.062
-89.0819942569218,291.6932869862233,-1903.7738891076451,7.475757351909586,167.99206218481987,0.3094365339079535,237.56048825752842,20.085771022381884,0.071
-89.62907112624438,193.1681484103033,-1339.4136275735405,4.324929633261895,156.78890185637718,0.35510643483208093,299.902484566273,7.298150475530168,0.073
-88.20881563315076,100.15818734477597,-1117.5059340434905,9.439668316219944,139.73858188343561,0.1513812850761182,333.90595905569273,30.054406878439018,0.032
-89.24283282459807,22.17887470528893,-1417.0372505181124,13.023821983476529,196.58278583540454,0.23133360373760709,242.7645096390005,40.99241441542383,0.273
-89.60652648027569,58.49942957079892,-3084.5627921018863,5.701326508626249,188.7635640743452,0.17544405850413325,127.2967422486014,30.721489060401638,0.156
-89.85164925617907,322.2121891872373,59.66908620987374,12.964303795285044,174.7619099454986,0.1767469269899805,305.42498844359716,34.91654885914792,0.039
-88.67293746605569,246.96872061692076,-330.8159016876946,10.993576962370614,123.41835413587646,0.19115179224600276,304.44554134907594,40.59714944853202,0.231
-88.68988559683599,89.96461978928035,-843.392119026297,13.698266725836872,221.56501505883998,0.27613486432554024,128.74629858587883,30.601895255582164,0.104
-89.25285208349555,23.61627538021063,325.99253804261457,12.31121163971628,134.49069878511048,0.10497324150567647,237.02953790389026,32.902883049502115,0.031
-89.76374741118947,248.62151245918906,-1981.8912939869685,22.87940253268552,126.03868607544675,0.2226298858946584,221.7714088630811,50.68681779458548,0.065
-89.12170509969906,206.06678134839544,310.1000965008036,17.218912341350844,197.22999536761264,0.1560490405698378,311.7907331765988,48.398329226455516,0.201
-89.30868675937955,145.6270288049646,-1972.1712614004382,9.213352285754123,165.81021057328124,0.3901355525537905,168.65695811441623,21.921317672249135,0.24
-88.61347078450349,130.90012170842297,-1009.0096597669148,17.62719860082079,118.37318654932612,0.27481874777509313,206.56942707150023,47.263145324564725,0.084
-88.7490194260399,78.05313933447898,-2219.0698601073636,2.219257373364476,159.77956969454814,0.36042864064909685,251.19776118478345,8.229367889573346,0.177
-89.20727191642467,241.06005235350634,-1188.2447235645066,12.723755156148924,218.04924931989478,0.15870699603088362,229.31129816025458,44.236418077554745,0.01
-89.48600414691552,349.4404900057934,-891.0668016012891,19.947740384603357,196.13488873039364,0.3430047097971364,338.75856867338797,48.02420058157276,0.091
-88.02273166430437,63.257488501257306,-1323.7522649076438,18.942892490913895,160.79004321817956,0.22443473839157002,340.16433193319824,49.77561422759009,0.063
-89.03739691972739,214.96198320558122,-628.89804472789,7.527756403224762,136.85267082884232,0.15330840665482073,120.39312269610072,16.111649692787747,0.032
-88.59227895201755,152.70662006855144,-1120.7884404101942,11.773558698636258,198.45138691266826,0.32837356071646984,174.4617480737089,26.073106321836576,0.15
-89.63294936160112,160.80793982807936,-1617.9317827020075,10.037063822542335,234.25774213248974,0.32860332928458436,101.8837039278927,26.20714529250843,0.193
-88.97737957064714,91.49302084601318,-1653.4506542418715,26.571018262274052,77.21770983857567,0.7451677419528694,0.0,67.39462716339422,0.944
-89.84768023224802,297.04855523811085,-551.2689819074428,0.7609887507711548,223.8065396510314,0.3342811785394493,265.53476322031736,14.81742993251008,0.05
-88.93963527597015,174.6920174930068,-1722.993623845574,5.78840756554771,183.01389739761194,0.14358017437813836,217.82119527146622,27.003764936595132,0.28
-88.06836692647637,195.62610679137507,-467.6776236120505,7.158690263084484,210.51595494374402,0.1967634225357185,116.79546839003584,16.768726410246863,0.075
-89.17000724532699,109.71392860703727,-221.83056573445526,27.102866512731453,84.37096089097386,0.9517032360796782,0.0,66.74007989181953,0.837
-89.82590757610767,65.4510476401019,-2534.971089876904,9.537098573912,218.24505695621173,0.13799584171293855,143.3228370751116,26.274709808986447,0.227
-89.84118399725325,30.927739753015373,-293.6588901591723,7.61591111963293,237.3795534757404,0.3364116923343442,227.7820724397309,21.19130055685423,0.103
-89.16282515610095,257.0828907329697,448.3381587557592,11.47517317689286,170.35954429624837,0.25800956137377595,269.4200039357232,30.264208033174654,0.069
-89.59595262071994,70.64434140762802,-998.3969910384573,18.36235828430324,236.5908357177879,0.3833348707287261,179.08135578765462,46.14237759827115,0.081
-89.85563101697645,248.42712750796719,-720.7326517641421,15.473634035161247,197.01941282743906,0.2767924433577461,132.6150160859089,44.25249015016115,0.174
-88.46319413349467,140.5355205769034,-370.3957405046731,38.47884213557087,68.93239936900255,0.6470017327483628,0.0,92.57171077558614,0.88
-89.02880628312441,149.67892835627453,-1420.3858521432178,16.539358884037746,115.51271426129696,0.12142754587985931,314.59045920398165,45.68407840978077,0.154
-89.35043493325196,168.90389859339783,-1054.1758211697042,7.347545708309189,202.09933346789506,0.14480377148337334,169.12205336118768,27.861445097722708,0.245
-88.1898419522687,132.37506292591556,-2251.3596236984877,6.386432624760529,228.71651104290584,0.3548578230292454,205.18692559030194,31.88811298941909,0.156
-89.67933597561901,36.22319180013243,-1089.0919771756392,8.072410475831909,134.38828471004797,0.39720279334774256,120.48277565661635,29.630186409696627,0.299
-88.08375422498489,111.46745160102448,-801.5104034843669,3.0183692462983807,202.65017068508922,0.22455374076948087,156.92431579848997,14.967564335134611,0.203
-89.30346323698303,238.94436984981783,-787.0695816588245,12.39864207491586,225.4936599903284,0.34302582511747876,291.75009451254607,37.702807823922086,0.07
-88.21203302261351,239.68238452879353,-347.6602211219356,19.83468106208917,150.3129117485692,0.2882757298991956,191.2994724018854,58.20759164532059,0.155
-88.75440853468902,103.04075060639798,-1819.8417425084233,5.86636399376764,166.7344859068949,0.3877177821015141,251.17306635043806,17.3809246610191,0.246
-88.32925601649117,165.63694556076766,-1626.085405338797,3.9261994371588838,189.7324805898907,0.171441170633228,336.5461200958209,15.697714082601083,0.073
-88.03037498990012,69.6410020842975,316.4058767930842,27.159451462942336,43.98053386596275,0.7661861195771106,0.0,71.56954167263109,0.899
-89.35202966814438,75.73394935074089,-1320.262699010968,2.264831566211651,115.486515025199,0.2226387455027787,213.36304615343835,13.077298545270795,0.02
-88.07384257772557,8.296951826378667,-1039.9729701501376,8.678183764773014,123.81409373195788,0.26251479278290457,191.72007759144344,31.177815905418292,0.283
-89.1599843996854,322.82875796678803,-1253.608033380177,0.4709805635261741,124.06532110261058,0.18065742502565657,147.63175374024138,17.387397412042276,0.202
-89.16752738099986,75.85439942696624,-1857.3446610440178,3.404327171242965,146.7175067698845,0.24932384881472322,289.0350182451441,10.52955194762239,0.057
-89.25326450191645,81.91219569712679,98.823368713445,15.862260641045818,144.4209757923429,0.28744124401742954,128.1063047898852,39.6824082281396,0.264
-88.87132554603959,100.65651575224746,-1622.1611295364846,8.392954995504265,213.91113373015196,0.12436476519984764,115.34842259471012,32.809356411205286,0.034
-89.60712441796088,45.86690581035444,-2101.828418965544,9.803129549761602,190.18421404226024,0.32289617644228696,126.20716881601493,28.97412610448425,0.128
-88.84794817781979,230.13463794529062,-1560.5922218422013,23.52934176974773,216.95665185033374,0.31195688894812523,160.72634671618223,46.965721079777396,0.224
-88.870760856421,27.051463143931166,-2801.364801380427,5.0866513883722355,119.78544803752182,0.3641372804354456,256.78085371751274,17.62345391153388,0.282
-88.45238655605075,48.31287347748609,-1721.0299719865454,19.750894117456408,177.92999324602408,0.2277569655429777,315.33253333445924,53.47410050913997,0.111
-88.3160650723186,232.11242157243342,-1974.5028782818613,27.11322799203203,93.6516471342709,0.8287630937671487,0.0,70.60892148209295,0.987
-89.0631614344064,122.27782337331939,-706.0570952581405,7.443375019863393,228.99150350580447,0.2384383387065061,282.8710369525082,25.140976532800806,0.067
-89.32556682623216,254.86121761242805,-1738.731391647898,19.370228555563138,209.09048196738647,0.14128275161858844,136.49427392015508,51.15936515267626,0.02
-89.40726369509753,200.67290808125114,-489.7568515369212,9.5818208747102,231.69618591575147,0.29423404405654535,169.42618953237252,27.31834111840722,0.018
-89.53021471026075,92.16762230214471,-81.21280554454302,21.24098128840789,116.49979713684841,0.11413945723939176,132.9966860683425,56.99788364450741,0.201
-89.79046959382185,234.2980621761581,-575.0597309699207,3.7148918757627314,210.91528853932408,0.21219892186830858,128.887945378446,24.555761537574597,0.055
-89.24934884021405,41.85852490543704,-1372.3106310880612,4.455122451253462,185.6011693023409,0.12485286954624862,241.93316213534567,22.75124440377933,0.025
-89.38652938495152,193.10773790881095,-1087.1084026355256,8.087322850924593,225.50000406217922,0.101009930221481,326.6807642267129,25.58381196928552,0.293
-88.06380696685383,157.37331781621248,-2419.987952115248,3.1107519094022926,181.00248272961494,0.3881671671704776,271.0815903338264,18.392059145012,0.08
-88.84035323012492,96.43448981427868,-1307.0234980169917,6.832908905701147,185.62927090626727,0.3988382044078841,300.1625493150916,28.428257317087876,0.144
-89.24017362584203,217.44179918622004,-1888.3507744534663,9.804734175528601,117.24743333188911,0.26665088545954396,227.02419033926867,29.74797679045312,0.188
-88.79711155811198,313.6800932425017,-644.5388950805609,19.200135318362516,203.59320110503535,0.1716867549836452,218.8302761634473,52.40291571752846,0.052
-89.63552626744318,359.6056919147076,858.2019113955789,7.923394214340651,148.23958258470702,0.37332971104259727,334.37114154691534,27.698333316500154,0.114
-89.05631687651582,218.79459674763282,-800.1426912209525,3.7613868937691333,112.75714910503487,0.376910979122832,280.4911595163893,24.619562802601813,0.198
-88.71015478929998,145.69411475850126,-2792.912119163733,8.484866232411012,119.30120275084421,0.35635266735121185,214.8352776522333,30.470420695135275,0.196
-88.97109411959434,81.07455607783258,-1488.9841543314983,4.3085472019338225,244.0199852552436,0.26331099537021463,183.14561162789124,16.12430741966855,0.254
-89.1366202787568,92.55459218224023,-1102.0072597004362,2.659944979372856,158.4508205411786,0.12241064826880824,123.28187327946831,22.34236000815185,0.137
-88.01168806109057,172.60379213391565,-1130.114059791789,4.13016813576969,231.53058800696226,0.12653167826103937,305.24572776321713,20.560612232758466,0.268
-88.22740195191705,132.21997246105533,-1784.6505004870025,12.694781162210786,244.35481276969583,0.3689859363137966,142.33092322483273,34.69088263045756,0.208
-88.71552867949707,328.97322814497994,-1003.7666058904517,6.312942934029466,242.05740643722518,0.3627480542371688,228.75395732761746,15.855867403096054,0.173
-88.81818301375367,132.58636835605543,-2194.0006695355096,21.662787392346715,233.44153369791883,0.23031917475436534,259.31980983967867,54.48246942998428,0.044
-88.72074508833329,134.44005281235678,-1955.9269781480534,2.4739609205894055,235.27814774458213,0.19844638584292762,286.0195263160406,24.12236631322663,0.177
-89.51750699513738,138.0724244762317,-683.3618867170309,6.579164449521212,150.4611262077332,0.2932371760432307,120.83588952912325,9.511447648642172,0.182
-89.1492382877978,301.1832757323569,-2012.5305847038608,30.129072206587487,52.681178523149455,0.9054039909862452,0.0,56.80957874590385,0.848
-89.82502688750729,234.28379550488467,-769.4307156061942,2.6039048290215057,199.4967586923093,0.31950548261554634,276.5021239611451,19.044506421932603,0.219
-88.99646252877503,221.10078611480137,-2295.5710197248463,9.634667479038761,178.33478286163535,0.2846808814152119,213.5978186899415,30.450196505066533,0.164
-88.86825329048044,120.29148805819038,211.86070703338896,0.15843982825368386,123.82454061732395,0.16945331333344943,145.2838399745766,13.678798235664184,0.182
-89.4672755014039,294.4455036596782,-1819.4159379232437,1.484275127809811,204.85578424313752,0.17875146076621456,345.5068530140458,10.336620613407586,0.234
-88.06834519038553,13.810990088052408,-1378.9332574427553,27.473109830876783,77.8395610249624,0.6969473891158889,0.0,54.237332985255165,0.837
-88.17203623921924,313.48698204172075,-935.5093911276753,13.710394926371473,230.82943611346147,0.34078595573530934,244.62826529009467,33.26086484481455,0.049
-88.52792785263378,184.58996392581466,-1652.2799620008755,13.336788382376234,195.2857313963758,0.13484055642987697,275.5267732239221,44.47360327337908,0.264
-88.88656540534582,143.3700845508286,-1085.2752311429565,4.963162351162222,190.35246516104553,0.15618911431339183,138.75586411177136,17.66837853468532,0.29
-88.2470585966694,178.98022105836685,-739.7146203838995,15.58741388108303,171.7052412665679,0.30414107865321144,340.55629876671793,38.96018441326807,0.134
-89.65176054673543,240.2695909921792,-431.5094139972118,23.574219459938256,174.79018978444185,0.21669597624142037,349.0917697618195,44.0014389525519,0.297
-88.39803139087772,4.59555354644305,-566.8020512216342,23.494770608285297,243.61337177707625,0.26898786018130927,262.1113774346926,47.96714129334376,0.104
-89.66284045346299,313.75866832496916,-1337.4483710421391,18.683332296061607,129.38244131603352,0.2844444857966909,267.078150360688,52.917500411691364,0.029
-88.39099974115614,160.82622911210143,-1317.3054192348818,0.7051442240459593,172.4706346015062,0.3328610401801996,276.1146314338484,10.113148173240088,0.176
-89.37604162032243,123.46794709202814,679.286846420026,15.131234171929917,201.81581274975798,0.3417150852150723,266.4465558596919,45.218477772137454,0.262
-88.23352789606544,49.76840362826056,-440.0887454005664,18.67584960476608,170.62149038265594,0.18402887357843695,209.63520711055304,43.58320235171695,0.189
-88.10632002173175,158.20753476903917,-1937.458925056171,5.944435850889015,149.6501877857061,0.26238901867665143,235.16905930522188,14.549961511829704,0.013
-89.61728765813028,178.67619766237638,-1120.0094689875586,0.787204085182152,150.23003190679967,0.1370571815865641,170.6815493725433,10.269790265938434,0.013
-89.02091635037576,145.312810017652,-1468.114511022554,20.881573217434415,142.7118464760802,0.35260455060926466,211.71197909552853,48.89838083920484,0.22
-88.0361239814909,244.31763377768294,-1308.2673871384877,20.760457766719284,158.14644808163254,0.35363438149995874,209.02582649904207,47.35546465285887,0.255
-88.98152587165103,151.52275035332136,-2183.59612616647,3.4858303362139242,232.03446858169937,0.18985171569983694,172.03510557833778,12.936613756006697,0.083
-88.25925970722237,346.1103280247664,-1529.5385875087625,19.950214592691726,180.7314370452193,0.14818606222661276,296.6762048718076,49.22573867222694,0.146
-88.78141010795049,215.73990641649306,249.2446185551305,12.953033991536177,143.63342193089457,0.12102753346007998,202.4180010940868,33.44822484076299,0.289
-89.18687317495277,290.6920568346872,-736.7389592995976,19.810089546071517,163.83374038371454,0.27249293257347584,237.92881974170191,44.95883745633185,0.144
-89.35701124450085,39.36812511941238,-3192.929126521168,5.654786765660586,124.81625769099952,0.12742843011996396,139.02263079648887,30.333145397737646,0.049
-89.51387612693644,143.02486546052606,-226.62120600164246,18.45183496480902,236.56500356342332,0.30417845338618,218.7417250451533,49.19344505377754,0.274
-88.45258343638238,121.26517252097497,-328.29638167267103,20.438287744856247,167.1476964928005,0.30343792031024397,290.3638328008681,51.6689892602885,0.154
-89.16557303703625,205.01365972917304,-1487.4282434451331,8.486650645442882,247.2547686430306,0.2841962221394874,211.1314097767311,26.640574280711604,0.11
-88.92857662181858,310.00086722211324,-626.1891649734279,12.17752546173286,158.65542825675269,0.3629681505589284,239.43534596180046,37.68312425594331,0.038
-88.96458158799776,28.2017583943224,-1887.5193686537605,5.514783704953465,227.08984661179696,0.21348420781873956,275.4266460291393,23.688684576724214,0.143
-88.80316984445706,26.126927296095882,-1576.2045730130858,28.51638948685879,54.151091217067446,1.1485631106779128,0.0,61.86138319823369,0.914
-88.25540342331335,306.1143749367356,-1.1629114641170872,10.79728060674234,120.66140507286431,0.11107761065383925,188.32063814368004,23.93321058784735,0.218
-88.03659524719149,76.62603097380867,-1417.3840318957668,2.7797567482281806,114.4426706343321,0.13382709637642226,121.43548951781548,4.189090576186377,0.154
-89.12559000370975,240.75117160193292,-2695.785329563993,4.841740861252498,194.8635797302697,0.223661668755533,245.56809859080622,28.643137280228057,0.219
-88.32771404799803,195.43612764988987,-1250.6425782250694,13.267706011421131,153.6203140343025,0.2781979056065721,276.7396372657798,34.308862330081965,0.112
-88.44739719015604,299.8416941594026,-1262.8707143314855,19.53331171778212,172.09278326661598,0.10971269099180969,245.31311537640082,52.02692112640589,0.223
-88.81029499223442,45.03200754110527,-241.30514450123235,1.358268451505218,224.61058498411134,0.27023034142727925,170.88133627299635,13.726843247121856,0.035
-88.08351042713733,46.72186766014006,-1188.530862259392,30.47660002942449,51.86065659008333,1.0065678811778735,0.0,75.5159937504904,0.848
-89.51909842049604,200.45460970019073,-1537.2658491522343,15.086752940556163,153.21134674288786,0.3661440423435488,139.87190330152762,39.85081656553382,0.265
-89.69239800041173,340.6963152090135,-363.9550838150352,16.664559729694126,228.3470659082134,0.2599853775006193,111.7477077475532,36.689274112242046,0.095
-88.2774722627847,149.39919301347152,-1103.3678139991118,11.028104561765636,178.98671826809056,0.27636817246523016,206.71950905654757,26.870625023533137,0.07
-89.06561534839588,117.69915609169018,-1800.0181452525735,12.192589673511256,225.87312338734824,0.38368654333446506,140.13008031296602,32.63138824200441,0.036
-88.29075917700659,218.4081563512389,-276.0019515667059,10.51716862072597,162.42664048528428,0.32925130799637814,272.6994252477247,23.107986847388794,0.124
-88.20312861012872,334.9614961962112,-1045.0705883865605,22.177959690359604,165.7717973157952,0.2314819798440297,340.43325237577346,50.084282492760494,0.029
-89.78133057212376,301.29401982406455,-1197.6592266564498,11.920714125466295,133.39937064895588,0.24306388448680585,118.37038889625514,27.847316116615016,0.154
-88.22141695032649,358.37409986395915,-1057.6732868706765,19.6705021849271,238.2884195032953,0.2943771605678197,323.2389459177522,47.697570535104745,0.277
-89.0481937947981,8.124689952855753,-2056.5346971332774,7.661524766474278,235.54971716176533,0.16005976499515395,264.4290221243763,22.842888544599408,0.238
-88.93017827089196,40.628932096594404,-1622.1230209426699,13.956405283123157,247.79038203906828,0.1265952521482368,315.06974517736876,38.51021933051933,0.022
-88.7094742289229,219.40839481198392,-1197.1339185337733,3.9607965576057893,166.34259780375962,0.19337095478368554,138.7397127982431,22.19392983699274,0.097
-88.13987304721283,295.4075181601859,-1355.7309560197439,24.16528232549537,224.6060918462099,0.3335148393808691,326.6205071379885,57.11748872202486,0.064
-89.86367942058345,102.68796323043595,-182.05729374672364,3.6625275928088428,168.0935224340966,0.17719713963098532,339.4679553645807,9.813005988555563,0.029
-88.99399741019614,86.11599169231876,-1026.0753178183973,8.750205557386737,173.6018304489362,0.13922776010077592,326.6785272381114,17.258724225727384,0.042
-88.59332811938194,283.31128777723234,-516.076861890878,8.850395875452552,226.19991510327543,0.16570677953867807,296.374907860823,28.512380798282596,0.273
-88.52685678037336,20.29746738716337,-1192.4837163393204,8.460486123262317,134.83134792409595,0.3036918736017119,122.5760643150254,23.593474586882486,0.1
-88.5841883800795,132.97775312973064,-354.9692130031016,19.22495769442937,140.8435308246453,0.2841844170080557,155.18276782730612,47.66310844453932,0.124
-89.64457325412458,182.0913201332387,-881.9777947414768,8.833422352633562,154.0619536554141,0.3064944991889309,328.283802776888,29.31455048102814,0.151
-89.33114838209382,201.72552276611643,-1189.263611689232,25.93924530541073,80.77809399746499,0.7249291289257664,0.0,69.09437567997917,0.828
-89.21844050170768,262.30145644539965,-1210.6264711672156,3.8152491386983183,162.1712169115316,0.37025683807998155,186.92850807927164,8.89297084293372,0.242
-88.37156930540894,127.74446043503697,-1963.5509010327705,13.693774699427069,160.14354915930662,0.23553110719844364,112.61922363929446,32.3252612715905,0.289
-89.37035624241236,220.5663640828586,-794.4674238909515,4.242140106874001,249.83428833573385,0.2541139095780831,257.02325115375766,18.058108743992513,0.071
-89.49966056865232,210.73515220474428,-1232.1637876291031,16.209727825314665,163.73286003392712,0.38464239280063817,240.82523056732114,36.718487724295564,0.097
-88.08084876382762,197.14179623534895,-1601.5935681449637,11.8405027302323,144.68787508418217,0.3937831803834927,340.44291697691415,26.235725620386827,0.101
-89.88315975828442,230.5739855311964,-314.83058335034264,10.449379553015216,197.24991494813207,0.2984628177749655,323.0861588217162,37.446645949441546,0.139
-88.00414037420424,93.40170158450746,-2200.172820715841,23.884749665035237,222.2631932737001,0.38344395777273743,226.48597271550352,52.52971412751524,0.244
-88.61403953217095,30.473551290466432,-1537.996716345947,5.456581289448966,119.74509672124229,0.26245221590213297,252.334325763131,14.367236473114568,0.079
-88.32590833104668,42.937801934307636,-377.8250009763733,17.86515157618,196.64491235938652,0.19218488367003153,203.29920503875408,39.98955571145568,0.237
-89.34022314694224,80.84965775540438,-947.5816472637974,4.310400873252076,115.00296382323147,0.19452785678996243,133.11478435195258,24.050770721902346,0.069
-89.87280097243259,180.07125678820267,-1238.2871421222058,13.126852001603737,183.6865291371325,0.26768217696470364,316.9476488596466,32.776795752963295,0.216
-88.49804791473309,302.5593901965672,-999.1971654798828,0.044246717765545895,145.97881892609328,0.2815108361965596,237.38464525138374,3.1604131643753473,0.242
-88.31512526569871,252.46560315181827,-1056.468663160927,5.374828536932596,152.92983767424602,0.2318851209759247,206.348030971482,16.548847569616516,0.258
-88.49309534928831,284.05461751273697,-2413.330037028737,11.17856954427135,175.39343495753357,0.3651314450535532,117.11635150860916,32.11628577916514,0.158
-89.62858445412841,126.3512246133929,-1479.4095082783692,30.146491673230777,68.23667393717761,0.6175880745285343,0.0,74.75183832449294,0.945
-88.46848694771177,145.67534699347806,93.21732361099907,13.008038704597741,209.4934229223027,0.18202709409930037,199.91622643893547,40.05491980532623,0.234
-88.43904671399548,141.7254789566206,-1727.459307821734,28.546683158667065,52.287254354992456,0.824392671017137,0.0,63.20452128755692,0.784
-88.6487730202269,69.07434638562054,-1454.6408112834672,14.20323291690918,202.39594063821488,0.39117078344729106,319.18831794228345,35.75084520212968,0.053
-88.44437972768839,22.037996931685928,-1633.29661064735,8.12915755525061,110.99508459230036,0.3472939849428833,145.9079585831031,36.772735465396664,0.252
-88.29274926461231,212.72979341780166,-1269.61217865451,27.393565226006935,71.09691668308304,0.8126457402085995,0.0,69.76555310442137,0.904
-88.73415218294883,356.11800603141097,-1666.4982650594384,16.370176220734187,236.80816088085234,0.34916267617103847,298.93900465587535,41.48145148681038,0.176
-89.73165104345762,60.05869378209462,-810.6067982735519,5.572784061172864,200.08237293548427,0.34308676907528324,312.2686932781694,9.669805921612097,0.276
-88.9735071616323,16.806535163738552,-1042.1492701677867,16.705714594002973,247.43061311983848,0.3795552340677476,304.6763499799042,41.11728589599519,0.049
-89.75246626412395,280.6314054566159,-581.1619079143856,9.074052500923898,131.83496269056138,0.2158203050081125,324.156583826626,21.515008191151612,0.172
-89.12566824103838,90.93096240650071,-2040.7529329511685,7.890341961712959,151.54469663491273,0.2664556726257823,135.58934439039874,21.467276994520628,0.172
-89.12649767066131,298.6717699270542,-1472.2723863063225,21.359731592656175,160.73147233238507,0.12958840711607378,335.11463309788337,47.892804076447504,0.26
-89.77458129613355,253.41720013242553,-1380.578105289708,22.949340556419287,155.7180945434235,0.389594627715692,102.70073312404071,54.742640298753194,0.109
-89.23724098545799,340.44247333828963,-835.4824719291241,30.379420299922753,52.265009957116284,0.6673476045269375,0.0,71.10763868268239,0.988
-89.6891036122965,147.2138048724019,-1834.5769577656274,16.221436921952627,172.0852002059489,0.3367252743793605,121.00968655270444,38.78496963597869,0.161
-88.36435310098248,238.3091422022283,-467.47695659332476,9.512765759174675,199.92173727171195,0.23623629494450107,336.38328379287896,22.636999967079085,0.058
-88.0993927506675,167.34772109277745,-250.86752758591297,20.349894273785857,153.57596920413744,0.2489700252743073,205.98391334147564,49.80513221115217,0.146
-89.76259869700992,227.01193103107565,-1991.097878108467,20.498203653189066,121.1579892639958,0.23061007989635712,178.81735121957314,48.50501342084734,0.136
-88.08528110614577,161.85560616278545,-1592.6983159148526,28.38281183136422,79.22346911411452,0.9266339471243121,0.0,57.277927693670435,0.937
-88.90710446126019,67.90760871266694,-1625.5452066336738,11.553723769335578,174.2623178093776,0.25833742166463003,138.9544768601134,36.145302251302375,0.252
-89.33082521188764,182.84306976121712,905.9089637419988,10.344210274324055,187.90752285260885,0.11603352085017005,253.48292151073804,27.044184368887056,0.135
-89.7539620569753,190.29031251747924,-1543.9200841663094,4.8445558024147255,173.75609200294812,0.39756611858115054,111.77104159810588,18.341850364174082,0.099
-88.94881389066622,291.817385373658,142.10035372490756,17.374620867252016,234.65005048368744,0.22721504054924227,248.5825938078881,43.65000988528159,0.048
-88.39042046546759,264.7874540856892,-2213.3055960852876,3.482616682308352,188.22429960329322,0.378209975211132,293.6623430497016,16.888028817148175,0.036
-88.55653569319327,238.96498461891986,-1991.7207729314907,19.760873728625647,239.25875757924496,0.31728143819800114,250.25371673970815,50.25196406409603,0.288
-89.80457057821846,40.819354398926116,-1749.2836254785607,17.878351218657897,181.48054781784003,0.1869828750591802,306.6446920114898,39.23371359849862,0.299
-89.76148651280099,259.4218646389374,-1876.551449157218,17.85070202458372,150.96234271363946,0.16661578545238076,166.3146760121144,47.26319651191181,0.27
-89.13454076299799,180.10985628762532,-1414.318987326799,13.382252365018404,159.76196220466753,0.3987026301287069,119.29287940291397,35.0438377243928,0.143
-89.33894806130891,321.87583299821733,-1767.0225621771986,27.329782475310846,51.6992312223488,0.8831610082747969,0.0,70.08177989293546,0.884
-89.45846978619352,331.1535362869954,-1855.4732741876587,20.719934654268634,184.1985212927012,0.17489844224480228,307.0325975978185,55.514764428463415,0.252
-89.36609145207345,19.856372616642766,-273.2224028213378,5.929228086243003,206.22727821685282,0.12023351445317819,225.41913414136351,28.472270324153527,0.097
-88.37338278773592,295.4309617276124,-220.96510198946794,6.108209503023533,141.4292821061283,0.30907496359041364,305.15423499718884,17.524591767557116,0.18
-88.13446669809947,13.571060552161423,-440.56280129974743,3.203261865853632,202.23800599517023,0.19090493704332293,214.47978886381657,22.83984873766136,0.287
-89.13030488039763,132.18106525020815,-780.8008355325376,17.512833327755875,219.00232117330532,0.16639924378831522,149.63190848061487,45.496039316167554,0.091
-88.17838909594826,195.22799122358848,-1125.8055473763582,1.9986107876004322,204.7228785253786,0.3204812245448009,218.5985044017195,17.448160451733525,0.202
-89.28915816762903,53.31628750576588,-1597.624552532727,22.833921435833524,177.4559353744627,0.3037783967963043,153.98766223790454,59.039747413938635,0.202
-88.9947697259468,268.67297252486765,-1962.5260038040735,25.229733083455432,43.79077717398299,0.6802796027995935,0.0,62.75474113924798,0.827
-89.4705449041496,3.007693501969886,-909.6034372538501,3.209837310495489,166.67384227809026,0.38279677983111204,136.8878897947336,10.978554094736136,0.152
-88.6830955198659,60.69565743625326,-2138.9043140374383,10.144514654071463,124.92268604117609,0.30389150981724733,146.39051785665487,35.06443241855688,0.142
-88.03993588116786,209.08685874725126,-1995.1367433403148,12.166209813624137,225.01059015702802,0.3680258681859728,320.72819136929024,36.090812187755624,0.161
-88.75336311751758,257.17952233342527,-277.6693950361523,20.839831604696677,139.70817064325854,0.15716588270491574,128.96454515139027,44.31423602886457,0.053
-89.22015324018426,329.9915169698098,320.5192333776695,28.09343375609877,65.64413100164414,0.9015001470110365,0.0,63.768464609517515,0.966
-88.669146852618,253.97879469646458,-885.3638894668154,4.854923928685775,135.05667958011762,0.1313560401081185,348.88001265541345,13.644439544751101,0.202
-89.66645071091577,241.84053729175173,-314.83427816428457,8.81819282473317,112.36283472011151,0.19137399936161065,244.00462902269663,20.50534923174737,0.292
-88.21154774749574,141.96281268623915,-1396.6786539551867,9.339833044396531,132.37180453046358,0.3915334987619141,246.45480428986642,32.94628731059147,0.081
-88.94414049351832,0.46239318964850895,-2270.1393488701474,2.0066985488654776,162.77841752061505,0.3888568738276903,311.2427191055832,6.616529494921507,0.052
-89.04623549012469,43.2573331448239,-710.2627051051327,7.148899806959384,124.92655459817176,0.3281159063652973,231.07990912223934,17.692208138338078,0.109
-88.78685690193832,192.4396361121741,-744.568541383949,16.277689443506112,137.67507179299548,0.2563144788348872,155.4454883708637,52.44649371870636,0.158
-88.71291066070013,243.04675890399108,-1142.6651568958048,9.213210971604429,217.047678875815,0.33423393963767356,205.61663907519608,26.18699293496205,0.069
-89.76362596816963,150.2813822027265,-1393.900366484089,3.446211686074136,217.7837051167983,0.266046085364116,288.7503134076155,20.180727343967316,0.144
-88.60302727967554,263.0444441502205,-430.2315371351217,40.740826980099136,87.05130870881725,1.1361684599222603,0.0,97.1058116330443,0.953
-89.4403298074005,187.87042631958434,-1988.5864267419795,14.661778652041804,227.76173311666295,0.25046412218308467,168.3009562495738,43.19462534663647,0.026
-88.54348999823748,26.703430413952397,-1819.024463112526,13.116941301066749,168.86102524592576,0.27967703380331577,165.49381603479833,36.98174681459089,0.23
-88.33718389067003,69.12585034846158,-2006.4852054083424,1.020736369329537,231.456952497094,0.17972450725090128,181.9020515519489,11.855152342536426,0.283
-88.37247883565021,302.39936036781944,-1132.0216298913383,14.607061619712754,183.63116250196603,0.16098806927249848,249.05267496404443,41.90215498366267,0.088
-88.85024816192501,260.9685887847982,-2070.3144096874066,10.357862159585057,175.88359637104114,0.1821427284416954,169.62726640158627,29.592411555281345,0.235
-88.91167720460957,322.1143153244982,-1747.3937444121948,6.885234127154064,210.59508605940863,0.28708832485535973,323.2842313651481,27.244902873627524,0.131
-89.62853567345512,42.320609683537164,-1764.6044497817584,1.2974455998558376,139.934577590387,0.14381923448066575,344.50189717907847,11.300096602366631,0.203
-88.42684231423404,356.4801124614266,-1408.4866658671665,19.94926017673945,220.52963275584608,0.31609849039884985,269.77998062365873,49.17083984237526,0.225
-89.38432217715125,75.3864170219761,-2389.8995571231817,31.440176500004416,78.18618529786204,1.1976624531561275,0.0,82.28915361605956,0.883
-88.95627869664591,4.240755463191124,-1130.2360063701865,15.671654050430446,127.82135796052646,0.20600435776159767,171.96261712481743,38.94135685426437,0.238
-89.35987922343772,359.0722580592795,-202.15707946825785,23.030832782933672,126.70366789237546,0.3421693875041059,303.7925882963858,56.157872513007725,0.04
-89.64572611030059,101.18659876024073,-1091.6069021465905,10.4424469141679,133.086944138538,0.251818974830958,269.61115996118946,33.03770746232991,0.296
-88.7038403759057,240.48700290452157,33.05691584105648,11.13453839319397,234.68018279412954,0.21352016835727847,165.79795766600927,34.74304407129076,0.108
-89.79676913383649,63.60563310346987,-132.80145129845982,22.90979027619465,248.73129511626664,0.3634464146681814,179.60182006116685,57.28389263762833,0.075
-88.47757405516022,208.88227159169102,-577.8119622017164,28.62777289179469,70.89201273614194,1.1853720694295187,0.0,61.003594975227756,0.934
-89.29658508900388,325.45259512364134,-1140.2513258904914,25.010966934656217,63.14941873616456,0.8555381184813402,0.0,60.832150710730915,0.751
-89.89974408329148,115.2652202742379,-1181.9996894036483,1.3363692461518095,140.6279361632072,0.25125960953876747,318.05556730132446,13.886883162145253,0.18
-88.92885463544927,241.29143137596932,-588.9601821093921,11.330411096847543,225.33430680341436,0.16240212923650219,258.4867609378765,38.36062354812006,0.286
-89.81098137379756,67.64529196742994,-1513.336487603226,14.775246844762952,139.28904753864265,0.28384545643332515,280.39409305608245,43.24670132513934,0.198
-89.3752778401403,224.9263435387411,-2706.016601173971,9.40322036492471,239.37261819023777,0.1855970578809884,165.96238440374307,34.835742527770414,0.109
-88.55674467383415,121.12212665430366,-806.3967567176321,15.878575434155957,203.42905305597958,0.14414653965285856,285.2678874445431,36.74112391096204,0.253
-89.78088971891846,76.03497309166261,-2104.854903947977,20.205768116689473,235.59789083368725,0.12595881141933385,251.2449532479024,45.4314342913087,0.092
-88.3052568645236,112.74553825330865,-1969.7129825523077,22.028097519551405,187.5613796151805,0.17250920073923262,155.73022631157255,55.69669339326574,0.094
-89.89274214694869,64.38278466280777,-1199.8208416033697,28.85870152221523,92.9132146415201,0.6192750889556836,0.0,73.3816629736286,0.969
-89.43103464851639,324.6897988216378,-1276.0999020427757,8.705588952751654,196.72413409207905,0.3513997667127229,228.21490235371434,26.40900829283975,0.083
-88.49228229331106,142.9872790741664,-2329.6604850525046,1.6403316483931398,226.36736388533154,0.3585162537945765,298.6155048649114,9.579215612490025,0.086
-89.29908671551432,88.30054979077224,-1067.6067486934878,15.582345940144528,227.02051356602334,0.18104448211298313,231.40319170184125,33.157355873258304,0.096
-89.70640446267458,161.42682276573584,-427.0882713111612,30.838110311848023,63.055984043947205,1.0801911411595502,0.0,73.49136695202203,0.785
-89.21555555427919,115.3930200503384,-2102.6732562126263,7.230241400459409,198.55107090616812,0.1691062179744789,135.31984615944958,23.89591373147742,0.177
-89.3862527558694,267.9909313727973,-182.0133353209926,18.868469770637194,239.0626288696962,0.2868286341904721,236.53865644263942,45.5672079371215,0.073
-88.29884738589494,349.63916827877796,-2448.1366601039554,18.957457924726427,240.18130775509573,0.3661632979125091,106.28875051496294,52.44086602991877,0.195
-89.30463895658824,157.69211641115285,493.85931549676275,13.91442047344609,202.99496974532542,0.11226810478062442,149.3483981345285,37.394867832504964,0.049
-88.4010283036256,309.97202399000656,-1529.0083443867866,12.069247210437144,111.08559894424289,0.3955677003176219,170.25662615092767,34.142928852000125,0.28
-88.20544292485961,203.71070648146303,-1083.506402538487,2.765707942786074,124.61757006555175,0.34812636323753354,218.15251777433673,20.03078449852872,0.018
-89.0757469028046,56.604839433924056,-2713.6268579885364,10.816620724205773,230.11195444841826,0.3284986348881096,305.0431643560241,42.58692034521833,0.273
-88.17110802667665,248.62418714928296,-1249.7088531754468,0.881492933359711,121.8599762919122,0.30740886811353735,216.6636251416231,9.540673510214948,0.169
-89.18309569746994,184.83641896529525,-1017.2142578254466,8.096958508883008,139.8926853197093,0.33108216667416357,240.29679987709852,21.812718145336298,0.216
-88.0682510086688,234.21834837075724,-1268.9296832795956,22.97422687422707,142.27653523103126,0.39837860681216386,331.0135901703276,51.00315890055778,0.097
-89.73034990340142,320.2874685257994,-1650.464861641899,10.968719376486243,194.03286776918668,0.33105738913376226,289.13311612551524,34.321559611890954,0.06
-88.59466339364384,158.55644543617657,-1957.251614822252,6.8097428108185145,190.72859170372698,0.20548023540049812,112.55084705385116,18.16689068478246,0.285
-88.96175332313184,324.42394435824804,-295.5787043701513,3.0901455804656948,150.51845327885604,0.284176555880051,144.1156476803892,14.3141794073482,0.138
-89.16346726963427,270.24084514139577,-1175.3542920016398,18.568058285094803,139.065591179582,0.20107690484795077,109.5543780328168,45.70971666874519,0.149
-88.69784743037766,175.8977733160745,32.60190121341793,25.58357166430605,84.9492346057634,0.8709846163606425,0.0,68.94913878197067,0.813
-88.56267152589477,217.15996883686694,-1621.1858838359385,22.634357218674594,240.96386178483667,0.3700419198477102,184.71370049698692,61.23301552950035,0.107
-89.89170978766442,117.20920770684413,-1547.8357546977736,18.06149699758469,117.39279518830142,0.2702860682388486,281.9646259665634,38.439418014903275,0.039
-89.58278913138032,354.0950279059587,-547.5246043230696,2.756127463829401,128.6452647786808,0.33438212634803477,161.08822319264684,23.43637621675182,0.18
-88.5452125037948,240.24641869814255,-2498.3799696028514,8.483257571562286,199.90295841879905,0.37290608289152927,198.0715656178844,20.885759046324978,0.171
-88.63386771420141,15.784866898786763,-2170.7706881223385,31.47304228889675,91.02007449292526,0.9362720181603926,0.0,73.74753961494378,0.928
-88.06450974025552,117.58388606928315,-322.01202291746915,23.21950491915225,220.76641362869594,0.2738445570786414,247.57663758557348,52.26629190445661,0.287
-88.45402819852352,224.3931961532607,-2137.547143378556,3.375032182347251,210.7556414315765,0.24451489577576452,323.2297517912594,14.808541321646063,0.099
-88.09353185531046,20.27998000772633,-2655.2408122420384,11.444094768007286,234.23991362973288,0.3314774064528825,345.8068208576475,27.986144809286813,0.219
-88.56517304708387,8.598308874891396,294.8217504584727,15.630984326610388,140.4288431399138,0.21372475640014862,251.15274108197036,49.63958125602293,0.136
-89.33370080358506,162.00872623000893,-2315.0541182993643,4.378415369737801,125.0207325088726,0.31269389191245756,226.26761995966015,18.056353025242892,0.237
-89.69980664772338,119.7684646893612,-1052.7044813374644,11.092040214088488,196.15081581279156,0.22089792670352137,270.46892125829976,33.3120295227793,0.058
-88.41453465964463,157.78749889193972,-1144.731845820583,12.988240450164318,225.11862481328052,0.13332245939335127,267.0078118555056,30.615099810357265,0.155
-88.67611647919576,94.56959155680185,-3448.502653294467,4.122417423795607,191.48610098728025,0.13213642948249518,230.98646566896906,11.169510481254619,0.032
-89.80844657645274,59.29838889947313,-1413.853618534247,4.161582609153159,244.81964824424688,0.1357168973659562,284.239074704374,16.10244285183482,0.173
-89.21590411478815,248.09160851292157,-841.2694004167124,8.45319640069242,221.3790245948505,0.10975596277964854,222.81785074622664,29.513693143936653,0.059
-88.08208035057986,185.24560185640817,-916.5524947849115,10.663240853451882,208.11085212729654,0.25989195147903166,349.11460656301153,30.719220949823026,0.288
-88.94923782315063,72.05551604977205,-477.1834529571987,11.909172059043136,118.4360207220427,0.30157080459512053,112.2493258617265,38.69104160009421,0.171
-89.07781464156257,115.05219345359939,-1509.9930519243471,3.160101010779986,125.0839134224355,0.13801852054770689,210.80390544185468,16.941056475074497,0.164
-89.03037075019735,213.05084675879732,-629.9964463262714,9.797904703659226,219.8772685627672,0.2835574000664836,199.25608597639552,29.628135487883178,0.292
-89.50312282439019,26.002565378092022,-1751.4632544640576,5.574233704027552,137.7533095807841,0.2793220234773736,292.575989236718,23.824030836017673,0.155
-89.19945637535689,53.08308333582464,-2328.37393313022,15.110390653680781,114.03692465105868,0.14412821541905874,147.7063391018538,40.722278964747986,0.206
-89.19735481362437,26.36841747866044,-2238.182700544986,16.562754133411573,237.50649600457507,0.221224779988379,208.51887450193152,47.84565429049838,0.024
-89.8005254616438,292.4342397770828,-2369.6883641563318,9.105099195663804,234.71275231817276,0.3265407129312953,274.4861341637527,30.986252330160582,0.215
-88.44162150581596,270.86732395632333,-392.33122568704493,21.191861536769533,140.58773581240885,0.10502680766560346,250.7979665792028,56.93854768265628,0.04
-89.10864157938263,271.19265547653254,-2411.6588072468453,1.4065931272517354,219.22887613021365,0.14408436516951648,236.2804578691546,16.395470000204984,0.236
-88.3378582150488,257.8771236513701,-980.7689274805574,19.164302036574,116.71715256963171,0.3987485122974235,208.73878310145682,55.12995713024908,0.264
-88.2843387978722,240.9787525211529,-1412.7393552579465,23.55732712120892,149.90812053525684,0.32006346914471795,288.00220006098976,61.25932501908571,0.101
-89.49721129607255,171.717089536143,-1282.1188587605052,21.07899952497388,197.3133671559275,0.23923908376577677,261.60628197756773,60.89597674865805,0.265
-88.65102838387676,231.22013886256138,-109.11416384024005,10.486370964242576,216.84505946217396,0.2889404236274876,318.6777563365034,28.266814508946613,0.15
-89.00266457209034,13.810159723670875,-1550.7418937722186,16.75773427628275,111.45588643034654,0.3538662911795424,283.2497216124609,47.6893893103977,0.176
-88.22770219794918,223.72719215644244,-710.7187507602534,10.817915544290539,155.66920585832418,0.3526913756660911,135.10189111243682,24.732247190554887,0.129
-89.49009270956473,280.0359739932758,-1169.9493188951105,11.928287890186732,140.00837840891435,0.19741043063836217,254.88451044115521,38.591941004346346,0.148
-88.61215491941091,180.12900973838046,-1321.6151245061583,12.825439859108386,249.8292568048213,0.24738742676356726,111.13460830679256,35.93310262035067,0.273
-88.74527096771983,128.7047982338053,639.9752995091787,31.248383620798656,84.99338581497423,0.9155601088036864,0.0,77.1807701949586,0.89
-89.33892719261353,99.87362452835248,-2353.0733965722957,14.860158076346249,166.79400340316414,0.12156907495438123,202.98442668044402,48.117871387265986,0.139
-89.64045828306277,231.40873805834968,-168.69453165004415,3.5097656791796474,120.5913642772959,0.3837389798172257,313.72072585845046,21.025014940591475,0.159
-88.66188445509317,249.40843150676716,-674.8747476080223,26.653794274985184,94.62469199690184,1.0143662137443699,0.0,61.243860538960135,0.856
-88.49666482954858,313.5483359505153,-1583.6199957054273,5.956132206423167,199.838205931049,0.21125869817737808,260.88537623082135,16.47240405756657,0.104
-89.30030804684964,123.24026968595666,103.45481395328966,0.291710335183172,224.2968298504389,0.37213010843494776,148.0967556464096,13.263474947027223,0.159
-88.67481805235761,277.1180306588108,-2678.4880899108293,10.994555236698986,150.40075940871088,0.13548599462593142,337.1675377994486,30.559425270630953,0.069
-89.14925127553815,202.08809670816166,-1617.4133258392574,30.01045196539334,70.53616989028593,0.9674099454888313,0.0,73.33889940407398,0.956
-88.54490692176303,317.8211366441085,-2166.785763415261,15.323463714720035,171.52520350395292,0.3055007236900822,277.0534412071196,38.113224615196906,0.209
-89.5214909777013,190.01235898642346,-870.3332281028319,18.59401789848495,151.4321256523291,0.21550089043153126,261.63634761925175,42.540646511145994,0.198
-88.20859149499127,186.3467382232682,-2090.451280949742,15.010012339184758,158.7829067602041,0.32934274264903174,175.90963099247227,38.81132560869089,0.138
-89.3539217667154,208.03574931872728,-853.5488426069447,17.737677611445847,182.74204741539734,0.12056338345802667,325.29944010578174,47.980116104985946,0.233
-89.20120662326332,269.7535278512764,-1349.1491326572432,12.780777138959895,241.13821903099782,0.21512714306061592,256.8121671789158,36.172547800887244,0.103
-89.78962529104734,347.28857237824593,-1583.4831541248675,14.709213427074413,212.92223170871608,0.17059756361383369,227.5795048493854,35.35299823061287,0.146
-89.68812679658959,26.482807517675635,-889.0822031733516,13.076034362229507,190.79535092492952,0.3218819598839792,232.09017336239216,45.15463929092701,0.088
-88.91986238484658,19.23645686076618,-1414.8972991504513,5.914081944307215,132.79345431718065,0.16815103312821145,322.67263103555103,21.134449385948944,0.185
-89.39157391421686,337.51812146664184,-2070.907874447231,11.533752347853309,130.90946352472204,0.23738360043230647,114.77986820856752,21.75838386214021,0.138
-88.31258757108984,190.75522518655418,1041.098391707983,14.735945732616777,180.30756793389895,0.3456632653410136,197.2655230227718,44.13337840305754,0.073
-89.87208256155559,221.36508524409697,-1589.7337464233156,13.105491195521308,212.01921864423088,0.3746171606393409,310.4068819547532,36.155462873008744,0.099
-89.17972130752332,173.67249657410238,-2974.087264121612,2.7777210775331707,215.1417041857154,0.3167817380997333,109.37881173142397,14.70283228468896,0.091
-89.25904346113873,33.716682938690816,-1873.6789517771108,1.4498666860840927,141.62801374267616,0.22876852345988613,259.7953048305339,11.947761838889134,0.274
-89.86327750125656,276.51217623071994,-2213.8213506981842,22.828414339163913,124.01393179861546,0.27159576242281996,200.81604578496675,54.73301401652258,0.161
-89.66370004189903,269.00087223189126,-539.0835071675875,8.930059541165981,163.82453849553053,0.30690698414574824,151.14586762550752,36.20500228461784,0.199
-89.1140789176546,112.21319573741232,-942.6778723267312,17.847253470359405,238.5441560541704,0.36247978797223546,252.85121681425144,48.017167615926674,0.281
-88.96355728954985,110.24612828222415,-881.0297585677247,1.0788009027760364,186.3514153737135,0.3665721954280876,307.76525074886746,13.459491100751178,0.063
-89.13184948021575,301.62289712598664,-1496.0179726697954,2.7314587664653,154.81396735644842,0.3792908474465042,216.83488858656563,14.149222416076865,0.282
-88.89121841101702,26.048612786877584,-1423.4801976455371,3.5640338746828704,155.30927356747702,0.34321332967221474,136.68434735525375,25.77043688391297,0.166
-88.76924981767921,317.1978534083637,-1496.7448828861345,9.774349292285867,128.4921863311059,0.14403938078250006,176.53780495549069,33.763351399117525,0.258
-89.88114473985712,92.39820836252919,-1264.9545473083758,5.348597007155877,176.2513230548621,0.32429186001587296,345.3383125122543,25.64246410198849,0.059
-89.01821919703835,213.4745091919778,-531.7332517081318,24.93933523105714,220.7907749920774,0.34437771206896534,127.77297168096437,61.26951032053977,0.089
-88.06935144231358,336.95790444064,-931.1396699957229,13.795233015374615,245.59821681382778,0.3633614283029152,140.17875504641188,42.5901536427007,0.066
-88.91383866775386,244.1241005531927,-799.9097363033067,30.489386185618585,87.2721309438938,1.1576208540013988,0.0,72.9446935309144,0.786
-88.61266969182799,149.19473248813318,-800.3528734006378,16.044081540714174,133.41008821797638,0.25274794405553425,320.52535592197944,40.23171689235291,0.051
-89.30745866995792,248.23231520594945,-492.44605009460975,12.12550817919811,205.61305597240104,0.29652780853729316,276.7821861839368,36.09809543964559,0.24
-88.42941638150975,123.83266907389327,-969.4799667677963,22.560416064585546,215.95078798434133,0.10286583298509072,137.74581336525853,65.60625988520523,0.083
-88.43144918443538,99.81302988570701,-912.9215418568649,3.095516224699548,120.03796491923431,0.27183507030773024,160.13728746290343,17.210124118947775,0.084
-88.90953750945714,358.8059800564847,-248.95500704547476,14.305336672113391,229.01947814837203,0.2419595143221819,145.04555101632573,44.961521982027676,0.092
-88.0455737357695,270.2844832247236,-1732.0367344024896,4.253159423361551,226.10513459942004,0.38869181340843983,257.73871375264895,24.46321743979245,0.226
-89.66145459195096,232.09919185745434,-1884.5940639612058,33.42711034464186,51.76869846014856,0.7646978660719181,0.0,79.66856907027822,0.908
-89.8677994367098,127.90427155895476,-2148.7372793494847,26.395979274301354,91.41082996373403,1.1223852224489788,0.0,71.07583039621755,0.989
-88.43669939766151,17.697898495817338,-1053.6683491037952,4.581793582982418,209.87712891952867,0.11709825535608002,172.82307568162602,8.298964326171287,0.039
-88.36640447900672,11.18047537265602,-2682.985792975299,10.726423318788882,204.7447375088003,0.220608652685,315.16330651616283,22.270957700974094,0.086
-89.67160626467091,199.50525196156758,-830.2767231522581,14.445980696492175,112.31503694704926,0.30881266665836804,299.010583353666,47.53109409343293,0.205
-89.39539261737865,274.3317795740584,-1287.3544756004421,20.634140715616105,127.14094253878801,0.10889822306928432,260.75295099230357,48.03115114400145,0.189
-89.86665050960342,193.45650855978784,-292.28824014315455,12.291519123250128,132.7626778093744,0.17074413752584036,121.38587854853488,35.141898606158634,0.112
-89.34271363951693,302.68262589808126,-1737.5338483719925,1.7510510061913322,215.79462447009382,0.3662521570354387,320.69770478488715,22.25499312278651,0.26
-88.43103043955452,12.033551913559787,-1362.6546283340053,4.824413607999471,171.6116988049332,0.13893423018982728,233.62945218706372,20.6470783720146,0.048
-88.91587499734611,132.03074751333844,-302.23733336530495,11.955182036232086,186.3703676941555,0.11541205130159327,223.64400250751174,42.35840791260706,0.195
-89.23861837298026,85.3453408227041,-93.49148257747811,24.34456978764691,218.1762411653678,0.2741757268854008,333.51589424555596,56.74794116151053,0.089
-89.19369533967797,161.01826853656394,-1744.121892601456,16.278378605360437,157.7375176689727,0.3839393846283341,102.21100673126928,45.636228885086155,0.163
-89.89742811114061,26.05550154988409,-1054.575013930272,4.265850733849842,214.84463182462824,0.35038742197259165,238.9743017086933,18.822377507999462,0.122
-89.33037899762606,343.48739096558614,-964.4648178527615,18.4837277770979,171.92189844813834,0.3924317514162867,297.81109779717656,54.420623593765356,0.294
-88.67172839088794,80.37194438496994,-901.0772755030814,8.130151611218402,162.80522628838892,0.3260569461088748,115.92261866387854,24.952227287758703,0.151
-88.04903055674892,332.03079917409053,-1410.0605274524978,20.904080051868412,156.62521696766362,0.23121093222537148,189.29301685371732,46.986643346416294,0.293
-88.2905844287306,153.32153581320546,-174.89328150109213,37.27010418328605,75.76876430954384,0.726538185533458,0.0,82.2021132977877,0.787
-89.8551695671735,354.7886879718785,-2711.7627868972363,8.411736290564505,218.07627749925703,0.22798998353599356,152.94651291416193,24.707209460233532,0.233
-88.1927348511178,199.46101804567587,-1536.9041878408673,20.01605159726371,112.82743170829411,0.20502838490327333,232.7948583514888,46.79635300159394,0.218
-88.41192301473261,335.0998311032907,-841.6554137816424,4.546066679622703,244.03816811254825,0.23445877533023018,286.51725650863875,15.648518131435242,0.256
-88.41728536521514,1.9256359299202241,-834.2201504405252,10.877362328087024,218.56154816173427,0.34419218631473936,197.5934631267339,37.36331103564518,0.211
-89.02980805789322,269.36597022512404,-117.7927755081896,12.295622868721013,130.88446002359578,0.3753080649546665,201.968311664434,41.63034328488961,0.208
-89.14378994338645,325.0982351169055,-241.41968543897042,10.063163399556194,120.6873375575844,0.2073046329879027,115.81708802581736,32.08596428072513,0.202
-89.32446011521694,50.29940411242347,-1428.433300245779,36.63013688775024,42.628531612856676,0.638446495875808,0.0,80.0236260669548,0.881
-89.77517976798671,34.605306623574535,-160.10300517551627,8.934069253216176,197.38541410844863,0.3694981969913149,320.15230637889704,24.947985959123848,0.076
-89.46635280936198,152.846138586944,-1771.233395021964,17.86851538784868,196.31653648092544,0.11411309935860069,304.57941010418773,35.37247428428184,0.019
-89.43145309354176,336.1244062078566,-455.29009376653005,7.3008686932343245,148.61901752089085,0.3351606082341555,176.1596305657671,26.500165943195192,0.207
-88.98025356755062,195.25916166855794,248.41798273679456,16.319965633696103,172.3944970120385,0.23626532747030174,195.42782474523054,39.22628017141165,0.06
-88.47985562746628,189.88432693982358,-228.04471451602467,23.420545923522468,139.66462179992297,0.2129555053149014,210.1026059055115,64.19659361709759,0.207
-88.99976132604391,50.80540258775587,-1115.3836931807014,6.724026574209491,117.08101592334324,0.23407638755105173,186.48590706856737,16.557483641145485,0.103
-89.7900955460504,0.28422399355876315,-1465.4230174176978,13.102221410404127,182.375865439763,0.22560720265047396,263.47792604510647,33.242680658065865,0.023
-88.08019937812242,291.650432668366,-2422.873037007429,11.613482311726749,158.57875879528532,0.3269855854563418,103.20710771790708,32.74915627710145,0.233
-88.10882379372119,31.52684267504576,-951.5682896686368,12.17183850385528,186.0035405217102,0.3783842566732467,320.0420139803748,36.669824773127985,0.025
-88.40813986801803,228.18593474471663,-2092.1737823767353,19.24075050744304,242.51102514586324,0.2474367476339736,175.1622733881548,57.496229329079654,0.075
-88.01647698702799,329.2619236254689,-1834.5077308911495,32.10903035413434,61.456406251184745,0.891389119502396,0.0,67.36590620229464,0.796
-88.8654835676795,75.11468873703517,-2152.5966405893373,8.199463493996932,110.27468256353374,0.31958336071367166,213.59645440582182,24.88923705861218,0.048
-88.07074013451891,239.4982210452879,-1568.3138661253242,3.437118763397196,120.76294985949752,0.19920423566694306,294.08274792669465,9.733392123221854,0.275
-89.75635042282818,28.331487614703406,-1222.3755315895858,0.33082198628556725,174.77916145422807,0.2761941443579643,306.4449597279115,14.611401925790348,0.19
-89.2052065783034,217.35185178154066,-981.1083350674359,13.980786170315994,208.97048417232529,0.3000447025047084,175.3222059078082,34.72710143743005,0.264
-89.47177559078715,59.01541954315299,-1680.4053083311705,16.79354258818502,191.30690446440644,0.10704981156713891,260.08120227922564,43.07056657774908,0.208
-89.5279171401449,264.9432817854641,-344.57303488385344,6.543446056374155,179.28524503232458,0.21878666536727212,251.85349399434796,22.2255744215132,0.298
-89.63247439710392,108.44326612580696,-1366.5642063919727,19.786827457257896,159.55483835293774,0.3977914527542371,219.00352547921614,50.15508960626227,0.162
-88.71741408102461,166.82076316967263,-1830.1779466124153,16.653840768191756,153.39638401441013,0.29117692812102813,217.3921692243178,42.52632980974378,0.026
-88.41548847408012,215.7949951299438,-1018.9661862052509,12.432316896448903,162.68006451469722,0.20027322078753285,176.3008175844286,30.006223612842486,0.057
-88.80123304110131,61.65842783984625,370.84226683505267,2.9758527925587455,195.62889356127,0.17500721182021836,177.5476279019905,16.376205462023538,0.181
-89.62077085178241,266.98961470234354,-931.8715467719057,7.181356845152769,133.48555382117507,0.16284448063022688,237.03790206800872,20.390777814075463,0.111
-88.3588648371264,108.95052262925324,-1490.2845018988858,12.29755297682545,217.9906916276476,0.22049242268956226,108.06765449733696,38.667921963919966,0.043
-88.69168605638892,238.45386956859124,-2421.969084894963,14.357870641980337,190.53545361303543,0.15797970718228288,333.41609549368053,39.00280908756103,0.079
-89.1624851583587,56.98189825177452,-1375.5298567776563,12.263412887474352,147.68189286559988,0.14055585461605846,262.4948307424454,29.3281118761885,0.148
-88.61915243848148,247.72235731428609,-1012.0574999295076,13.884789910894865,180.16141479357972,0.2092189853280877,210.8608849574702,49.80395815321286,0.16
-89.40618053943862,46.14770621176623,-1510.064713004456,17.043190155645604,244.7890162759233,0.28209990779373806,115.45150053347311,52.380639671084246,0.281
-89.244134803861,153.1283386571941,-2532.3077105927996,15.85821486432223,112.86881408032717,0.1439197546258385,257.5031275307675,53.93379290281423,0.036
-88.15677689804922,88.99418654599566,-1880.4523116027472,10.896168193539648,137.93316972617208,0.11330298215885803,104.43566568604126,30.077859842365328,0.114
-89.3480414392243,269.41508979414573,-36.36923128979379,12.486680431627525,172.77323358645893,0.11038984541910747,269.96679877300437,30.79743049295373,0.157
-89.00702229049992,94.33260162247484,-52.79919701563131,2.043164166961695,199.38156104917593,0.1802152757307905,118.13111188099556,18.11882414974441,0.043
-88.20873183894757,317.41823030234264,-1909.3113353636786,6.1627935431057415,139.71195727996792,0.1570396871548905,264.02554743995336,27.86572764121454,0.209
-88.5553294344917,321.05527610638063,-661.7945702404625,12.504710536834613,240.39655277266746,0.2617766080870457,201.47194158761215,35.993057296480345,0.159
-89.78181387028707,70.7188734802029,-2142.858227816139,4.641464240876394,199.9600817394499,0.23671605611526986,265.6571237124492,8.764226986302367,0.143
-89.62012421586996,220.98454020278075,-76.54697440403811,20.601507958725463,232.84047285390028,0.1974299843017056,134.6243313933265,46.29749305150838,0.2
-89.88510097753337,31.578351019187156,-1003.8113216846109,5.413679190449695,156.1045102350446,0.35006285024528827,129.3457273019402,22.9398816089197,0.093
-88.70124859856459,140.9533558565865,-440.28680110677294,14.163054112483163,226.05355080292816,0.251484097898958,161.8560102524691,35.02524165570854,0.108
-89.04942049172021,256.795822620458,-2572.074677746031,13.16565656815336,162.95069036592247,0.12745899762522978,202.87782955581284,29.50626191867069,0.057
-89.64487778328568,237.39236886596984,-657.8903184600895,19.462775936104098,145.3852481445687,0.1887293062221086,163.25773796999238,47.63727367312079,0.162
-88.07992516999214,224.89224098637885,-1206.1392509476027,21.00791174028302,237.63174748293102,0.39200177985897755,120.50384609409755,35.782631575015635,0.118
-88.89364652450332,101.71471091847968,-518.456743367326,18.940326109679393,122.91058659503963,0.39309319622740435,181.2570245766652,44.86412428121685,0.085
-89.44040274118551,136.08898179638473,-468.1057615217203,9.060062013831335,242.0044314478966,0.1764014906641358,276.44022503244196,25.990007561616267,0.046
-88.94885321480606,37.06061209210303,-1147.3722484202005,23.941481480131266,174.1921288214648,0.1501708386384742,245.77152604595415,59.4349476115937,0.017
-88.6087213678033,258.8482153560964,-1680.6637112767316,27.27308224194598,46.099033778429416,0.8377700136404772,0.0,67.28427023854013,0.982
-89.75514548585024,181.39996684485845,-576.2430542564045,7.178757156785306,185.54325152290403,0.24443947545005398,208.98041524763715,26.24606339311051,0.082
-89.378062751409,255.15562764443564,-1248.1235995241022,14.366469126728498,216.04834409152244,0.22304130618070517,183.20058878449464,43.219182418257475,0.151
-88.36676556732041,89.6196689268742,-1898.227962822114,3.0916831986921807,110.98994228732056,0.25880716824818595,273.4198819231834,15.343470591719628,0.08
-89.02663674623494,116.79776230862385,-1936.1217851661486,7.483785067321513,179.53335479442313,0.16965861355546025,202.98969736574986,17.689629861830948,0.247
-88.86150343013864,120.31752141364127,-2381.731533049905,4.612847344576137,213.24348602653612,0.13447880246310617,254.57731718330655,19.44666725401899,0.147
-89.07764959580201,9.267267508997833,-1608.2329276504506,6.598609605363897,219.59578279418287,0.27113843754293054,336.5718201415909,18.81971627637943,0.191
-89.81659010897829,122.77723421902448,-317.8463631404974,8.451492686481846,132.12680156422374,0.3797793990347126,224.7973071348061,20.118550102024827,0.07
-89.5850754183417,289.1896464664921,-1057.7361602356525,2.4108590999401205,168.65593305358902,0.1413247829860894,224.54375147283235,17.716800593053854,0.131
-89.05347088639041,323.02745846990587,-1623.8141647384325,4.665748331827611,168.67007413670743,0.3114444172694387,293.7916308568239,12.267082587757084,0.185
-89.50254761572494,186.5585936289339,-556.1152494559362,11.889936783715923,124.50971318986782,0.23136900621411552,289.01916379575016,37.18092120828477,0.1
-89.80503984554662,163.98061027891927,-1865.9812973787111,4.29773016889858,172.02637107680533,0.18819297691864123,229.05786159769937,12.134666684684015,0.107
-88.29706563830153,11.096862731773292,-1123.719780533777,17.43524332550028,222.99301421744076,0.3559327655177278,116.18008722419762,43.41775808952984,0.244
-88.03573419458819,316.5135615307378,-1343.7042981804123,18.816606513974396,152.02530326665817,0.2369475083611546,345.19674846365785,44.81309937082531,0.253
-88.3930285394062,4.683676833314179,-576.6954995293182,35.803877461644895,67.6363929954093,1.1628220843954327,0.0,87.29222990785777,0.882
-88.27780864876114,340.1100288756762,-2461.7826967356004,23.25679932123462,244.53421590869996,0.23291688608197883,179.1766041121873,59.48528168615419,0.27
-89.44024345239762,176.11784952771265,-1880.1581966517247,14.431030583284144,114.43913062481872,0.12437487450086587,345.38670832103685,34.740836402627785,0.224
-88.07480874652492,123.09641768690157,-2510.5965272756266,5.797357033323213,192.8130475053498,0.2784714060700558,318.0338042234933,20.806738326503066,0.026
-89.5258411615385,332.7186365433576,-1407.677377447416,14.937473516739988,214.08105284886807,0.2256522925114364,182.5541604593733,46.522009668261184,0.172
-88.09228336031252,8.780757519634825,-230.8579970940557,15.265959599163562,216.52354076436498,0.12602698182028893,177.077263938242,47.997017219771536,0.212
-88.00984334146469,209.31296215287136,-1604.3577677228218,6.866869109943392,210.2313234837662,0.2787435203256925,280.2385356585273,16.889691037603782,0.167
-88.54772666908251,197.61570881976155,-1608.5471505565206,19.837313967528775,211.7032020855811,0.10296127961176826,183.57897562376962,56.25561163113426,0.251
-88.03582690959554,78.95534443609755,-502.6204606526909,1.9809801468187533,118.26177319422698,0.1625561164763777,162.85799079110126,20.160199935319802,0.097
-88.81787441882251,154.3994752860758,-345.1603532357602,9.556001644624894,184.77912667908657,0.3343208610715638,344.9177117318156,30.00506927641081,0.029
-89.40687061196543,234.81504213975728,-1270.8568538150319,17.558584593174068,219.61567003201583,0.11137822745762034,241.42755944597502,44.66336882205123,0.194
-89.06970781723533,261.7672308774939,-652.2281167600862,9.12415852407903,123.16910686522614,0.29400462941654165,290.624405313736,25.496138790511367,0.222
-88.77223422278031,0.25806913436872136,-2061.563632702357,9.932455965707288,111.68698913416151,0.3849120838621972,278.2637399229727,23.597892653590527,0.232
-89.76114503214868,337.2672348327655,-97.62053285966886,10.622141388077196,224.03865642395215,0.15135773745190204,288.8814986625282,32.93899825585078,0.013
-88.71754779722724,59.229134061412466,518.9650351496412,3.643987593122544,209.7212142593085,0.22513355806287239,325.8474940458858,16.43769164259769,0.205
-88.03576211015164,84.0889563200493,-783.0273670490201,23.73900931574208,167.70889836802195,0.2726493092112995,225.19208322346006,59.65262105787829,0.016
-89.53879546541093,94.85044044978537,-2867.4652970742404,1.8196232807718502,241.65550056038407,0.2351247516201533,288.34454481538364,15.933300162440313,0.235
-88.39406927905208,13.615249158732713,-1646.5842099182273,15.181593274098852,217.32373325120597,0.2861133058545302,299.20345858076786,52.952695517476805,0.214
-88.17499229181873,44.298764492516966,-709.739742664543,16.136478982823736,245.50053182492084,0.22122925755009948,336.59614637400523,48.256376337345756,0.175
-88.10696697364158,355.0859722598983,-1537.1863977330902,2.513780987910332,240.1041363366454,0.14455123870657616,278.27417576316856,17.762145219171416,0.157
-88.07574235162966,113.47802545582299,-182.24115659992196,12.731042543807433,177.38110441710302,0.1267133079473367,323.1539498462198,24.777276669722312,0.217
-88.90922668642921,41.50839252205776,-729.4741884513078,2.9036782725529786,215.65925701009922,0.3233329468531434,123.75952504999046,17.768903629543487,0.027
-88.04311497481615,38.51685402286439,-1765.1804006126372,25.910424750559454,57.34944563450438,0.8756624960769475,0.0,69.7321872460728,0.928
-88.46111060644456,259.0055883611899,-1174.1881513829978,0.6121706302378698,223.6023294129488,0.35423509383001706,139.58654737758565,9.089539307893178,0.068
-89.59282427114978,307.6447190517507,-1915.0665765112722,5.461029057680356,220.27637631513886,0.3229081731465522,136.20326801085963,31.875463136417075,0.149
-88.99388979771086,92.50282782304916,-1346.0679027299534,0.24225008355580613,131.45247580465175,0.11483595530270851,121.87970310033596,13.203822146282372,0.151
-88.5351707667932,7.527424440684589,-1643.6745923460414,1.57698726867552,142.72297445319649,0.16036333511912057,130.64344644656694,14.626749432892009,0.235
-89.43005339994374,80.31240664032809,-260.1905598135694,27.912152908822932,79.75950552449255,0.6951978265367585,0.0,60.87045669787531,0.812
-88.68283115125712,20.34564868683264,492.80964546479595,17.42774673912562,224.58979829038148,0.2783446746478121,168.046257387614,52.3739950704277,0.097
-88.63345908981142,37.222177186814946,-2344.9506665886015,13.402934257005441,223.50383855008644,0.34294810009454174,219.5120267862991,32.6527367710016,0.202
-89.59087048676373,155.34292314515125,-2738.5730289678017,5.434230366530784,179.34694857152192,0.11809997654752695,305.4038423838625,18.04659251877198,0.13
-88.82633790633976,82.77061351018773,-1396.1379374811086,21.076118110467682,191.31651629526897,0.1748826855639433,129.57616852197123,42.746851197014976,0.097
-88.43390886914065,185.7405162691524,-2414.732559062946,3.7577756063254704,225.769101415576,0.2128629287139163,179.34125157719342,21.996320438247196,0.19
-88.95209823738172,91.25775117258853,-1163.0307170632664,19.93639294330103,153.76310409488406,0.1550131463764499,139.82150505439898,52.8111116808426,0.035
-89.8770040781254,338.59342839706113,-600.8511089552586,3.2748872339436375,117.02502876829087,0.26358762925190476,115.63902900685169,16.60078510565458,0.239
-89.88282690874935,326.1398284534552,-4.6864821865399335,5.554922981243282,177.5635013590834,0.24340074380749313,340.1883451576271,24.811070595172342,0.162
-89.22164424645698,204.05019780376776,-1038.8843530277752,19.58282386117921,237.92040013881405,0.19494869261534797,314.58945900455075,52.395597931023445,0.07
-88.14023126997961,127.59263711545901,-1354.5241798796633,20.638273441557672,220.6655565344102,0.25506606607610705,319.82449871756444,49.44896325152112,0.128
-89.46551411875315,137.2128775325048,-2782.707933258467,17.974729338967613,161.326422435188,0.2067464693053342,317.1700332830943,42.02527280146933,0.048
-88.6947089911438,148.2668219320189,-1179.0518806513612,1.5032588424320519,119.06799046759714,0.20295822024018723,138.64170855636542,4.430156359800542,0.189
-89.47805584568269,261.9285559685799,-1142.9701915604307,7.532731342771712,199.16873075355142,0.17961865760709778,296.2492240585264,24.177080978031576,0.204
-89.28882701964686,162.59003838678166,-688.8345486298037,13.568987411985134,226.8287114218728,0.2621313802943165,281.9678004418212,30.597228317618658,0.128
-88.28872002975719,308.42278074212305,-1766.7904812232728,3.5071903808990843,203.09279930364937,0.23323461833569809,331.3538401061456,17.82772125827171,0.109
-88.5151632596871,339.8741229349312,-1548.0420801886878,25.70962760129293,82.8682850281165,0.9011344636530831,0.0,60.61716835037626,0.961
-89.7187413731049,120.94061521641619,-2382.401804243347,12.019469439505457,127.26950584506999,0.10388987826945977,203.51109671891362,32.028784914003026,0.177
-89.08546616012578,201.85001329524485,-3033.0342455072523,4.212604846308471,237.5083941792297,0.14527886218387584,173.7321281784702,23.657790489359527,0.203
-89.84457744907401,34.2203532597232,-2086.7976726374263,6.904334971301683,148.6341656054736,0.11285038044956178,164.47945457920008,18.876848932539875,0.047
-88.9863087214543,72.16885719588923,-2456.2606514024133,16.439436647717677,141.4001851090143,0.22947965009152965,263.09542188070947,33.63896093842603,0.217
-88.64137537776797,148.84767601565764,-930.630163663511,1.9622913023619084,224.23673318535157,0.1675290561737075,140.98583744935976,12.797617369437923,0.139
-89.67484501516351,74.23297772464039,-1614.5072453334858,18.252895125420686,247.37079142134,0.2261365997574174,216.2017799082949,42.806074083390506,0.116
-89.35111861607258,315.5617766839383,-1630.5897040598313,12.302836365529638,202.42243622426645,0.19883496201100267,261.66011185669936,35.21351853715948,0.28
-89.14411041154591,56.983052181275305,-1987.5304369401697,27.731360220429025,45.94381124046291,0.7850950301910914,0.0,60.89474018836332,0.921
-88.15289105315351,164.0378957591131,-3786.0523460099466,27.45226445884819,46.9451738276319,0.7481926895591202,0.0,67.00716902704931,0.98
-88.01281547069637,218.05172656555524,6.64859899804037,16.330463786039466,112.85788309591811,0.24379418144015694,341.8415144760828,37.79652429001558,0.119
-89.81466853190834,249.071006937904,-2000.2164182214306,15.132382490007117,136.85170121517936,0.11859041828173927,298.8573329176462,35.346253361216114,0.104
-88.45408494535876,137.90497310154242,-1529.9360558799256,12.659311085789005,191.82026111792007,0.1052531444244724,269.23866907184737,38.400796310929316,0.158
-89.19372427383556,312.87566474090227,-2363.913732231448,14.5508201787949,131.18430465424638,0.16396934988326176,313.99230177532473,38.86938035838327,0.126
-89.15432944616398,204.59489438805318,-422.45572524749286,1.9455951332607526,233.7370129703858,0.22749025336625614,103.4921130347236,7.955853728796767,0.239
-88.46689655064066,158.22280096111865,-1085.2568503701405,13.006755030989341,136.34025629940393,0.1134715085881802,101.51860860002847,31.254431729976638,0.233
-88.15498977892372,24.206628258733183,-1861.0922282126949,18.160257087476715,183.0946234216662,0.19832014145196672,138.4916589939176,44.45644171418744,0.234
-88.09323567044515,167.2882086402594,-1513.7836890752192,14.896698121381407,181.6818544076313,0.3661077123685458,223.81427985444355,34.0785872779238,0.117
-88.80346708652719,295.4649026936629,142.5439376998961,3.0753503228434234,194.55238821815107,0.12700570655565083,242.4934267914633,14.711025864680975,0.128
-89.22146979732905,221.23476655967357,-1258.3755455050227,21.374062824694956,155.84076976052546,0.38455495293087216,128.42213286051532,51.48440769691807,0.219
-88.40365673686831,299.5784833424826,-1345.3868300927247,26.824440287546366,83.46761350138651,1.0738468357997868,0.0,59.06355609545046,0.982
-89.42309737180163,177.84420141575004,-1953.1051889114121,21.379896002913398,172.20221503650976,0.3495343468040617,307.0835327742203,56.00998368007389,0.257
-88.82825934521632,42.646213834013466,-2715.6649203778425,21.89599329590471,208.02150102312038,0.3590975532628873,216.1171203682646,48.69007434562735,0.167
-89.21870092310274,4.910344500917185,-1328.0309388634755,6.407742020447891,199.02752053533845,0.12401507957589494,348.1236064472307,29.043825358203662,0.256
-88.65240095995503,109.15903681869283,-939.6119101403059,22.759341227007994,126.40185163675847,0.14535042819360905,157.33666477825392,54.42626161396206,0.24
-89.44324206550235,251.27656973920529,-320.3324285378644,13.457586393276573,197.1695093783656,0.14031172796832467,261.80027802495704,33.61688050030415,0.119
-89.53597340310384,284.49356541900977,-2998.7972275997245,17.115555285220047,187.09837491735345,0.1333725432254128,301.0970413827514,46.92793778707645,0.039
-88.15534573531667,106.4710204633186,-2100.077061618423,15.654318428247091,235.80456885582683,0.1983133658596688,318.15953900318743,41.480868147179606,0.277
-89.70657300239588,178.43541151796896,-1664.5928724451603,10.78512894559589,233.32272910788646,0.3490650648851582,176.57975386814826,35.3697213748246,0.11
-88.93867997530363,151.60280559626938,-1202.7846788585614,3.3999752487769808,131.1336702376305,0.17558864308936878,148.32009572680403,6.794665999999159,0.118
-89.4803797123703,147.78820236651404,-1316.026953222738,11.178633364459536,121.43592038212508,0.17326650369767801,156.52364332982634,34.9415238706161,0.274
-89.82603306968123,83.28553675205417,-1297.3509485498157,21.86761617482823,151.24291068952164,0.302766627226184,266.6856923841293,51.13884713729524,0.276
-89.8315642452463,49.09359781060501,-873.5231531440444,7.585241946870904,248.12579993580323,0.12907753064101515,230.5824595430471,25.35840529953145,0.086
-89.56707863299893,70.80788096323673,-1922.6344886232873,20.93347262608146,113.02032869688435,0.20808399770857722,249.74784565736965,51.42609517438493,0.036
-88.25313632643861,19.919659378804596,-452.6868462130443,19.37070670617672,204.20491354020277,0.1886278920532663,105.13215449544671,55.474493855541795,0.01
-89.36329038644365,71.32706705648773,-853.2380466404154,9.010626029801697,195.1919227377368,0.3541902592388264,197.74330226760054,18.718770225759684,0.137
-88.09412757590694,3.312323145136604,-1455.8658113024635,25.888001036195767,67.54571964576311,0.9994492333916609,0.0,69.84647468142924,0.835
-88.79491764332053,225.81302422895217,80.7263935111323,8.44453328809294,140.5600245679038,0.29394206923658234,315.9453226861262,30.421287065903925,0.088
-89.07043303943935,113.89514665956584,45.13282845741355,27.095468626126316,91.6920777391625,0.8294167937787407,0.0,64.95161953846359,0.787
-88.79783121412804,350.3320961136871,-453.6837158449531,16.341269815409724,170.28989150433546,0.37867547816677316,207.39296608992333,35.514914955428374,0.113
-88.91827306807009,69.73813827946724,-3614.845416454234,11.841340815464864,123.42009298937388,0.19673564623753143,257.6323952711149,25.322342596980388,0.086
-88.45832511786108,124.49828531145381,63.156074174380365,3.121986196623462,120.44584926265162,0.3120516513529485,111.91984843544918,13.439238868329895,0.259
-89.36325747465159,128.82281711095195,-564.1931820224527,11.117397698649587,122.3703234880536,0.38638785397466313,259.3128626979084,35.41031051784172,0.196
-89.22920425595943,3.0425385824857942,405.1269101703492,9.962404865055797,190.2170839828761,0.2525946584848008,124.30124883861109,29.894796650787324,0.25
-88.20122082518682,302.11486309420525,-210.02832661316916,0.5829638525090548,165.68385996570512,0.2522605776201567,278.504695229753,14.057128373120968,0.26
-88.10173262501424,11.5180056519569,62.67414199782843,9.82384577282333,151.1063492920183,0.13517482706753559,243.45961213339336,22.330909607862868,0.136
-88.2041393677757,338.4647405025269,-497.0761198556968,3.961968199029142,154.21471315118276,0.21708266692693878,175.12331066055157,18.14593476359684,0.148
-89.1030488114811,321.14676639370344,-121.04544108359028,17.859917689787817,139.01966281887033,0.3557394816644607,192.7099990806189,51.196742255574655,0.294
-88.41730554428693,192.78788979094688,395.298992587552,25.06280475728203,94.69626677391926,0.8281910052914504,0.0,67.38504336614224,0.905
-88.99496210672791,195.69440696806515,-1026.7562092974354,0.26915676295240587,138.42812968799544,0.37525123916819725,180.69711760366496,4.268477382167066,0.241
-88.9546742809224,235.36005226421628,-2457.784435262504,29.123077283669225,45.12942088499109,0.601926233761216,0.0,66.48654270113076,0.95
-89.51110779279117,139.33800429655932,-1445.9687200121136,10.714489656148702,127.35055177155105,0.22628795051771156,221.5462156542948,29.724994035108544,0.144
-88.77685242380882,233.00002202322798,-888.0435204932506,2.2497861506148578,242.7538918413185,0.26394952555769724,218.56023051296154,11.36774852091922,0.269
-89.54634179426864,16.116619927855275,-1140.0899325027538,19.57754780208183,122.57465161781951,0.14514898232101028,257.3071972473872,53.69394559850504,0.243
-89.27002707177233,19.457145845901564,-2197.249572927541,7.5354552174495195,242.08449999918264,0.1652449879413193,221.11095243412015,39.42828732169906,0.16
-88.27544261692212,164.60295106303596,-2504.8541001559834,11.182633239685059,226.66129601285695,0.18592252812000187,188.8772749407442,26.796693532716283,0.088
-89.50655596249938,197.86402839817256,-1792.9301349078632,7.957217557879211,205.29969688587326,0.21545383545232438,134.88039351718152,28.03827548506704,0.053
-89.76479925817048,319.61435052089485,-553.8083552126792,3.832620681350999,237.7222317791677,0.37465659849789545,257.5788095416989,19.14290373853391,0.17
-89.76888557403565,37.677828206842655,64.27181665837543,19.239970324019037,129.49063109243275,0.21027070748954713,287.23060569483596,50.06485854987683,0.096
-88.1125094110441,296.15325378980015,-466.745908977839,9.136985971058127,134.68406838616815,0.25715057211586634,330.7756632456052,34.938958122929364,0.087
-88.93685116787252,75.61704142514505,-354.05817030869105,2.3665179217924592,145.30136288823422,0.14860784842535268,100.75346414296828,16.599500714648723,0.041
-89.12211706354766,141.87011346361146,-1264.6524585308462,17.51060124215933,144.27361374722472,0.32079196031562124,116.66510280349729,34.339712354141646,0.02
-88.35933069608495,113.97687653786865,-2593.665966164771,0.05582351023755372,153.51875792980243,0.2680842547200105,324.8514154940837,2.9275240774661517,0.237
-88.31193073697003,144.05589823154364,-1564.1764647061643,0.46739827324741334,190.58832575823305,0.2319722373950116,257.78888487989616,5.600092292758602,0.041
-89.26883703708036,54.1783793061308,-1407.011529497903,23.92606204977316,113.94416558271465,0.3841559396674581,339.47756910803895,54.109293750844856,0.268
-88.58212569079978,181.28522678527978,-1597.641989468546,0.03660100789788068,163.5181633055966,0.3671952532425511,207.7111485305174,9.375292897644476,0.072
-88.43486664988141,288.5913323392922,-1156.244107700299,11.164448569274903,144.4939179049635,0.2978533817033492,204.17179256242684,31.255357222057018,0.23
-88.65616369495469,158.9522437364029,-846.8641920856396,18.228614849614956,194.92817872738107,0.37654372184695817,186.06614484934292,37.34024106660085,0.249
-89.61196935787981,176.62088732335167,-517.587849405202,8.961365705188697,247.923706347215,0.2694345384799218,135.70473096742904,19.879220095386604,0.24
-88.2358221413176,305.5563307012731,-1422.4958914930673,9.823448788618837,182.47164570567216,0.3480811455145801,194.6582272369422,19.05198866199433,0.263
-88.87572034980158,254.18092126969108,-2723.007524515675,8.854996066498,169.59593347658074,0.2228380492555559,103.66213504840948,19.93992454896937,0.109
-89.363302389897,176.5635870671225,-1586.302175432908,14.316699390187267,161.55409632031626,0.1260232574043843,227.3283212184137,43.58922004966976,0.296
-89.09206644766839,92.77043334810469,-1165.031682406413,4.47280758096932,219.89289064318007,0.39824457685873293,311.8025517795613,17.593349146558754,0.091
-89.82861492824208,318.573628864188,-221.75366229327335,26.761148745657643,54.27870452764777,0.9275522708354826,0.0,58.75877778952386,0.8
-89.65705307767742,207.72734460860102,-1654.2462737472842,2.7623048030939845,244.367872024417,0.1754530117776968,123.66003913033923,5.936730814834318,0.137
-88.44546117401987,79.61313963984962,-789.9650972804785,16.44874916677123,168.50850403832638,0.14893101682745186,343.4403308384892,37.833378149936905,0.027
-89.89997789396482,96.88311094968373,-967.9296802916541,18.42121003876584,153.9181016155158,0.20124385539362355,132.24440222025646,49.878333382077344,0.238
-89.10852492588364,289.1279120170485,-1164.8795735012893,4.403482391666221,246.36953629595817,0.18678404011790165,232.17437419487482,21.185284877782607,0.238
-88.90723065593738,15.892402351483966,-455.57334454032684,1.7626555472218168,241.023040854048,0.2803306745647705,302.29642181352995,12.26299656967883,0.067
-89.79619460199815,357.1531873303752,-1728.6729574020646,22.171742141701564,199.87077956720094,0.3989380043257854,163.08630184881696,53.0082907548819,0.249
-88.05115149035257,46.92660469732504,-1660.149159714813,2.09139245983285,112.59103247905618,0.11575271664567055,310.37238497390774,5.326524700492948,0.056
-89.47036187062562,286.58466914289744,-1209.5206584753826,5.933360592494331,214.79489666892005,0.33353293398799666,239.25628517670535,17.986439663851762,0.054
-89.32202243269107,142.11911403780584,-1712.1172040749598,20.873089624597462,156.9780360058802,0.13839757732194596,182.98391997027946,54.524078420701436,0.245
-89.32250922671545,177.19782598348806,-793.5901671563203,12.347412335390242,164.35923231959657,0.1059505073896647,316.4223040326507,31.320751273370295,0.094
-89.46220834197705,317.03420788724804,-1770.5538434929063,5.971436676291045,132.2238980568344,0.29157304603470846,255.50003832823774,30.06025537686429,0.032
-89.89719973803601,148.64802825211677,-1018.9566338038925,29.470591445535142,67.69918420988024,0.9434792093726885,0.0,74.96901051289241,0.983
-88.5142448912328,193.49775132236442,-1280.1382150294053,6.699892412200341,214.2373634685273,0.1528895519945186,226.00242928413076,21.130912722069645,0.172
-88.06299355038136,17.747878467301177,-1028.0592281786355,7.972427100935827,148.22155653302957,0.20248413539258422,168.68437178343316,24.618024095457525,0.14
-89.47384238175842,0.8450905922831353,-1567.7931160504313,14.557842523263654,241.42260712607253,0.15062506126692315,176.2151115304361,50.231061262053856,0.156
-88.6402103355735,88.12795428062132,-1471.2706356214617,18.250767970040727,137.2631598404136,0.37195227079087523,122.01976821485766,50.737510520732506,0.204
-88.49039697877845,245.00991345075622,-1123.19258560236,31.61104291291467,73.21994109474929,1.0617309429563386,0.0,73.5734618576897,0.875
-88.287991779728,43.655361609289216,-1038.3403950709499,4.600681494056964,200.21094226898612,0.23341386742183076,169.45627151005806,20.129875862809023,0.205
-89.09700452567415,40.95430516963779,-1203.361532312925,20.259522089259455,228.90462246320655,0.36842238288492357,114.67537315786613,51.26350572327119,0.224
-89.32443127928319,147.9458188929252,164.28988521046722,19.430096940500768,243.43860030305171,0.2658607611288015,127.57868416978076,48.77532591118355,0.062
-89.28193924535624,233.22133389896155,-1992.5895349930274,10.628350891258833,217.40394147231262,0.37985494023061184,167.56324713442592,25.90181404544894,0.121
-88.54601946711283,256.345917209255,-1251.363035962171,19.872736948162224,137.9510016108501,0.3779351243941118,269.31313077992263,47.73389244377933,0.18
-88.34811901363929,64.24224267541493,-2458.903217693588,21.342740176365467,246.87256587252224,0.2384803059681163,146.05874775780651,45.50528275835755,0.19
-89.55493346126246,28.65173305393528,-902.334817066091,1.819627849870045,238.721022644038,0.2747147838200112,230.46239997196676,17.26330869115376,0.089
-89.19521208450026,338.5429322203959,-2092.1972291014513,29.497665058808302,73.68482966515288,0.7725868404923895,0.0,68.33289118221127,0.849
-88.18631362617661,93.83989772235662,-1422.648204701261,3.5876225313814167,188.23001576814542,0.397160745640349,308.5095199059141,21.0526688953565,0.044
-88.36728231258,307.2047391391406,-1497.6514602650607,0.6468371876122685,187.77243963033703,0.18349499812353848,252.29095134789745,4.92153408804686,0.043
-88.02876903475129,310.8569221666146,-975.2870987190628,9.382123263759038,171.9548689381259,0.3349920963942854,329.24976967346026,35.87464284554151,0.076
-88.46692830660405,278.108133034516,-1642.232734036144,31.249405131870564,59.27249196499211,0.6776595427124387,0.0,78.98736054135125,0.828
-89.15292911804696,60.780098394925226,-1676.2445581551858,8.917433702466136,118.34711320523097,0.1939126786269355,106.37890944981257,19.96272538663308,0.021
-88.77778811541019,295.8485253315121,-51.31482873128152,11.680661099491893,197.80924718210184,0.13115887801028384,195.37301797375162,30.831921225100317,0.296
-88.6440729169301,276.9302013269712,-972.346567620379,26.320786039045636,48.90076371724218,1.0289088447160442,0.0,60.65492721038609,0.87
-89.75093394899747,214.82027643823815,-1648.8406816178144,8.996818574345273,183.82636866233435,0.17344970143846278,218.78047360487352,20.804162331454826,0.056
-88.86545577770266,121.39273266082299,-1400.6669374489848,0.2156328706932431,219.16370805025264,0.14451842732728565,204.8494674553952,9.131925525687699,0.126
-88.55229042590204,94.50309753595587,116.28396181659582,7.827651647616855,144.5417524435965,0.16800000835502005,267.88640772396536,28.44576261184133,0.069
-89.582089522398,43.88011634892923,-1388.1319026008775,25.707918338057773,62.89058792211425,0.7647698387007684,0.0,59.06869237148318,0.864
-88.41679973689145,183.5125440843137,-1751.42129852191,12.708649970551365,243.10753039925586,0.25122503683584585,327.2445079229592,26.852890400558923,0.165
-88.7908317170232,210.69391518354473,-1747.996920101114,31.3065825905626,83.3060821903236,0.9243420399725453,0.0,76.47560570140912,0.933
-88.09077860717457,129.3620365856834,-1639.3011847916619,19.379349262621552,190.18124583165698,0.12264708430658804,257.80445272938323,44.80021921221148,0.02
-89.81939763340691,171.12926436511268,-1675.5981779413778,5.551910636065166,141.07963429294034,0.26080857486875836,345.5833166425489,17.672467574937315,0.296
-89.39588033864462,130.865204652936,-2223.7182786793946,12.510763044650783,169.54276124686163,0.3363242354766295,296.3700574885071,43.42798811452074,0.283
-88.75704762933033,230.76218063545247,-2099.3600775575824,3.467818818581204,218.3685846669892,0.27227054826819863,232.90578969287282,18.918908908619535,0.175
-89.33653616680874,324.4533148067628,-1863.456299489096,5.3156696935123,224.87603093539667,0.3923620756755313,314.84689706235883,16.58604187719905,0.149
-88.54259408826464,59.01129433690016,-726.7431852375219,56.79084251025757,47.6427045410935,1.0609183489338225,0.0,100.0,0.8
-88.45788996320833,137.30717156512443,-1504.9898298182989,22.18624510033811,202.6884294583827,0.3463457010274329,210.41335865698477,59.20194300513689,0.015
-89.7052196682737,50.71269742231007,-1365.7293512752321,20.61097989006673,123.30041889727599,0.2517078009692,318.36323624949887,55.70718458417462,0.224
-88.92367651800714,224.97975734681953,-183.9295797960824,5.768196846919361,113.24972304306502,0.2564785532635685,106.78883922273573,19.002738510140944,0.154
-88.933107944377,262.3933834158945,-163.9942800492654,27.695840662810788,83.84501156243408,1.0959759704097647,0.0,59.09663139861878,0.812
-89.19836653659047,335.4885837350841,-1425.699954510188,22.99415601792937,141.41317959926002,0.19759564837229154,185.74811664231152,57.91630843488936,0.144
-88.12744276111762,100.39389345394737,-1704.690808546727,30.81621289357771,74.71655752668298,0.7489037518850246,0.0,74.60203522141842,0.801
-88.32773799224088,342.07603411155486,-1891.5442509388304,30.331141483984492,58.218818584559784,0.9479359454252996,0.0,68.79858251125991,0.755
-88.57530217437169,22.774561855442926,-645.7793842334098,2.7908928809752194,179.7164423710503,0.11342952561493493,265.2131197011185,10.065968774793186,0.188
-88.54277939210351,217.08499081125174,-1363.7657868178303,0.9016051073009272,221.47878153418307,0.27663581359054107,186.59030898114457,11.927003215287797,0.123
-89.02273932675507,20.56777896359879,-1509.195912258232,1.9621218453636367,202.95219355527797,0.3173772154632747,124.47334476072615,16.232990294151143,0.101
-88.15011040991651,321.7587075943001,-1850.9316601100422,2.56059356667563,212.17269158816862,0.20689788804262543,345.0826954338923,12.68569295326043,0.265
-88.58026868821877,190.73126054521947,-1815.7331272091108,15.234523642603904,153.03048138142597,0.16520708183789,153.0571844626928,41.77851333383831,0.208
-88.51493598285396,240.96540627460658,-943.9534468054044,6.331965479041823,146.85861559565308,0.16401607381687133,187.2824822369084,24.46879943661316,0.218
-88.26278728280404,299.36661332776293,-2252.35061270981,32.72598540762519,86.872914903272,1.1077844896294675,0.0,81.17929052643271,0.825
-89.37926398024985,54.11182409422875,-404.10504496964927,31.046798820816377,46.6232774399423,0.9285808692627686,0.0,69.99018140753381,0.863
-88.36656528265327,13.892962297728184,-1627.0757150519348,11.935384059209602,224.15769618848296,0.1500063604583778,295.62907851703903,28.174487913304915,0.027
-89.52904285438267,316.39721252862677,-1319.708755401434,31.5532621614979,44.36951241643922,1.1624947618168413,0.0,72.76992597031607,0.856
-89.24385029073471,113.3759618852157,-2269.5823665124435,26.88134627240202,59.190007482573016,0.9354908909635531,0.0,72.2002028780616,0.953
-89.2623401368873,46.4324068537795,-1209.8927505938916,7.492934408227411,197.5235525261872,0.19192054877438805,231.13834788287906,16.1702484242384,0.162
-88.04080161006063,168.64604535135115,-1462.6567541524478,8.092153440255615,242.30500291170648,0.3985663760068393,265.8144062140477,14.619007026736877,0.264
-88.27257927487894,215.39018725056675,-1240.0644790851734,9.820316150392706,121.49326172270838,0.3975063212968377,257.38024378009777,29.100439426288617,0.038
-88.56777726297851,11.149417232103644,-22.63288131048762,5.55377868921527,125.30832902389041,0.15611465405112546,279.00679840395134,19.211180861725616,0.22
-88.51859215293076,98.96243697255159,-1057.8415633678082,14.065056251458303,228.13748056086757,0.16390964742907735,292.43182591118864,37.08828747617634,0.081
-88.83206169063511,11.807954739682565,-1835.7273473166433,12.892282868747492,125.3431284393623,0.2475719111681298,124.36833901782597,34.55669622187648,0.162
-88.10052773249382,151.32074011037963,-1769.0559284372546,12.630176588992285,115.51255170941829,0.14463530012131307,142.07775617291622,40.28823806735822,0.095
-88.95710836952351,322.23601046384795,-723.8950512689851,17.236847413791644,158.7102813465062,0.25121182244745754,283.58026237852226,44.26138605983044,0.217
-89.1770163512472,353.7548681376849,-161.04536720526085,0.12521947083678597,175.33882388902367,0.21981691144152232,219.1688834774674,14.348385943816874,0.126
-89.59023285982998,229.3371192613059,-974.46558339916,16.11360277569708,189.7222211366966,0.19738686731496174,206.75844776814301,29.839687404498918,0.144
-88.40620926070399,58.18956976245305,-649.0298043561844,7.603838469829939,181.02203255899497,0.34678155124293264,213.86003126939858,22.56248583036676,0.081
-88.50455652905637,326.1057803997501,-712.209821330636,13.99982199863687,237.8458387721359,0.34843530999791733,193.00650335784007,33.923163066554,0.092
-89.16972542680415,185.84921635202176,-64.74846931398315,21.5740984523219,217.61353405482924,0.396366840095118,247.76687814524817,41.72493954553908,0.062
-89.85213251347747,55.34975235705051,-2759.672138180826,0.2439977322102962,247.7334358206395,0.16692643422447467,180.831385663844,11.004978367050466,0.171
-88.30590507733578,331.8216010025981,-666.2248485563774,9.187063473304306,176.70375925154514,0.3664832491431239,259.20385014772467,27.87257703141871,0.052
-89.87830583143726,272.6888582603171,-413.011164877149,10.814657659711358,121.80614537748505,0.2613537789021793,150.65927887970173,29.29407727474602,0.088
-88.56297041870481,263.41389818033457,-2270.9789649084587,6.857310284293591,243.77429001200244,0.2774378293997056,289.42222840393913,23.084739388427618,0.164
-88.0565114915205,255.30505336598569,-1908.5345472051326,20.99829496132957,110.57584262247363,0.3688879642997579,295.39999364356265,52.513542838622115,0.09
-89.06844347651841,72.12233559471923,-1880.6261989025227,4.796116411995284,218.65344193746677,0.38278923891349603,244.63020405616152,24.657726201211634,0.181
-89.4535505305077,75.96240901470938,-1783.0321571019067,6.445996005576612,114.37948430803513,0.3180433773101912,192.33086568738594,26.104640771080085,0.014
-88.56074508091757,247.7854794338118,-1585.3736407484207,4.900808670479354,216.56998669122936,0.20435272958053718,103.5991433092154,21.444390977711876,0.292
-88.34745653017039,79.10019003974287,-1005.9177495560468,22.92055411438802,241.3114515787276,0.24690039690055163,130.38311811282836,67.37730189825598,0.222
-88.8617823994521,157.9218108490976,-507.46027906610425,7.0755588758778325,164.49644162634655,0.28451615921623297,119.92175319716688,20.61075305288034,0.156
-88.06263297701332,281.5206572138189,-334.9464337851708,16.60045390883556,143.73507917076046,0.3485920116958291,102.55125628721648,36.401401027024086,0.277
-89.80182942884989,282.22290651522275,-1870.2584489342255,31.757051012300742,61.30390568119191,0.6255285415623814,0.0,79.38486251295625,0.886
-88.9408883632214,163.17423810930947,-1875.7623989623862,11.251815796494146,178.84047018102848,0.20963428500628695,339.01668998409843,41.83782215747423,0.116
-88.53493750008715,285.1883777790882,-147.34252798702164,23.120606800331572,133.92418500595082,0.22536413540808833,102.79206632470374,53.06525296737644,0.044
-88.26098310481656,301.90384663130044,-682.6048516650844,28.71354084093128,89.35824141755901,1.1781735663165458,0.0,74.31609090537128,0.881
-89.5594143373752,235.7192704623337,-1133.7081265048032,22.27191560040414,161.56933004837248,0.3772803581311408,315.1689648374678,51.87655211386304,0.071
-88.37999338464901,82.23330683103126,-821.3306595560264,11.831986840222596,155.23532893645626,0.126435703998848,272.1255623690604,36.58773875797935,0.228
-88.84985655613477,98.64424093879711,-1223.8430254811526,18.421077589986133,174.57998067590398,0.2739792372056635,201.17759912407573,50.043519806035995,0.169
-89.14654800421907,113.34281594714473,-780.3322535619084,0.8737859313534546,185.96225034156527,0.36149556437164654,348.19912936682886,8.592307400103445,0.257
-89.64974144569973,42.04947878422272,-1468.8533572045924,4.199568418500481,129.8702367162314,0.22625957485450215,243.40533544749874,27.63276190451259,0.152
-88.25593805807307,98.33746333318024,-984.9560524486153,5.9532481836808095,209.08687093155805,0.3400376462534115,267.399753187357,31.714409486205785,0.233
-89.60118090445854,75.42692075251156,-2408.436840295597,34.40612120174282,76.18860163958665,1.0563508829857002,0.0,73.70620986040633,0.909
-89.31140306750271,163.91834993109677,-1750.227435860345,3.87415485744733,148.91816826816546,0.11795381157587409,155.6754075222235,18.753580946802224,0.185
-89.34891348927137,327.03751723401535,-1741.6089414322748,3.725232487381703,135.25472625612787,0.22364311771921652,222.03110244437306,22.02297635166825,0.195
-88.24431333503738,37.61291403142491,-1499.5120265655314,1.5607901975101655,216.4707593206689,0.3073076460061131,154.10282463758136,3.7086637061530627,0.23
-88.6218643110031,259.29645262106243,-1941.2106038237985,17.598117619307608,135.69584132719092,0.2267060527206649,227.3661325519059,45.32738830435793,0.242
-88.3863053453364,247.421881588726,-1626.8349006584654,13.426213926688828,115.77572245081393,0.2635501744538069,107.69530470215155,28.5865386545266,0.09
-89.42411099229426,34.471511518808754,-2411.5312499184965,22.86758977026565,196.69405085358903,0.27833737138199205,195.48979421292313,59.07260080633605,0.122
-88.7127392107467,332.126065766088,-761.0396188840798,18.712596660773542,143.56519828274904,0.14536881301937277,193.05251822211713,47.855059290839236,0.07
-88.81368263202688,204.64999277645506,-1266.0108151291156,1.8038984672406748,134.05345724999836,0.223594361844559,172.9076554629562,11.738951469448796,0.227
-88.31762228410228,130.94118760884632,-2564.1660862208137,3.927222299896293,247.42438384003088,0.10853896650506976,119.80723554130928,10.019937557746758,0.089
-88.17843458508561,272.3538900583104,-1867.8639284373385,25.653287482758216,85.23708070783306,0.9209817674147394,0.0,58.31356589588997,0.881
-89.87690213419297,92.65156502458825,-930.7188579502665,9.96701755423195,236.482060630175,0.25367621901294957,205.113716072008,32.530020011139385,0.243
-88.6193621537883,249.66354133667534,-1634.4175571086316,23.87591818018013,134.9506272244046,0.2720757993816431,303.4932946903109,57.5469857552135,0.109
-89.80151198167252,14.296034726009,-1757.5531681104774,10.503190520846829,224.65679848874092,0.14387032197749872,308.9318094803897,36.969035183387746,0.095
-88.85716853635303,302.1868935393379,-1259.674141606461,2.323435717114787,180.2826422267875,0.32668578106372614,153.39934747544743,20.285664095751216,0.199
-89.35349781481702,161.34150492767466,-925.1219718574271,8.96739222333294,121.00326767623935,0.21189636636129783,205.332528449706,33.36125805814453,0.293
-89.31712446090793,229.209449168859,-2349.081965631329,2.3195020445030394,212.70474111010014,0.37619497864830165,280.24350130225884,11.95016067597874,0.028
-89.22937884344053,79.64561513040611,-759.8972150256965,6.344472375975762,234.89027204286919,0.21629881699162198,224.87403841872413,24.16382121536416,0.252
-88.71954434680575,243.74653655704125,-1840.2346252859013,14.00925706565246,132.82237864697302,0.14494329292978136,313.76705760074276,33.19234293063918,0.045
-89.26530506522934,278.00649932157955,-1214.3423745998389,17.116050903690205,211.58263392706453,0.32739113760422733,242.8922519283516,37.93242973662382,0.11
-88.50787180387847,170.35674727838355,-1228.3361125532076,3.901913232542981,172.30735267023732,0.2703402401317987,257.3952419646416,23.713093455047847,0.131
-89.13139796740965,222.38169266224594,-1621.6528945918194,11.826319924909019,215.54186345594056,0.21600645047324674,296.7558661361763,27.720019737692724,0.218
-89.77012891941108,164.2773325760635,-2018.9277969045716,6.133842644402476,209.9499127459428,0.20678714902967849,130.5555269071278,15.797916693300465,0.279
-88.4108562992802,321.87289293282436,-1428.5492384738109,5.515851910411875,113.72403226482076,0.1452306920671813,246.06205947951366,21.55767710111845,0.04
-89.35705918327386,179.2329049851549,100.26424726015603,13.326846191330768,135.02094503540172,0.20225038823980346,121.3574671910369,35.30031298278645,0.226
-89.07774292876141,303.0511352503748,-2289.3400243709048,6.495481273107879,175.9438140105184,0.10880324229350052,165.13778088425966,22.069871115046936,0.103
-88.59765662187839,288.4867409772895,153.85041528390047,25.821379948466742,68.01008604693384,1.1106645927505217,0.0,73.17103243391011,0.983
-89.26833330141746,147.78173568540836,-1407.776936861226,23.8806187625106,157.8902839456722,0.3690171225441208,241.7690226654601,52.788905769981625,0.091
-89.79248725332124,82.83041706869102,-1171.7028663290887,23.818282939420396,198.04228583922549,0.3385992388645982,310.97559459761317,60.11173193593717,0.211
-89.18955001067566,146.18956772151756,-2069.368649107782,7.050898045096981,111.69172437202003,0.1085563591612643,133.20240238762898,24.535258880007163,0.058
-88.10554769288082,297.43825527907927,-1817.0155333419848,2.3750116508067762,209.5577690165722,0.3643780978804698,292.0991319117712,19.79671794123637,0.288
-88.68070464513274,81.94771289498125,-1602.3277200304153,12.820299293881156,194.42955678539263,0.23569744866476602,135.76653135568722,31.711654222677332,0.011
-88.62418961753231,188.79708450878977,-2036.5559767023296,10.496516337137328,210.15526452620722,0.15726743962464834,147.41792821210672,29.87070849422512,0.078
-88.69866390808849,290.1948292658691,-1367.1343658966973,5.911768375766352,236.65248582349227,0.32572358656461625,329.23504931376647,22.394270098432138,0.206
-89.52191493597708,127.25189104621637,-1525.6127134454168,0.24265553333038525,130.5098506364934,0.19686206505311393,102.43228887666366,3.3162051355081505,0.258
-89.10516565820568,231.19546932097106,280.6249139485867,11.584820307319283,146.62254344112938,0.17599552694105586,149.28601030838468,24.141888967937085,0.298
-88.47321438310969,88.42736665757323,-2132.779348544369,7.959305497475267,249.4093249035399,0.1483955220344643,153.88902281960458,25.814617798198825,0.06
-89.707391494649,39.34060033253757,-1117.8475866011302,18.883470370380195,131.87975419134779,0.24598657207006686,170.47014084524415,54.45512792381884,0.099
-89.37207972542956,285.9783210334283,-1001.7229744785402,18.651060515214795,210.88778091364367,0.1280181998648336,190.85292677360906,45.5411023749373,0.269
-89.37499369391489,35.62870442713446,-2056.25643892147,23.007998054227173,211.51062747152625,0.33568393873413604,125.79450295968306,54.94057313293582,0.019
-89.07916403757044,97.69730222865046,-650.5380036377292,0.5929555188003821,205.6191244729797,0.24120237299992334,217.11356997075848,16.939439669930856,0.223
-88.03729939220985,307.8393919190784,-1518.6616103053025,16.010583076936328,141.84168250404088,0.23409292504567608,199.83759184097227,41.27708655373645,0.133
-89.77174516130074,124.72894334832019,-3193.9117212664537,4.725342937663279,140.11876884994192,0.1005561869444563,256.2334527288124,23.33523074101734,0.21
-88.91446811067688,350.296325825098,-672.120310316348,0.20414210811084743,203.28774952487032,0.34535915809256845,316.8794085171753,23.740622768872484,0.162
-89.5592071041768,352.7043605185895,-2093.552707281891,7.7139776305128995,136.07502582429024,0.24785111771147614,174.43006503397265,22.542633760451736,0.192
-88.05571456372148,96.57936736328041,-2038.2199569112793,22.687049801346177,202.61886644367524,0.23196835594040438,236.62194356489863,54.48882599722276,0.203
-89.68472334101783,14.752160009960562,-649.6783336860815,8.276816464295159,178.9539594835445,0.3284154655853172,192.8443425350462,28.534723648064386,0.193
-89.13315809551298,253.82278231393647,-1477.7291859347597,27.65454659959112,69.7874928050301,1.1580337167531052,0.0,72.76721198045577,0.805
-88.49801852881426,162.35514095340375,-465.7822795587998,17.488785155203335,152.0325289129124,0.21000413682856114,305.26884103177326,44.40193642562588,0.175
-88.56134658674786,36.271023825447465,-231.8671237077449,8.05909521019423,242.66077066523633,0.27272018726612696,258.5541099979846,29.764536669101204,0.217
-89.09681558990154,254.70821483209542,-1715.9427682578385,23.600484289064084,181.13311208399026,0.23817326882175635,100.54306759382075,58.94039415570006,0.235
-89.24160408088984,11.222967280291641,-565.3900032359755,16.453967721142856,188.57527475153466,0.15449166696339234,162.39298505065415,42.54673561364781,0.239
-89.14453648074955,313.27080857720716,-1804.3686411143053,2.674406115532946,242.89585185614996,0.18978295230409353,177.24735124724418,13.246704261621138,0.258
-89.39787509999859,49.91491048078934,586.4927337057413,30.58802635580515,77.18823231323006,0.954331740620534,0.0,68.12997631636439,0.933
-89.50986741645708,45.832276348821004,-1754.3656036249722,14.594788230864765,244.09940988595585,0.3975912408295681,290.17830260167443,54.51720595360912,0.226
-88.98222457463811,63.24202726869043,-379.13004723199674,12.187961919854919,124.89134367317779,0.19785913564199464,199.0359630338799,26.67068271487522,0.285
-89.38978586347154,345.695889057144,-524.9679792947395,3.4446733009438404,228.52954844813655,0.1615546187626897,139.3355540696613,9.657898199282918,0.117
-89.35382283669523,249.54096969138456,-947.129742312853,23.79538267607738,156.95804792323273,0.34679114593124394,196.5080381453436,58.81446759162016,0.236
-88.65216347939834,288.4937527669092,-1736.4345291333466,17.172754273613066,223.46825350984776,0.2263513765010826,302.5365805997376,45.36183854190009,0.095
-88.0597790697702,143.1485948637911,-1321.1179935531275,18.29238180295241,229.78912738729701,0.23315910834611525,213.09784007916326,48.71652775520213,0.061
-88.75308931893719,121.072581901784,-2922.870490355642,6.9246865647423155,148.00830405995782,0.2646667190487212,128.96754707146377,19.476648042481248,0.139
-89.75373901257657,84.41424244194118,-1020.4639692941997,20.341005719100686,167.23628631216704,0.27870675917875354,109.63686810026432,45.549648963009396,0.244
-89.75639113367728,173.0332901924672,-920.3077351772918,21.11813593570802,211.64200960408658,0.27716668012310186,183.3338180725242,50.808787725740416,0.099
-88.09229588039342,198.65834407230065,-1093.200464750903,5.312217612188775,123.8677883255759,0.11034991672331318,137.09070275521154,25.162506418867167,0.096
-89.33514749841606,227.43894371499195,-3578.644937034046,2.169901396809909,215.77469480750761,0.3456527298693859,286.26029461541304,9.251130651401969,0.091
-89.7250727264433,92.56266143953002,-2212.509156071849,17.81373059338924,125.46620964766416,0.15845584572245142,169.68920350502384,46.38308527126473,0.073
-88.76181528441428,341.5154691250766,-1798.47278627893,3.7334694960573973,238.02380251752814,0.18770263833515827,319.3632577398573,14.905641296453204,0.187
-88.7150673212485,61.113059354568904,-966.6728534487631,13.520157778377794,148.68750106148948,0.15202885600620264,254.33732234402285,29.417911016979467,0.081
-88.66784084177449,347.63514291590843,-968.5288754856124,7.527548952126929,190.5839085614298,0.33012299726076333,198.41593995358636,18.648059495908377,0.281
-89.39193614707068,5.348204102701364,-1336.1790335769433,24.18665210788921,126.40149001067819,0.2750973977876259,252.51438858115597,62.92504311615876,0.11
-89.8712896999925,173.2052490540644,-691.8035707168347,8.071561092327928,147.72904165274701,0.3265888458256154,173.7934932581082,23.123957400706512,0.167
-88.0664707980365,120.0124217219626,-2020.99390024232,23.07272972003804,166.55370608819476,0.29601952162879014,135.33096975944463,62.364502841164466,0.129
-89.42330321318691,161.6844290148903,-711.811995444803,6.857905556369738,178.186842735622,0.13124759032582056,341.0443987308499,23.529573013294453,0.289
-88.61555005270016,205.43924843308406,-820.2063161280871,21.99991005059611,110.00944967052043,0.1904499327553016,240.79036138742103,47.16068896511973,0.133
-88.55740324723045,156.81209688457525,-897.9562137296716,32.603415438368316,69.81869591378418,1.1590915609536683,0.0,77.59282539155888,0.869
-88.74098590754897,149.3448661085742,-1345.6323448685246,1.319528616337596,111.0744733382428,0.19148350942940912,177.57855157389395,8.632351515389477,0.231
-89.30547595099407,263.7804295487904,264.5950598650095,14.92035721730908,218.3158388192195,0.16219117132183494,139.8836235314153,37.95648831993524,0.06
-89.38491711784827,246.91545903112728,-805.443449208097,39.48782415910065,64.19782070542166,1.127629804629146,0.0,94.63926898242194,0.781
-88.76443026286486,299.97766153290524,-1974.6686906028472,12.665888269029217,183.3432034861927,0.32433510256461284,113.92887993338371,28.883383766437262,0.142
-88.25441829613779,89.9852332462184,-1001.3556194112126,12.617882702296482,139.15716710683571,0.20356601816625303,161.27140699363713,32.98768923586623,0.17
-88.10120591504555,219.4302635114629,-598.0132983406252,19.884989473510196,195.03156904839858,0.3295037087886696,270.7540251331958,44.352318933796596,0.093
-89.69877897163286,210.67012274142738,-1670.4868791394476,12.410808640947542,185.2124672837233,0.2882615855335684,305.15238684793843,28.869952656373332,0.144
-89.60582563606434,133.10561191416795,-328.58220245512086,5.072259945705525,132.99309692684136,0.10113572008971904,186.84800440812552,17.77856394999032,0.188
-88.10500110831215,174.98071508496514,-894.3730354271914,23.322873748389384,143.33666018889068,0.2140786078034905,230.61643713710737,52.357898780998724,0.292
-88.5005830661639,112.96157159006235,-3073.9826701322777,8.029484138651927,119.366508061744,0.18714624975829916,110.44764922754518,24.68943316184555,0.185
-88.22231173282343,51.06398314211467,-960.262418129659,7.832083488616582,119.27970009252337,0.16537258651176906,122.70020010612566,28.858367282392173,0.14
-89.51499799514285,76.96843583858382,-1524.8233235301723,24.074257491566485,111.92861003333972,0.1754768182212535,237.9810354733483,54.394212475241225,0.017
-88.78358684489214,37.98491270443239,-770.2561483666111,8.434575713572142,140.86640556763172,0.38270945397265677,310.14422770868714,19.528237768832128,0.1
-88.56783477060681,245.90504706844467,-444.6281277985486,5.063035075355959,205.1525718355878,0.24589512039746123,121.99699126349233,23.333450130765677,0.114
-88.60778741765075,237.86186151929454,-1043.8703622865455,20.792639051665606,154.2701543399299,0.3543126154672359,204.63666714650353,47.79738458904155,0.148
-89.12451178735327,342.2182937687542,132.2017871557564,3.4888521316561345,157.98279778143274,0.16426514564589478,342.6061669625368,26.116549270130715,0.237
-89.87074970578652,262.68422891300685,-1342.9655076507966,0.2222571959195374,128.46675505576226,0.1523211398937845,284.6981363437819,8.399533698232444,0.235
-88.7924404920719,18.73650195220732,-700.1457415568998,14.745139874932834,190.5658934718988,0.366636876494173,149.40080507005183,38.810403824642115,0.255
-89.41910707555874,318.3282626144235,-556.0459410901221,10.170767015874091,157.90010981654322,0.24871140573474038,171.2935667914589,18.821072538689435,0.094
-89.0445169323285,310.56305866046125,-1277.876775114186,0.4367311418884192,204.68435248023007,0.36854563759372394,336.9790581178561,5.064793804765423,0.11
-88.08059607134075,159.59531547817153,-576.9805536177741,18.3695253999487,213.80432563795748,0.11890865586138248,155.24692326871354,35.34334804909538,0.054
-89.14183289647937,210.91069819005176,-1675.738389729735,16.644876055772336,191.8570025347735,0.3749306566528924,210.2268454976841,44.760188716758236,0.259
-88.30437694733759,351.3881996901068,-1538.0547352169747,8.402449833943681,148.64973515368507,0.22463359490266693,188.90251339676269,26.39591590995676,0.199
-89.54177284907642,191.62957098533985,-2249.99095226905,9.086679938750535,181.2050919072156,0.14661114622655436,222.50970799223313,31.323975929655347,0.032
-88.62232505375245,325.9158582153923,-1006.8727069039625,16.703927420091567,145.27031265552247,0.30501480683055826,159.145046741554,47.44490471993933,0.098
-88.04368678656601,29.893952811667116,-939.7986593165248,23.90361419752066,236.40779694954853,0.33907080498827713,267.08760749108876,62.61458807246327,0.054
-89.70640310834142,68.77867273512582,-256.58947313661656,9.172067898906752,217.294005011558,0.11421241827442012,158.64774654227654,27.21893486179033,0.291
-89.88419210976834,158.67177963887443,-567.0879965152931,18.546884930081447,179.02082684077928,0.3961587923256059,250.52533858745983,47.52083376305483,0.104
-89.07619269399804,210.5124510014297,-1427.8364453179465,17.65200217084599,245.1640000449405,0.30910806619485415,189.44232787411636,48.19871444858613,0.154
-89.72401158220241,293.8420266706081,-2142.5437498674214,20.793072927089764,186.54576254222633,0.1964205974973533,162.86903298162875,47.612505754643635,0.102
-88.47806973561516,355.7743614515473,-853.7196779840208,12.393091987434653,155.99496677397275,0.1453881387086172,273.75065765663373,30.096121741303104,0.148
-88.16235753868774,139.98653873068193,-311.39746206828636,2.876744859336421,123.3654221111666,0.21775942440346444,341.30994461504804,23.45382591738697,0.3
-89.07536015185336,17.069629010430575,-595.8520209568453,7.375008468000307,186.1243902738779,0.16616969816758775,317.34386039278064,15.719195894105722,0.093
-89.40844787990467,288.4217411863169,-332.41798011416995,15.42853465781648,230.45832562138838,0.24824596707942875,121.7088481299304,43.357089742247275,0.092
-89.07463369388745,217.5770588698109,-1369.511624958594,30.18464378381593,57.21811779690143,1.0507828207258763,0.0,72.07534615034362,0.78
-88.525449146085,71.4754291925526,-1573.2951745405164,7.159803768037215,194.63938933558478,0.29803911668516603,273.6949865383597,18.703004663218234,0.059
-89.88279709299731,178.13824438371125,-1789.521081785439,20.04787443527399,165.0813708527898,0.23078047143451869,240.65396034737654,46.75653357824342,0.224
-88.78003741997908,267.23168839214077,-1244.7171732908764,8.7194354932324,201.0414831326952,0.13568317737401486,281.5892082841283,25.654665836513782,0.12
-88.73474579871399,277.34824334471176,-1262.8726367750555,13.104687558861357,216.69964963826553,0.38714707671040216,343.78003545031436,37.292736546541704,0.178
-88.68839233089773,179.86262831955432,-1034.657897168707,27.153967492635925,69.22902909773539,1.188724451231137,0.0,66.06629133137223,0.948
-89.44015804803634,109.87723084638928,-1303.4379656284063,19.642925814204332,176.67558369008955,0.18335036376250521,292.71828976872644,49.13120390751047,0.02
-88.54329982558156,350.5473295338577,-1306.902183781417,0.41299272740956816,205.28628303291202,0.2936506665515598,123.51782935921814,11.76794861549404,0.197
-89.72635617596963,238.81053994433742,-1821.355242377715,6.2752497618840914,232.73136485438448,0.3311528866441309,317.4370583047872,25.847750865653374,0.165
-89.52138636071308,146.96550696466753,-446.70478915880733,24.562213444413587,220.74145293991847,0.39524582959520493,294.6080605902947,62.190743038055516,0.034
-88.23280691135649,100.96676071367487,-1138.7855502050309,13.418780426284954,113.13479170484882,0.39074927818834193,230.2418647507042,44.509092884977846,0.046
-88.49642601361953,263.1970738812824,-1339.5551474282256,0.5115988038413644,127.4121281298423,0.37412815726962423,305.2583675025403,16.238876286893753,0.138
-89.87388344737845,87.18604041375637,-1797.9434025993637,3.8104755502627903,229.38894523997305,0.23059407021500497,266.65586131372413,17.709907720160153,0.11
-89.42808510529738,61.81559603052774,-2265.530488312869,19.034935227111717,226.7351959263047,0.15000089792693444,238.05655818483882,51.273280792170745,0.137
-89.49262768231299,190.7402000263453,-153.6286459605251,21.944102812176304,164.4329496408193,0.2753413609859884,336.5001279809328,56.00732134983792,0.194
-89.38546797672976,104.39546135189107,-756.2890334945542,12.178553014821745,191.79890913007318,0.10517695166403042,132.56630425264453,35.17913893142275,0.055
-89.42963643646821,226.40585217250143,-2499.134274055974,36.753138009361024,40.616061346352936,0.6005290361448724,0.0,79.16328385898841,0.843
-89.7812000380886,42.457922954724054,-589.4861594322745,20.241523634556387,237.6182153409935,0.10075881903842938,138.60821926568158,51.29432664197146,0.247
-89.02801301846604,235.77879764423577,-462.0150638135127,9.565189303670996,219.6329984065247,0.15416077377146165,220.04399049647182,18.80413517021199,0.011
-88.5078063979063,101.9867500791728,-1100.4991021592564,3.842939519006558,139.34245137035506,0.24242713701887686,157.8527492141384,23.047504959645295,0.117
-88.74720972303687,0.08745639642458336,78.48871660140708,2.251156953609586,212.23959302955228,0.2179972933280248,167.97841236065565,16.25405249073623,0.09
-88.62154382966365,45.6969807627035,-1026.6242863016937,15.354213204803695,124.15378052858793,0.21078896947799178,257.957992761849,39.91250124182371,0.135
-89.74581656078115,336.1015360206339,-2333.458822359352,7.112229550865932,235.15138432363966,0.34928585918015875,108.67753569667781,22.120867716858093,0.188
-88.09216765066411,312.24767008152884,-907.8647991613432,28.737437539834247,74.8972465031056,0.7512113475536709,0.0,70.74738783238726,0.752
-88.30686551569825,84.09925153304526,-1004.0821586298166,26.663118029178595,48.594207471170506,0.7180000866886114,0.0,72.51380645936791,0.766
-88.37032839485825,280.21388563637686,-1682.637479022524,18.33066547497227,195.4340583953288,0.23360232720330176,168.13314132881436,48.53673043310673,0.221
-88.33633077042064,219.08577354263073,-741.15293049806,0.21003827043104373,218.76595182314162,0.18166890264278557,315.89093248030485,19.931315819459083,0.209
-88.12785003454775,349.525696121953,-2534.1322129526898,5.27781127447595,187.22085033018377,0.13680536141000668,291.2090466568337,24.477393626651725,0.144
-88.86591746438398,134.49803743226127,-407.54653804576844,24.556775257411008,118.3393205526025,0.30160821870554383,267.9304827468889,55.08653803661552,0.155
-89.51946416605152,245.32582050618166,-1902.4973628843622,6.3693380020489805,208.8184755661809,0.3525223265414972,136.58961265067416,25.177322270085632,0.088
-88.72811114508018,22.872860072610692,-1987.9569000936258,23.22141733919524,163.64163823693752,0.1551218092785269,292.4041797765004,58.39317512589886,0.105
-88.48852516203091,142.64904485390613,-1291.0598178459816,16.74603923034761,154.83990017067538,0.3636258233537609,190.19157283242242,39.462117866771045,0.103
-88.49795695262735,346.974358027745,-853.6216575650917,12.517178848131874,248.83429693472286,0.2578828605086,348.4721618324503,32.995725916723636,0.221
-88.90924685408294,194.0331148020434,-1068.8607491252562,4.971671870645589,192.65596723436187,0.1432241896422856,267.812386256359,17.805592279517292,0.171
-89.7699284332662,103.63662120054404,-1794.1273326179025,11.057561564752485,209.5006702577176,0.2928589974705265,308.9732686170813,32.61625052530542,0.222
-89.19488541698276,43.29754672629847,-1604.8714329535107,13.89647954874898,183.68565917099076,0.25601582246116406,283.4463229161629,36.39276522174635,0.181
-88.15054344391962,253.27020246535096,-2106.4338779019695,22.325388983011216,217.7961704332314,0.1084550641938197,248.559585686205,55.99411219412008,0.168
-88.78954707146089,232.14817563470166,-1379.743921303896,3.1426439936624533,215.29018296999652,0.2197729614179873,279.07976352883435,18.438719250936266,0.103
-88.87716930781414,134.61793689735887,-339.9830283912722,9.371831574738849,202.00045619522245,0.3354363978828734,249.37095725933884,35.08200531804442,0.125
-89.38917832267384,342.3388866717003,-1203.410350115101,12.448231319322847,249.68402860212876,0.2666271260266322,112.79964766199018,37.64216159943647,0.267
-89.1999470521585,7.993012675626114,-512.4685961924375,18.626783576861648,174.37109477163926,0.1846123378787592,186.380785164448,43.74386306073701,0.177
-88.19884243060898,109.3405865874573,-35.67892981904674,2.9153566247722313,208.8669287617417,0.3785925290147649,179.10437969461168,26.386227821576828,0.162
-88.63372020969902,331.5850150678493,-1670.4148152295736,1.1656979288721505,221.68891479268854,0.171333711413158,278.4933020180953,8.854059687410519,0.025
-88.40396464917058,115.53675779499854,-1349.2586024442917,18.739651517100498,162.6448593432362,0.17582080207978484,244.0433002073851,45.54134114257088,0.205
-89.03674369617146,90.81102018786135,536.9542888499961,3.179491149467033,174.00450385750662,0.20639180388407893,252.6222006750016,19.346461400650433,0.209
-88.7025302830333,192.31934757524903,-44.525270416043895,24.849797147621683,245.68341729468196,0.3683613583768386,311.74539530427626,74.17609273468334,0.21
-89.42807114338791,296.56862997139365,-2537.9236206498817,10.44073902517092,114.52074239772513,0.2522876186276549,231.32678472701934,32.88940530780042,0.036
-88.55962442246138,37.13283391620998,-890.2813471512748,3.475310822744463,156.941391554528,0.3046537177677487,154.56929995152632,13.742712285159312,0.097
-89.08755746596366,339.487455472465,-1199.5520061282436,7.195797805965058,178.0698147274138,0.39287925175308425,103.10991921118581,16.194963516647896,0.118
-89.05916352185199,286.22623722521905,-538.83751131299,15.79123633069237,110.20509902968664,0.3349888890677094,139.87438337278564,33.053351244439355,0.25
-88.66628758330393,65.2500919985587,-1795.9830139880441,6.672989124450223,235.87779414092563,0.151780035595328,107.64477283306749,23.40076918702593,0.294
-88.12106681920903,256.32286603133855,-1871.6866976325377,12.200297488243475,150.0742160297022,0.336506178711993,159.26622963584362,37.12432382457566,0.13
-89.77838794144363,138.58514014952058,-1740.8565722348876,19.400783657052866,146.0786764953222,0.32450114476780567,258.749297791416,41.702500630602955,0.171
-88.33298784904069,144.82608410747474,-1657.5428369587462,9.978096646123804,224.84566734952386,0.16978509834316768,137.85473903420944,31.066054299135573,0.012
-89.34447209021684,281.9844332779919,-547.7406665527886,2.6294232353386633,148.91765199034654,0.1976049492662848,120.48080744184894,8.690986312776772,0.013
-89.05655303643789,346.6025308730636,-2144.9609385191043,9.01016002628159,202.06716314628312,0.3130384719589231,342.71364666895477,23.398295871455623,0.032
-89.8583646753275,45.59611422498981,-1698.0911199674551,26.1484013645926,86.7107207685537,0.7432646513893562,0.0,65.45554433226478,0.964
-89.3280124521148,151.42688527637497,-2631.209912401153,28.85064345333184,80.39039335504765,0.9434816125450285,0.0,63.96315475781957,0.836
-88.94500063900276,173.13897891034927,-394.30574127010163,8.199261739422752,219.47310323963006,0.3110418316390994,127.14159841362488,32.94893214588011,0.23
-89.79326545303987,135.47225410379914,-183.17592045508752,22.91027909191477,122.40925978113287,0.3641786478459291,305.3801580242257,52.89866787075901,0.135
-88.96691811417199,130.748084537841,-1461.6587446910291,14.501477160353563,121.17857546013099,0.12250500478663602,234.80342322982474,44.55016359578626,0.256
-88.13848980516899,18.816720322174753,-1438.3594918505785,21.2398267912015,152.94780500323424,0.23377232057743386,145.5184008747111,63.805729501290216,0.262
-89.69975288559517,246.79390340254437,-837.4224781736822,6.495117397323705,115.0327033674425,0.2821525660987024,243.92304892901677,19.261827904795563,0.265
-88.44756261665654,157.03719016321634,-20.414394097395416,5.682635095014859,180.060163112697,0.3028830357496204,109.84553081830425,33.69541355793338,0.168
-89.12162499858562,70.12576895181364,-873.1114019488662,17.844887886474616,165.26948927783056,0.3988587737124487,343.1177775348567,45.757206325588925,0.239
-88.65516994240376,293.7720608287446,-1758.0335539800917,2.590227387172831,187.98362775604087,0.3048075880950163,306.4913747858552,12.017618268083165,0.202
-89.40555046382806,288.92186933458606,-2495.0580575891527,1.8829243148485233,151.83039541375666,0.28604623389914624,165.1942293635618,12.285643090567156,0.064
-89.59696470117143,175.10098611200178,-2092.10101013079,1.184013824734663,178.0055604186598,0.39692024569270057,204.7279730245701,10.350800823305555,0.121
-89.59512103288468,107.44223801319379,-1141.424439750028,18.009137824153346,156.86426722026752,0.11820044211345515,198.82089512512846,53.02722714773347,0.289
-89.76606530327803,229.71338128672286,-1724.2620185606356,13.394524660291971,137.3291329112632,0.12233106884592948,315.37354301088146,43.37823628293591,0.234
-89.54727126068764,103.7347688798651,-1044.0258352073931,19.824660218746736,200.91133535929407,0.2682047579272253,188.6585911233424,56.1791611956252,0.086
-88.63798316852096,84.96285491653633,-1642.3392129889871,18.690752544963647,204.2810262098859,0.2075993843048773,111.99504165454681,40.884440549070554,0.091
-88.22478783749733,262.98527544947757,-2046.5171450355292,7.790664354162342,226.092436984965,0.1290092541241168,153.67221245092597,26.52784216235463,0.084
-88.35316119737679,14.517086299542253,-2141.625305162457,11.295264261225443,232.46524964152147,0.1919346688278372,153.89241436628896,24.8420569716769,0.105
-88.59824481123849,34.116649572453824,49.883607498583615,6.885624712174605,208.62466661150816,0.30230634622229324,337.31026199909655,28.826742090200717,0.279
-89.69017945951892,2.4437426484923197,-488.8098006530855,9.89672227134509,206.24973213765168,0.3641844891059891,331.01369200238037,27.375178006437835,0.136
-89.3505438520377,55.059547131153415,184.41436146236674,2.327452620189341,117.93459314710616,0.12829734299696627,175.14832174803854,17.170295993243393,0.116
-89.31136693688731,24.836403135765405,-768.0392793959177,15.90484293874335,125.36909380414401,0.2620435187452313,100.69177502739703,39.300393344552816,0.079
-89.42508180184453,358.48885240077067,-1543.9931268918713,22.751207489817567,223.7587794547223,0.18883466943892657,229.2494077281493,46.723150239247005,0.269
-88.92148924655153,103.97158918347225,-141.32726200804973,3.8338697017901335,142.6131766273084,0.30019784898814195,299.3099804682,22.09350562918305,0.288
-88.88244775172862,53.73648456092902,-1226.4544010894142,24.812696454013427,159.77910843039163,0.2648354483372521,167.15124548669507,64.43734864123861,0.104
-89.2219166471749,86.75865287853046,-1023.3265837677181,13.135214964779417,130.34162951462275,0.3780133018066538,209.7610065123709,36.967275541438156,0.189
-89.22780059840078,337.00520575444847,-1234.2595032604152,14.410789764058133,137.32127560048866,0.11130516608496643,143.1973011416821,28.26457730078574,0.288
-88.32574436397844,187.25768028878244,-3557.5233754272117,4.994295196075182,218.55841295182887,0.24101118248204242,181.84881737906386,23.740361948354035,0.155
-88.4003435881926,131.33451467082847,83.78800983588258,6.072623095657342,146.66034673217536,0.1578278666052127,289.7132507167226,18.457305654950037,0.146
-89.31518791980659,314.420924847319,-807.1968432337973,13.441163627796819,172.86489527698663,0.26103451259927374,207.07031866012193,39.46520882375529,0.163
-88.16380195664081,142.19649739765168,-936.141551305192,19.897321246320075,131.2339922282935,0.356073803220053,211.81771094076652,47.34162849686939,0.02
-88.08965146769523,120.60308518477048,-1249.4208498164485,5.286195563550476,204.9101868842538,0.3733949583358176,297.38791164787017,18.632585302219603,0.097
-89.27918917014293,74.6217081179048,-1069.2577436910951,28.700939005830893,94.88904485391106,0.8679154455973421,0.0,69.88996553496993,0.971
-89.2265925972932,136.00685660738813,-1677.8231486769982,19.349359742543154,160.63692450581993,0.34353415697974776,146.78819867809415,44.5941948654416,0.29
-88.93929510849829,114.00636816609337,-706.7365181541832,2.916587482920148,219.86453045718508,0.18415242241765165,203.8180448539277,14.99975433636982,0.175
-88.11187045618603,243.82942534733075,-2245.678675519306,12.308486670535071,143.5869312690977,0.1018914838957542,312.2144590531612,37.1649676326508,0.065
-88.23499307702961,104.24977368146176,-1051.1452540235625,36.76929133723412,83.77253727974792,1.0863639675174235,0.0,94.37082831605005,0.828
-89.70512087109118,207.7919087121221,-750.7412235431163,0.4256400279970549,212.19504139886357,0.1358236727219844,265.44087073176195,10.478933466023973,0.152
-89.15381158778432,23.721179411510175,-1358.9353070583225,17.282699389151055,245.61203289042868,0.10528333700888454,176.49053732758227,48.76284535231332,0.054
-88.84859473947543,68.86409641074518,-903.3057660231802,8.772554472766576,142.52503312614027,0.2061392990103846,114.88964039048615,21.686068207008233,0.105
-88.94404830215208,146.66589778008554,-1993.0675137874002,19.06896290918512,123.11946720598539,0.21381399688748726,141.22475788653213,56.61109004006705,0.139
-89.5316601709199,337.3017314071304,-1972.6614167167713,24.672736463183817,146.82495912057013,0.12316605123168176,200.43022303652253,55.30528246564278,0.086
-88.2682481347805,135.81071485765034,-1010.6263031788855,8.137629112886327,127.20070752149667,0.34425479394534136,188.3667570972292,25.614300500859194,0.113
-88.61381251230601,239.0666836319403,-657.1602763031586,23.18912271707174,133.75720318920335,0.22167781906250006,323.9101901977815,58.93432230470132,0.09
-88.30797408778157,91.83140007170333,-2699.892524401369,34.21203394271961,53.48487471882552,1.1788976700618887,0.0,74.5244968422578,0.881
-88.26834786923601,45.73208735036342,-782.3834919113867,12.662747373442349,167.95870454108012,0.1793875803858495,256.78884927352664,40.73003674262435,0.178
-88.47812387803509,21.073176028818047,-1634.5612003010697,19.848886874941854,236.52139160519314,0.2534520257039794,272.1706786740449,46.38873701359538,0.17
-89.06549985762554,109.94885947539049,-1354.24486984593,6.095592297967251,137.38620801000295,0.3300194171852001,232.90648259841453,26.34430421174052,0.038
-88.73996116547069,56.75796964688687,-2271.6143388520295,12.192593090312124,246.04625662897027,0.37185481465015513,292.4114173429088,39.723696049137025,0.063
-89.5953057283725,62.643761285804715,-1881.2937921493665,10.233249072917575,223.42144938546403,0.3911588802205448,295.775121083139,33.35864259252389,0.042
-88.62007370679768,273.873351019302,-427.09973957575096,19.969359256585957,233.40599458508174,0.22801717738040922,187.8464929456719,53.480873352393345,0.028
-89.55941881409537,5.701705540154718,-1173.7093008158295,24.046759357569254,240.1221585636341,0.3970101576305378,121.19628837305874,70.74789146093275,0.082
-88.5814957780307,200.8116452647564,-1506.2227213676467,10.903451508825407,215.4537675997569,0.1884867135168044,346.5885570858416,33.889624375957496,0.066
-89.46376349456746,136.60609701364731,-1293.1906821048278,27.336228457329234,92.36133524432651,0.6204578141709971,0.0,65.22165343338648,0.932
-89.67665252971459,182.357999967077,-808.6305402685591,27.30047441561629,78.4486252024191,1.0360371745265313,0.0,66.28211349986016,0.957
-89.58595946872839,202.61888539725703,-847.6044030693298,20.468537431799007,181.46303285467417,0.1535306945623596,289.1740016300587,57.29370845561264,0.068
-89.89621494308378,112.81237000462015,-1260.0216003174407,6.8397346827827175,240.5479597473288,0.11573645143715887,253.24085542669968,35.32584579353059,0.058
-88.53439472607829,106.2391896663427,-325.63271128266535,5.881711832600972,162.95582761737091,0.37720267677930963,217.72536737393722,20.93109493898654,0.052
-88.50843800678908,264.02466576056605,-423.62989047466715,3.8761864530996135,115.87259022898901,0.33754324914909606,346.1674235648453,13.190476279496,0.103
-88.92162663516481,313.65971572361656,-869.3023766956834,21.49166070238161,216.7856139664682,0.1307994404614769,281.9143525172601,58.796068587616105,0.095
-89.59341067799478,69.32938768507003,-1156.3105736719435,0.11768207489364357,190.2420516404526,0.33307304571529994,311.46219038912125,3.4199234709110478,0.018
-89.7412467587297,35.14275379265362,-674.1431239043687,18.768376541110072,224.08263472806362,0.35319990922809896,209.91884288047873,48.8255469752324,0.175
-89.86365496376916,323.20649030112935,-948.5860625590533,1.1889065217588701,120.57717732553469,0.3715904995547714,326.1943747726866,13.900938539187168,0.27
-89.58507846376608,125.96236691306352,-351.3599425552419,20.235461198419735,196.97247866661058,0.263108220239908,283.0377630703895,49.93423669085331,0.166
-88.20737448353202,198.4742606386131,-480.35089860935386,12.172195827305606,144.67882431870612,0.31102362115842885,286.5319976113966,34.10169076974272,0.029
-89.4410800007668,129.43553202720125,-2014.6031211341829,25.336385618598275,40.00606274910024,0.8655757319647936,0.0,52.41030320747058,0.974
-89.22688447828729,45.28884108457847,-2068.7705365933653,23.41454578321271,125.38739156384439,0.30659168054683206,254.36417636328727,52.48768469676877,0.151
-89.69984357948547,212.15939218118208,-1760.999635523261,26.350654120021115,62.45573659106932,0.8732599596303152,0.0,67.38676238057889,0.968
-89.47751352097848,189.05070663706667,-419.0890479464631,26.60818718289113,86.25216858926518,0.9916771215745597,0.0,53.01003039612013,0.87
-88.9134733155176,73.077681308831,-2461.0471974169964,13.436308339881977,113.51362976957974,0.24375863625867086,242.05352732703003,36.442645617747615,0.228
-88.74526990211827,162.67285607482003,-884.1940887136054,0.4120693357539533,142.90832020586913,0.3988375058694492,127.79737667792608,9.261309251217126,0.021
-89.4338306030842,286.9011014456325,-909.9655271256308,1.4747694500262156,156.62623572973573,0.20126823412664696,232.49693569153496,2.98734562708686,0.219
-89.79030889747229,212.55339711884088,-269.8815530510458,8.868485293159374,197.71402805366196,0.1264806311333646,212.81460997629318,36.19885283100386,0.022
-89.15703754865794,34.890237744118146,-1055.72904746889,1.1633416657190647,128.44144363054752,0.3295110895010883,294.11087299590054,7.175342870437792,0.11
-89.45501359523998,197.28773900248862,-2274.5675124671207,12.68823657704649,171.2261907027505,0.16414731336084826,225.65956774762452,38.1211067203593,0.285
-89.48284754586338,252.98578774425127,-1967.4839685184984,6.403458191748379,138.59690429440232,0.25980800788561176,220.29054189985877,20.462428342331474,0.214
-88.07626067484443,285.37322608107047,-2145.59641751826,10.198643955901487,229.74246501658885,0.12874045498017123,279.87274457311116,26.172989016979702,0.278
-88.72902907674113,226.48232830833604,-1630.3551730665122,16.927154194614012,116.29531111318269,0.28578515824503725,267.1469725382193,42.67440556213259,0.154
-88.84193095797302,54.956939234682146,-1346.3212539391416,8.95934741934242,159.83128173639295,0.3832022211709667,347.96359465836434,26.136924442609093,0.186
-89.11002730330569,255.66237597245785,-2132.3532209768455,0.7817119958741579,198.39237119567525,0.3168114137820874,187.98817518626691,10.629756428497759,0.16
-89.08500576648272,243.8430645893459,-23.470407478168454,11.46766332436568,237.83234492727146,0.16436043346798407,272.0891421912736,29.000567727779995,0.149
-88.87228049270765,8.793677858627959,-2260.2250975619527,3.0150951322715507,231.51907917714533,0.3913414135866583,141.81463896242386,10.96026738124207,0.178
-88.5767833666314,148.22916033248754,-123.1172609100156,9.29213503020937,235.3268799324029,0.19212607930736447,301.14018930876193,33.606552180316676,0.021
-88.56592241725453,119.86208890645439,-251.8695748485277,25.427769644230032,54.27061738085132,1.177878127480073,0.0,60.890217399423236,0.766
-89.57378157535965,240.98834313131164,-481.35796024877175,9.294946959038253,227.7292566048843,0.24943510611184028,281.45517127312723,28.288326583352266,0.072
-88.94978577105441,77.80889243193145,-1755.0132859974003,29.70957553347745,60.44439638444415,0.6830367813869178,0.0,64.96176076387067,0.831
-89.11727961943521,212.71389227073306,-926.0392966584789,26.316359869379696,88.98574402725284,0.9275428259003742,0.0,70.50471402440286,0.982
-88.24599876408817,328.754146253102,-2221.8969068404945,6.206946914209569,153.6206774161202,0.309018488330671,335.6526508600085,21.97675094809305,0.225
-88.70030404968509,287.20885399509876,-471.2743719730006,0.8887623358422445,237.64711487827134,0.2085792627078208,192.52287053385425,2.2989787189610578,0.058
-88.88824227380964,331.72478503795094,-1259.187825229015,11.474458380798065,166.36975191210269,0.12349759573073181,244.32897110938632,34.32803499879611,0.175
-89.68075017986006,352.2621480957684,-1527.4561716693481,23.53327763396889,198.773955973612,0.38050949728985695,322.22174253548326,53.24558608943569,0.089
-88.74928801028553,3.841245722218596,-2178.9958773250155,7.098090937713118,169.38505876897977,0.2769574957429196,223.66099763142302,28.75035168870062,0.16
-89.67731257920757,224.18685949589192,-3182.0048949032134,21.08090298262139,169.87078027219115,0.32605540227663277,249.79083498610524,57.35396408737812,0.192
-89.25930750642507,148.62218319320633,-2030.8326856286048,24.08439989136088,186.52918263128623,0.1721156306713839,250.81071479605825,62.783468643541234,0.179
-89.62860026685277,309.5476165206438,-309.7614435096748,4.259743496373941,159.82973934691515,0.3284622767888271,262.3137419373901,16.21245246512832,0.072
-88.5850600706537,90.65329272328741,-1522.2667427798433,5.239489117114129,220.983179197693,0.348542632006965,243.87508977976694,19.914486482833063,0.216
-89.50812098371131,353.1706160814274,-1335.4630856920378,19.126620321270067,198.70942295813344,0.22924881916434292,201.4860557333932,49.496268752774995,0.2
-89.15546719094276,220.93486903574902,-675.5565133692378,13.518475496415705,206.5658066154524,0.27158694182438964,234.86984120753078,41.50025757951774,0.28
-88.19821792252432,285.67346480237916,244.53510249301212,5.139384734563212,142.34487203104692,0.3915617604788665,317.86067044916757,15.090003528963909,0.194
-89.51179887154196,30.815839016196595,-139.99627604348916,8.478195518804126,245.74054038739493,0.35401889251232765,316.0258364183875,27.42352083330841,0.219
-88.93517037847832,66.04483851319142,-1977.8680030529504,11.294804472725808,202.42465368821516,0.23345501832044932,293.1364367152099,41.92922364045935,0.245
-89.10338384378456,273.02532229231315,-2754.0564571499253,3.6485442495546057,137.60742103425483,0.2993721576267538,203.526901730668,14.62012048337722,0.041
-89.86556432201311,7.915147934156499,687.691407280083,19.656431064826954,215.06863408594472,0.33526944304075396,296.49313796838265,49.18250828176596,0.212
-88.39375958421165,294.0760749217618,615.1932893275628,7.213078110608088,134.3199744490672,0.10729864617347455,196.96408679740262,37.49359399588842,0.102
-89.76881277800227,5.021646729088123,-1049.237122856574,15.837162237980987,118.87388548193117,0.2765097959875812,266.0171743626495,40.46814141110612,0.249
-88.99891546014379,236.5627820620584,-2216.3905964654573,11.761290316905473,183.85747546041682,0.3953585840238125,241.85703485144313,25.828610351230843,0.149
-88.834711239616,131.43381128345013,-429.41877288484864,4.584287411064924,187.49335358272862,0.3841541949478995,175.0061667391251,18.88167167916353,0.178
-88.70598973243229,220.1381469789117,-1286.3869488100881,28.888221923026766,41.2977092624761,1.1350170695759925,0.0,76.14109162334358,0.943
-88.59159990431503,250.57130651608094,-1290.3848984852884,6.1455497908003185,158.77305220090227,0.1318642279392056,307.59043981951,27.574672579307965,0.199
-89.41878247130684,123.2910789070695,-484.43292551589684,1.0235663642138917,242.40770139501757,0.39821243575484555,328.1882020402337,7.148677632423123,0.02
-89.88104032434896,38.8664813199008,-932.5002025013612,17.07932669962016,149.90045249224858,0.2828614459413848,151.3238572624218,46.235626967807384,0.227
-88.52545704152567,25.072512389375632,-2148.651928811956,5.395526319924168,131.7795285071516,0.16687247482884715,214.0537024565004,19.911828385776225,0.057
-88.8822524612396,212.01696812251723,-1459.7935480655792,4.205437987477677,248.95867421316356,0.30228060688429503,208.37638953840695,22.471044615830234,0.076
-88.31137636390623,187.43592734428015,-671.0776570709228,17.09501382824406,152.32277509326536,0.3569570686239044,222.25382430206867,41.11304048788591,0.01
-88.33936211048868,267.19236328360773,-791.7982220759852,1.5953269211043395,205.235514240451,0.13369832825429076,344.1564168843887,15.663242357875674,0.101
-88.29768028120303,183.50478360141736,-990.3867405132194,2.57273658199453,142.4184254014973,0.37493144298682746,229.68562828505748,24.696737280968755,0.123
-88.97832014603888,152.0804844111165,-453.2616364193086,29.25998002094337,59.46342235549855,1.1543132037305817,0.0,55.45812815931565,0.787
-89.26610604790996,143.3113841650431,-1489.3735902538117,17.794987376006446,164.07947812534618,0.10403932186939535,265.984268495221,48.55443772320611,0.077
-88.3960394150764,9.520884935160288,-1057.0641798247423,9.357907150056349,244.6210965622864,0.3700957364990183,126.79772542912568,35.31114967051461,0.269
-89.04254118524442,120.80059261079657,-3900.4632801420803,11.96522790298064,170.59282243706826,0.384045375472047,273.91420027344475,26.14877089406351,0.105
-89.55145982683348,351.36725670881793,-1559.7201550742511,17.05864358116156,191.78438578544137,0.11130753909410357,261.76479117460275,40.51430287845813,0.219
-88.2755493628332,314.480007441752,-588.8776731394845,21.733374496134207,242.2672772260206,0.18824989705241524,289.6172236747156,51.49823079635987,0.079
-88.22313623413254,118.57610413231836,-1512.315573693714,4.440247086849881,248.4928019913137,0.21193225204483795,118.61213040378398,15.22594343835573,0.245
-89.01401146333367,211.60634582389397,-1572.9819133736896,15.661465259656824,124.2321709606995,0.20466714161991706,160.32688999074384,37.29386220220036,0.207
-89.7561705181114,305.0268283927778,-2033.1623614198547,6.932958237897615,226.80489968593446,0.3277009711810568,292.32217243833963,21.992201881281325,0.229
-89.16313042915783,158.85876123002473,-397.3072858166836,10.110187554873757,163.49630918621483,0.20743133776716013,192.65399322759654,34.47884932472477,0.137
-88.37327844702105,6.4648309500543455,-761.2293811675435,13.606928674649046,193.2760188687858,0.38697364296842274,327.70473920551876,44.65211896690121,0.265
-88.18662934576217,26.823766254710428,-539.668321741532,11.933214269473277,162.50673105373437,0.3984977875914214,229.41760224193447,40.37969897455119,0.118
-89.51340178925457,183.74137968553438,-2580.971169566312,19.35566898302572,166.15626879167093,0.195045661211874,100.25678339239995,53.68034216665347,0.184
-89.77275013715199,348.9981752433162,-1328.3600346125072,16.87086559115594,132.24005503791562,0.2526402259619521,274.7089907311431,52.90230664791341,0.196
-88.2330341390476,249.5554351987924,-1424.088806200005,3.0816920937217773,190.18730417990122,0.26731175209000224,228.36599281575556,26.32002241083229,0.286
-89.16013061594015,25.52982891788503,-1424.457365278842,1.5782320706544208,186.54023243226146,0.27382084899011855,179.27358896218323,13.986759726478423,0.049
-88.87065416789163,68.1699152850706,-1692.8220349743647,8.302833152407072,136.50981039537598,0.2122626982585899,105.11017460080251,33.76049258319604,0.049
-88.06067495710356,277.676331558066,-1476.8834174240121,30.28625262441825,80.67560063046174,0.7472749670402695,0.0,72.69210124144561,0.865
-89.77352701696299,302.9183135842481,-520.2841738346785,3.484081674983976,246.23426356835205,0.1163681625193383,140.39847958185052,15.886968132974143,0.276
-88.66819578584102,222.3700510278927,-2730.2810826782634,9.917772903872471,210.01720341953057,0.13190459969494966,245.71353610504073,29.58670224589446,0.016
-89.75919969710776,231.99234106673399,221.83581442436298,6.636539730434781,177.33755834166925,0.37038737127815247,292.3885051269349,28.335666790032548,0.09
-89.18660903591365,10.201482138018472,-812.9270999788308,6.459556159119201,238.25175798139253,0.18411250198615214,158.65160420343898,30.247068143741537,0.092
-88.37275236413245,298.2708934493431,-1233.8655165281702,13.782397439050555,190.54400991074283,0.12304689496331336,274.43078355688704,40.46706670385993,0.098
-89.0764027577643,283.77907494149866,-474.532682901659,26.007772761956513,41.53503924175161,0.7615835202875972,0.0,60.03535609919657,0.926
-88.00535352758439,93.25265187720498,-2361.467796134748,16.55968399880589,186.6513506937439,0.1225921453783856,255.396505336137,40.671973363927556,0.249
-88.83778735860146,255.1236191875825,-1731.7607241208111,3.964690385729078,135.3362361512215,0.12101588190070728,293.911906493269,8.662958362528741,0.013
-89.28979190999169,77.34765831299931,-1296.860345912443,39.53229510803207,45.86775113246189,0.9580313114288933,0.0,90.86926037578368,0.91
-89.48178848078098,14.518857978544677,-107.55170365425806,12.785732209611258,245.40439000125917,0.2774185732595592,118.7346304876526,37.03592738817716,0.026
-89.2340109848563,72.40915533253582,-1237.1972649012464,6.227790436178866,160.51460183606622,0.11244318608498804,191.34695031073196,17.232394119817545,0.242
-89.19218677985685,64.30639563154782,-839.9562630518831,26.120963746775892,84.54233480429474,0.8154511623552135,0.0,64.60745209629988,0.786
-89.76944401232448,121.589278824545,-1671.6631967489022,7.309293820561815,169.00950535740822,0.2307304923718104,271.52464732877183,26.900254453455275,0.219
-89.19780902108913,150.6418189831649,-810.5263448260073,28.629136549874428,56.58362221387502,1.0139656845778904,0.0,59.83971100407127,0.757
-89.01794681249548,183.07400093917485,141.7916743795654,3.293572090333333,221.18519508300835,0.32135341313103627,257.4946049416542,14.978424291922181,0.283
-88.52679827074627,171.63139518299815,-403.5786466607087,26.300303889213694,68.89766390247036,0.6868434589564381,0.0,69.64583637164662,0.841
-88.65221397902894,97.44285814750417,-1265.1647902223035,14.010476642816943,118.96721795991834,0.2298340850751431,299.28285666323177,34.85505066537322,0.26
-88.55334525506461,10.501440686666808,-659.6073221876243,24.91052232702434,227.43288690323897,0.33782280530828956,138.26697791018637,59.90925306661694,0.063
-89.88410900443398,217.83658400537425,-737.9864363142306,31.017657087015444,77.23268656610318,1.1733973740116923,0.0,72.83759819585045,0.859
-89.48643194079699,142.46813874504758,-794.7298626421795,0.6739270947874623,247.08116263927695,0.3673968919149635,191.48261644125904,11.216173212814827,0.013
-88.64279985204027,107.52197665951789,-310.43731131167294,24.757718207583224,162.7328394603592,0.24328928562821253,138.50250225556064,62.958956661818426,0.092
-88.98042020045848,312.0987754189844,-316.41783693002685,2.089039044254047,196.30295060104532,0.2562597391006306,140.53515600961276,18.85418660613309,0.143
-89.88990439623015,268.8275908073375,-1301.7268774999075,1.5281564475177163,120.89530664544425,0.2587316326456478,345.8993738240205,19.379226348471185,0.274
-88.37146017937954,308.7955974140792,-686.4967508177847,3.965905402075629,158.25285845636995,0.3606146709122454,255.80569063515256,16.36432116312607,0.102
-88.43166181074837,178.19380609648596,-1506.475936927835,17.03636636177861,222.3295540305094,0.3519818520814003,143.5661485805203,46.69206575153392,0.205
-88.85800359031224,47.13525076563989,-1938.457917052462,12.330158769348596,176.80918887345618,0.19345975856360353,167.14063450257242,38.85946397509889,0.252
-89.77371968102509,250.63971700365806,-1415.5950045631891,10.32863915837164,236.6444876961632,0.1488549068266106,193.01994227290282,30.06561115764264,0.105
-88.4436214058881,74.18656077738308,-1261.022521391666,13.46235279022361,190.51938174711302,0.2136923684476305,113.97486756321902,33.328897104864396,0.059
-88.79094418331042,158.84268087301805,-2529.2647913423934,17.912895892934728,240.00010735540468,0.18652191497482035,127.1039291033422,46.54368272114519,0.181
-88.41427604339988,23.40028402159986,-511.7339524666237,18.682481239413526,247.56538698175785,0.38523421744447295,290.4385735996848,44.33630482115933,0.092
-88.4716807144479,297.1110248722737,-3413.8603380819186,22.94166835615131,173.54523833255863,0.1797747038315955,296.71849240520123,52.36219624304977,0.199
-88.37429606328011,45.33863077710021,971.8535515890571,30.200348127674395,73.27531458809483,0.7022628096856781,0.0,71.50136579611568,0.896
-88.91578467383121,325.1151025377515,1.5033070370550377,11.78637627558523,226.88889005517777,0.3698437187677647,116.89909633678835,32.63117096005664,0.054
-89.63338341543232,311.12301681416056,-1408.8069793378509,6.789110378690838,141.0146207750138,0.12594358130682132,322.29610290527967,24.455830231030788,0.206
-88.6248008005786,167.2497951981286,-1192.4589115489814,18.135361291851883,230.62814032935535,0.17807981542793808,179.30401141102124,38.514589741852646,0.292
-88.72109980840126,267.9725535494366,-957.6225011301735,0.5574518373537973,192.86881965281776,0.23173335820017654,181.96264643655013,10.237168028525819,0.082
-88.48971894432174,223.0002265745352,-1671.3283103911535,5.212958678883886,211.57001895383354,0.2785322134479047,131.8205629701144,9.124592848735412,0.217
-89.57722608850361,289.1072312415881,-1045.9046819304508,21.9938094639279,121.17956317288233,0.19830186891199192,346.5750442361848,48.760268054673645,0.164
-89.52954712018945,155.44983628292835,-1315.199982161329,10.758716251822959,217.26627568347652,0.24887019907630153,345.24730922716833,31.072764746322324,0.255
-88.20822191728328,282.891054327966,-1275.4181737847728,0.08192458358039012,153.51016664031218,0.15964935592918195,316.207402184486,16.229461990944937,0.123
-88.47504218294107,166.48445414345326,-1054.831149215489,2.898030653651741,222.73251875897787,0.2722822360676457,122.69502166130913,18.48031561313812,0.292
-88.17436587146939,338.7476836234058,-2250.822238683196,12.487166793938073,181.28135536237897,0.22234504248389786,310.4124064273089,35.42571792896527,0.034
-88.45844088978855,175.09395629705313,-1168.3442206930815,23.418965369680098,148.44600687418864,0.3547779061805352,258.65349828320177,54.95420588006748,0.296
-88.76540491861843,166.54293789614263,-1069.2418027060182,23.285457775311865,243.38635758303158,0.22472024001659574,132.1938614885707,55.31795324435749,0.255
-88.65714779964705,282.6258701628646,-1096.9203029152686,13.108805028928373,217.10873567960988,0.2331446253646151,165.43943931161544,42.74650604725444,0.261
-88.21065694451399,295.76796903390164,-1372.6646043489236,32.089094190961276,70.65543567449122,1.1923206929610082,0.0,68.64644540107031,0.808
-88.80026716642732,199.6160811556215,-289.71377922450256,10.951796340595372,161.02578577770853,0.13695100122308246,300.8601935951902,28.275901378383047,0.26
-88.69845648377607,64.72721285822715,-1482.922043905241,10.614323766025892,200.89074869582942,0.14703855301188434,312.02176149411855,36.56242458138751,0.246
-89.60269423959316,168.3929631447286,-1018.1392745414478,13.674359097389999,195.62241490092174,0.33707132416817215,235.95756026472975,35.62908246127127,0.271
-88.99954968177941,348.5061010474842,-162.16197285956355,7.526370508387844,206.25794374963243,0.18202563374186415,233.65497915399283,34.748170947309816,0.144
-88.53884548727962,271.0750294941067,-1263.50091201625,20.520150349084943,115.36431924578632,0.30540907867853684,271.05225321531236,54.49380011803166,0.282
-89.3852088731989,292.0185373964876,-1028.429386025959,27.63961336859704,74.02365779393938,1.0094706111771512,0.0,71.05401205389694,0.935
-89.51571705700339,11.817179574926445,-1277.1077090519177,3.697653663327154,237.307260330713,0.346553998095404,142.64644530885533,9.267169722641338,0.221
-89.30372906437361,168.42940654829755,-210.1041651491206,16.622523292930484,169.33480768211177,0.39646843327568715,284.9594148878232,48.54217969977576,0.216
-89.44114880681362,232.78360811671993,-1406.1796492690362,22.468790323232877,244.49011507141662,0.21210728356233532,185.4216472889283,50.69063223022116,0.248
-89.49166598963085,298.8117661061069,-173.31633816943554,12.11208153195899,139.8904441702966,0.25165903057446903,195.93965523058557,37.802985915125234,0.224
-89.09278339855064,17.73851528979773,-1282.8703157176517,10.832804575272302,249.6393562873525,0.2328135939519407,119.42824121895049,29.84710264722937,0.02
-88.17510682362129,306.8779988310743,-1887.5677787584134,14.472899995742523,207.66132725433454,0.3682563245917071,247.10519056706715,40.05981708428771,0.224
-88.93658667119644,197.42433722708822,-656.5014635407032,19.614306240608933,218.6950793693083,0.10298021130906389,123.35502438366122,43.69746107294984,0.017
-89.54295127645089,71.03302940738158,-1443.7342670045248,2.525771049815411,165.560564108355,0.29603779634915084,328.28390092921416,6.448640103461942,0.165
-89.75375382817634,114.211877921892,-703.5992807206698,9.45845469125613,236.9811369764869,0.29571048184105986,255.2425765651552,29.66969153480876,0.253
-88.57730332423795,101.49463863056187,-3383.523507938987,0.44503957871235933,186.36480613420707,0.21471550248938595,347.57046377954657,9.421079695263174,0.251
-89.17268234757087,191.1092523438513,-1195.835790484043,13.701475485803527,205.3313732314489,0.16580009263510437,161.41303815765133,32.93397285486245,0.254
-88.33852120148782,18.606844768007456,-1567.6842390059844,22.270044117876566,123.27315798708004,0.17190480442451073,269.90014096640937,46.129838295714734,0.185
-88.64692953958254,57.07301705997247,-2050.6069492250226,11.962514661981483,198.4352981250051,0.3401392363641674,341.10749708128935,20.549759182786378,0.063
-88.3871412439714,292.56949561528165,-1642.5928014718395,27.976749967049827,81.75166927503133,0.9580637663018844,0.0,68.57129608802518,0.843
-89.38330252510495,47.737436668851984,-1658.9625154341213,20.573221919061773,134.95965195023834,0.2691472438823077,124.08066212252338,49.87111973675791,0.16
-88.584518047324,84.0226570049257,-1238.3886358804648,8.45790238334551,213.28163084887845,0.1920521808934797,258.49414418039953,23.896479908470155,0.104
-89.39828222908194,163.21341801749662,-2293.861169027965,11.168193398955914,113.55610625925164,0.17957434374049613,191.52479169133966,33.40044432214431,0.133
-88.11576988904444,186.16351972079897,-946.9809757922291,17.661773907701726,239.66842231875265,0.2517212996593108,168.2644084275324,50.395569116884516,0.263
-88.69088886508659,274.89977266109713,-107.02817183536968,21.668834167557435,247.60839624436608,0.36935845188393013,348.3969126858527,54.68550096971806,0.16
-89.28342757966685,161.0396735998276,-975.2572024417389,15.226706307420114,159.58520935173323,0.28542757571119926,288.52733402583027,38.23776749872583,0.214
-89.38792746164468,284.351263572794,-552.8091126167928,23.055931452894843,124.99033896014689,0.33658318832659706,221.34865825310942,66.77430538137313,0.154
-89.53723948836388,222.6046705363647,-324.3500363089636,9.033312633255285,202.2006915428403,0.28020513377886436,112.50084934574153,24.887861854060702,0.189
-88.58018217810192,40.715906192576085,-210.80839025265857,2.028564532143138,114.17683198064707,0.30931473396182224,147.90391937846886,7.008974527993907,0.037
-89.48444033530394,56.27931782142189,296.11095425704434,11.351907464388697,177.54807938160616,0.2297222946379887,174.69460631824396,33.202893117375424,0.28
-88.76892379473777,157.3321411619175,-1599.3615986207442,14.051848907361837,148.0490845193041,0.3777944905624552,221.7991503915713,36.82589388617275,0.136
-89.39719344884182,142.88018151205426,-1774.7871881288931,0.01535394739286744,176.26746755340275,0.25058170613174835,224.31246039123988,14.766179111166128,0.227
-88.64225900489166,267.675937069426,-573.2274813402123,1.3672208414662208,112.55857206336998,0.265532400768029,106.18334080581812,10.102998227558004,0.203
-88.35161451577298,209.06537032704668,-633.3870242740802,16.473862964734273,117.22570562989891,0.25748965097645493,335.83906750424364,42.12195639672763,0.242
-88.42175203802516,139.72790916080976,-579.4597603074486,7.936431486295764,112.23661603807352,0.19485670604947555,235.70179485962652,21.544024216386866,0.02
-88.45438247123151,61.473702042138825,311.4259634002017,10.341590943379979,196.67846180659598,0.16937153067975572,104.93179174634636,34.72147449639624,0.281
-89.54332742918473,81.66135683717825,-1190.9040729612047,8.403073342991766,188.4130084745292,0.12215048923466651,275.33379854388625,27.52399667690363,0.251
-89.73206860072942,207.18036664886122,-859.074752283052,27.20600901763212,69.93495418654541,1.1929149357022264,0.0,63.03609422155382,0.989
-88.57199722587397,152.43796976392528,-1984.3106011867799,24.617611603950003,200.530038046563,0.18678257895111125,280.2926062188077,58.48527137740457,0.145
-89.20014029379074,185.37390318984194,508.25689918076614,0.37353690039168086,233.7890159652965,0.2167593889586822,275.3731202069441,10.640521304999002,0.241
-89.07854216983364,61.44387670880412,-1469.2359369672888,6.67206786919553,148.82509414365592,0.3759784488178639,346.2307910179678,16.157330950457663,0.177
-89.84081672369257,238.6462508440437,-1446.5727425286639,20.50004267969593,226.47913310305825,0.2699342048235621,185.50935475201172,56.813627267267584,0.156
-89.40680474637742,306.91394670814816,-1477.399912806594,18.019362371032422,202.7512790403054,0.12912341917118147,136.0818228890521,51.55886630076598,0.238
-89.83601483263853,92.8582224432842,-1715.91668691547,11.585420376702144,114.73486204421764,0.33988357384715495,122.96731816132092,33.37424270041765,0.192
-88.22954703205762,176.94512129945758,-1783.5496390781195,0.6239979503576478,162.52098541612082,0.17683917973283664,117.9315175432987,10.917043665086517,0.032
-89.4375463018848,351.18983844752466,-1618.9634263116202,5.174599538464543,181.08601022026238,0.26581175279385477,302.58330047970315,15.365909011404508,0.101
-88.84105937781129,119.96702659826195,-2292.6367424407554,6.832324324537103,212.437886593661,0.2529944424591972,279.63701745693095,32.30132346082273,0.19
-89.82593929074386,214.21668417255404,-1828.2543362105907,14.769943311191007,150.19827815547836,0.17142365270556423,343.9788041817227,46.96715944738624,0.272
-88.63298995651925,32.47045207208797,359.1704891580953,29.037271546972377,50.22639169652469,0.8269500022591906,0.0,70.04651676098669,0.982
-89.28624804306723,218.16540089259954,-611.4758850869051,5.13119765211872,205.83556367071202,0.16337848194849042,300.7756132987107,24.362635737595475,0.253
-88.19395354478044,32.267438389662445,-459.27665861782566,1.739647524447598,162.19391480301047,0.1292013398691897,123.25352386130852,19.631699888351125,0.084
-88.21257544102534,345.32475671657596,-258.23297006646817,10.914135231720568,123.58350547079569,0.18268840568563038,325.96997310458795,36.96562073804502,0.147
-89.28194782511268,257.6385547460321,267.3076514899126,22.31738980514059,135.3914864379134,0.39918925322123944,112.95757720239237,50.353804753038176,0.136
-88.18817429818812,283.7375237288543,-2617.1380411550754,2.4688296676070323,178.26508640772192,0.22062767957241478,296.97087060202455,13.38202688310165,0.137
-88.00730042035232,253.47756987778928,-2183.9064922292328,26.536341508749477,50.56273715178207,0.9665063454145644,0.0,65.41359394719629,0.795
-88.3317102381645,212.3024529875277,-1842.9789287157482,10.279686378843305,217.48062707498948,0.26475330763871846,145.2982516375883,31.575997419228866,0.06
-88.29474443926506,161.96860119078192,-1575.7838371916782,4.656799976866263,211.66472758011537,0.2999749238001199,276.12863192913557,23.078895298830908,0.054
-89.42688340139273,309.0144167139825,-1440.4555124681992,4.001892867621596,138.17822539249443,0.14690439092516688,323.96950794313045,21.222412750204306,0.189
-88.80426544217026,344.4608403155027,-1557.5820422448326,19.065207734206275,193.2939268781571,0.18244176022659264,291.0315098458219,49.365272109736644,0.129
-89.772213763462,179.65302224546926,-1024.5528694943569,10.288288047584652,112.88705210400437,0.25313302690867767,178.2749862681265,17.55789256277777,0.104
-89.71965592003883,335.3526176958943,-1171.7636874038274,13.707054827545068,165.79663591380665,0.36434303026805226,188.39266372373407,43.2782910465443,0.139
-88.00210403713675,209.9998475958663,-1778.2678361425997,2.9918825898863624,216.97473368002483,0.11286641076548205,147.32614872224516,20.178944258517532,0.104
-89.27938542609077,193.81830728271595,-2940.4390215900557,8.809039657489762,165.9312030602033,0.2520759878697163,306.01539822025967,37.96414995957643,0.23
-88.47845056710719,163.6137838639284,-1994.2949643029585,7.134187536452622,226.9834735721994,0.11530366375252898,126.77340858227751,21.880887145047343,0.058
-88.36733639924906,75.34359415084315,-1639.3909226500602,10.994068946217924,246.6617406175394,0.23704680293478478,325.8034818171875,22.773607242885046,0.026
-88.26975578508626,1.3390778945013082,-1397.6635494461757,5.304476736241895,195.0097643779112,0.28866044779979105,250.28356175510035,19.706711770684443,0.199
-88.0045062349359,86.94224166818205,-2103.7339674484297,3.3418096068722143,130.30057068784592,0.32341695742849225,247.2137389242492,18.967020908131015,0.077
-89.44115667801195,183.50034177728347,-1592.645173197136,39.28499745296607,75.3617666613741,0.7687265612546094,0.0,86.35980059663468,0.78
-89.82333342896658,136.78558281351093,-2104.789910788469,1.6340424733751409,111.32766970957252,0.14997258503840444,266.88331284866774,20.127053287210916,0.027
-89.1187361158103,161.45468208094817,-1300.6554812386664,13.814590069425389,194.38162933770536,0.24101947650753722,176.05981455957027,34.3284827134442,0.082
-89.652846727325,353.0333590430578,-2058.4730626900923,5.720278284240422,225.01959013633174,0.39941093739372224,187.37878052920664,20.93612995116343,0.055
-89.85739081059211,126.09805344095793,-1879.1237250963716,7.970474366179751,198.19161104922603,0.20681405069702904,143.263547781159,24.71099909655878,0.094
-89.21518902843118,162.78585816963883,-2246.947304791311,12.978264918522676,220.052072085683,0.2282582282088731,216.0158104747042,49.828087133445834,0.105
-88.41089732295706,48.065598487015045,-1322.800556455827,13.743675877683033,221.98654981862413,0.22973402284436548,127.53869143634441,32.95696345477827,0.154
-88.82425668667237,17.264783677315553,-1893.1582159619188,24.614989908023837,229.1417606704449,0.12421024640712865,263.25912683171856,62.14863717198187,0.161
-89.30572182050034,279.1474252532981,-474.5725866596565,15.99546841015706,147.3329296196576,0.33225164358699866,142.3072102785011,35.98489929451429,0.193
-88.65675018956384,205.4459430259123,-875.3197866456808,10.50189281254209,231.97759319485908,0.17593045732783225,315.9829432701463,32.71860936732311,0.106
-89.45916545741326,273.8537301758022,-1255.8814945469144,2.5039975593499584,201.57315978488873,0.311100117064876,275.1156467320707,10.23565921841092,0.164
-89.87267525246304,53.95060759915859,-1837.9883978750308,26.990120682335487,68.2256455082229,1.0504443364870144,0.0,69.47996419087583,0.977
-88.44772856577079,205.85835762576875,-895.5837557469576,21.28851246050224,248.22126009947655,0.28353392266581523,121.75774689672255,57.11766800009272,0.071
-88.71488813875838,91.3112907628952,-647.4392885210904,0.4632947774842471,243.02553512243367,0.11619149094849889,299.62733362555053,12.284190837121228,0.054
-88.45162501344818,82.10225408400717,-1085.8492702386957,12.379637282106353,190.4217376488959,0.3669897053249699,320.2011812570857,27.802127204588786,0.254
-89.82601776829344,4.149365059074692,82.96148437354441,13.440522315264968,228.0491729759389,0.17315703082591402,111.14245222701291,36.615023119185636,0.129
-88.30947270712176,46.92266048486588,-832.2901455401473,8.543463433943309,146.60922842078205,0.3010286162502511,349.7689888002941,25.566238350493677,0.256
-88.72290021993102,111.33652013989033,-469.1142259455727,19.71850485806795,168.2451795255246,0.33940573361984855,175.1610790395581,53.588974037372346,0.133
-88.82954883364599,42.076353812738056,-1093.1476675712174,20.317331383481772,135.75604650413672,0.2620116151849592,152.9303035522753,46.12222070276499,0.016
-88.71323330858239,354.9090385479375,-659.4684373944187,10.095143021948942,182.81436996809472,0.20120020662358729,203.72630581430778,35.96559344966012,0.119
-88.25757683095011,111.10775346862224,-1837.4249861353403,9.191307542023416,179.44020021003314,0.39337101234432303,102.15884804033631,33.21955042481402,0.187
-88.78482063753808,46.91662081283814,-1566.7186905702351,26.989584626675317,64.59112741149804,0.8134055808658461,0.0,57.107164615830534,0.962
-88.79619427821247,71.66963261806478,-920.5091572140961,21.32838892362237,204.19223712025365,0.38459870113698114,167.12272064065144,51.558762444982186,0.143
-88.01770960157505,211.57316220293154,-926.3204147540947,12.723603899083844,126.49064137355775,0.14686724010541954,230.39787507709838,35.19053044877331,0.3
-88.46221268256973,23.055668591323865,-793.910541645402,4.292090390800535,118.63680314975957,0.21676663945670308,255.889879904463,23.61392007839974,0.168
-89.05964176964285,310.47628685081645,-319.6856861770167,15.44000106305036,163.88669561273406,0.14154867524419068,297.77294894990735,37.445898760448635,0.212
-88.55594569993744,346.139884525373,-2339.9769374523294,18.980834649176682,167.3754688898587,0.10067214192210881,162.55152830520973,48.99969014469184,0.219
-89.1604621037856,88.82907144025711,-1979.562038088237,15.545216283983727,154.76368491370806,0.1780775621189425,279.28659185121387,46.58572516138926,0.01
-89.46513662128136,162.03429669270938,-1016.3418871405975,14.518694483180255,146.11252926095506,0.12616312027568644,129.41522026053468,40.293735531003804,0.17
-88.76598143391325,7.9684023706189455,-1779.4909054427685,7.833080132042646,157.42868830133426,0.39590365692710416,276.0587919722208,16.379555538506377,0.289
-88.13645401358349,230.65568090179974,1502.2145930314896,9.791457198704485,132.8725803532944,0.3284959953855408,329.82388313938907,27.110310788740207,0.228
-88.13463491197062,149.01338089893198,-787.4243046638912,2.926190472366793,166.48334567860283,0.10111143889660265,121.25656708830634,20.373542964268022,0.109
-89.25037997159957,97.22104779656006,-1262.6646791441258,10.51810709596358,236.64447229244212,0.16709397544707766,129.1757002038125,34.9330915352555,0.116
-88.89741281417878,74.46135982197904,-1612.3754184670875,25.919915761813314,79.63763376492233,0.6210805218853293,0.0,50.592878174402856,0.761
-89.49789179271727,235.44830795715376,-1584.1298265544356,7.536015011844844,205.82315460904906,0.21956563394942635,111.60010558574642,26.075718976740472,0.193
-88.00830089195212,149.8381311716332,-1175.887470947858,21.655735587931837,129.8498314556975,0.34955276891326825,146.84762732223723,58.04149397927375,0.038
-88.03587597505093,64.67734405076833,-1110.4144539029937,3.936687811203898,159.54692736143232,0.2514582335127195,147.54803409616227,20.56799806320639,0.094
-88.66593303355585,248.07926933525664,-1565.3593157548103,19.58756192656039,154.96446927633588,0.29609542591972876,220.31186568282564,52.442998836847885,0.154
-88.3716132866128,203.4260218932097,-1418.5217972159214,12.016558556219513,241.1841152171659,0.2791112192783442,162.1217573276168,44.34469921491323,0.165
-88.54130969356098,309.1219397746186,-124.57233981232275,15.520248287892805,169.91748781225326,0.2914506701870903,218.8807138923994,40.82323087787462,0.186
-88.77299938382501,42.29132359553744,-92.3960298791726,12.071532560974875,206.66523212939376,0.16902965614815404,230.29394706985556,35.66694784748298,0.241
-89.7986388057211,282.83997670000423,-998.3728160520984,18.416252324412085,194.3447932559861,0.2119868317618575,282.6610968842386,42.13502709105118,0.057
-89.03594774914994,242.46604325421325,-2273.0077817893903,13.675851179337581,129.7442105398666,0.11518877585934742,336.4980486852108,34.178346743873476,0.075
-88.61790602588192,41.403937258115214,-769.1974746887652,2.1982531345756957,241.53566314428656,0.2762909544064627,225.93680409157201,12.736635079853555,0.263
-88.612689933621,250.13546275381947,43.425953288820665,16.170804980086444,158.42170085980683,0.2377775386227327,188.75133637306342,46.5902382443968,0.251
-89.19106702499748,158.95702399673894,-104.17511843009697,8.435383538962355,116.26616980971096,0.3282148447057217,164.67585326272336,23.13272318015933,0.248
-88.11078522534974,340.1945228001035,-612.4593177522663,6.6941964435279075,152.06211895818626,0.16191473938649265,258.6643028760322,29.561508335064318,0.07
-89.58202163875012,50.98008622244375,-62.06163577134271,11.456591589633502,156.98872162352566,0.23104363482034057,335.729277881359,27.44735202053779,0.027
-88.94931705219044,231.42002069366566,-1157.2925820167825,3.718598623871033,122.9843458330218,0.1542236299172159,291.1637279434415,20.635221762350692,0.162
-88.58732044455344,137.51281636666053,-697.5176241330361,5.084385973062264,196.796836893192,0.28419376757453263,151.52565797209445,22.92910474067411,0.262
-88.57544196880556,344.453281412716,-1744.6204530601442,14.715822001535923,158.54698877581637,0.3544090769534356,323.32603265887167,40.71903443968004,0.079
-88.66758598213926,118.79096230449953,-966.1876350754303,22.092949557798093,198.0788448863359,0.32963297453469553,283.87832702106,59.10909241083116,0.272
-89.37695239444147,346.38692741704807,-136.37260482358033,2.415506187451923,110.9436789024694,0.38325939178926627,131.98621530908954,11.118305532382802,0.051
-89.60320751949543,324.53490639626966,-1671.5387291895129,6.249418038126298,247.48677585870536,0.39151773455907735,278.20060389474054,20.16820256194959,0.096
-88.69171337902925,97.33796471183628,-1889.1547435714292,4.687390266729551,133.87229019625542,0.3316101602745972,172.33886435155665,14.558014492590086,0.097
-88.76132597933507,289.27503965751396,-1122.0088487810426,12.213797518772786,202.3063381386911,0.18604182561407762,222.84916433252744,34.47265505904344,0.054
-89.55922358045045,358.41751264926216,-1381.3297629791996,13.417117903175088,210.20980245913216,0.1657784131645955,175.0578285228547,36.23452537186679,0.263
-88.56023562341593,90.95868078166164,-680.6818231436637,21.34717745828492,134.02516896464664,0.23426471036468313,121.01480948525744,56.976630209079914,0.13
-89.03517321570605,157.2397809563951,-1562.6076207576339,22.166432073158823,125.6397194943386,0.39816510837313623,292.1458961708398,56.26692259921431,0.065
-88.63125487595401,187.26506516403347,174.75169248217117,3.292336235592611,131.3608068582732,0.22380040624514663,307.170939677031,20.031759093115106,0.053
-88.30900254843671,106.17520888939116,-2231.7408783688443,0.5169804852014259,144.55455581829224,0.15972052317168065,157.99475034018013,10.048315479473503,0.132
-89.57751598570385,5.4953422725707135,-197.0121710242123,12.216055475916846,133.55249651900724,0.3833028633349723,159.90952947988217,36.46048332639203,0.015
-89.86362475080601,79.2465279111096,-1811.8793826464826,20.292736865664672,204.35991977385143,0.21577539327880685,207.48943205216,59.649150818768895,0.045
-88.41970508584801,101.49727836303305,-2636.7861876672187,13.548504483103839,168.91664852164942,0.3072696661682893,302.8673297758452,30.369298546858435,0.011
-88.74157489221002,159.69589247454738,-1009.699874920906,14.893046358737612,185.29082323215084,0.33644589358437604,119.31701801168865,30.590621354428876,0.017
-88.57068481771798,61.59689222882467,-1403.6863888111068,23.418309277362333,116.62715043328215,0.3529467706178603,302.1778383240783,60.0211836668857,0.299
-88.30750554752159,314.3715684090021,-2087.6874943224248,4.608634407692966,230.57485483410125,0.3463841161368372,330.68074023889335,14.974555147563557,0.14
-88.37465922383345,253.768007783281,-2545.1015133722112,9.8002991332697,133.8800174488669,0.350874058899994,240.37604194747684,22.691941859639506,0.221
-88.07425172083524,30.672171921478313,-1206.6886298171655,28.346055117612014,70.88409901799434,0.965534699954101,0.0,69.3616491844562,0.922
-88.88172335018098,234.0332824103753,-419.3304867009457,10.03188876902373,120.06622957588738,0.221149320781738,167.3881899640686,25.041896787321818,0.265
-88.97185829794618,235.31633150602335,-732.0372055308446,0.6733696596657115,129.15103885076616,0.3001860562191512,127.84661852634291,19.042019744832455,0.04
-89.13641432020762,344.239622511706,-1154.6346809285876,5.306439037497052,203.21191739659258,0.35102030021797404,164.82089268735567,21.395226144874577,0.162
-89.60798701859602,1.0875136882180492,-816.921941425812,2.6182014877875766,206.96218031579645,0.20519273938732635,302.94550237302605,14.223373812103322,0.103
-88.81204625752416,89.25568193009059,-1221.7713059022856,15.571625857012705,204.7751678475493,0.18895239708761205,113.91694730698279,37.03534962677952,0.169
-89.37367620378065,334.00493257511357,-2343.7793944242967,3.0405299641122117,187.29915029844307,0.20311216513154906,170.95590871299783,17.157001797379877,0.106
-88.14951572679534,335.5682095433819,-2336.7151881787545,14.710342528612447,243.35303296166694,0.26538501880881055,229.23769065637285,31.466078363874495,0.063
-88.79193747187352,259.41111097342946,-1362.534823187743,4.639347814593503,181.0048025076007,0.11573316244418336,318.51024412148865,6.937245493248291,0.205
-88.7736036570346,275.67479557711437,-1328.5226290928595,9.23378538398228,172.91768410150252,0.33369124570505204,162.49554147924354,20.69680050856651,0.021
-89.22564314433369,32.93386485467296,-519.213857194588,15.06619786981922,144.6563792004001,0.14165558753506058,294.5817891342208,45.818346522281736,0.27
-89.80122023124237,184.9953005201641,-594.1566209802023,13.484636815468889,123.83893409732576,0.13985159703522965,245.89226868472258,32.348577908062474,0.052
-89.83968684579133,83.36987686403978,-715.8935873928405,17.177578157088405,186.74169019526502,0.1592977418068315,269.0923543449236,37.182644983488586,0.188
-89.09566322610893,65.23849570090222,-1424.2261704617445,5.270127808347434,154.08462613699592,0.2730782304917495,315.4421618936727,20.09624860333944,0.229
-89.73932578161525,291.7091876843997,-2304.5217360881115,4.204555246406235,183.36355364667213,0.18567051274118682,106.60391342626232,29.532548637764304,0.031
-88.74699078447374,48.61372920499707,-870.3430903471808,16.014668584815457,138.85667095646716,0.2104270986959657,232.43336990087226,47.48881021293471,0.272
-88.22615128928466,168.71458931869867,-779.8645493902652,27.19019572530981,66.16350116905208,1.0973728256952462,0.0,60.37816771604632,0.758
-88.22246184861443,337.8881662509719,-3110.8251699821485,12.111680095063276,249.95760935226966,0.3541606539930956,321.15076404977424,30.13103966439319,0.299
-88.64781372074876,66.89954000352331,-1867.47054926613,16.24585096047145,155.13649141689092,0.35565715993143476,133.17354707194465,38.511926360371845,0.03
-89.49865952020143,352.07763254576446,-1752.8435019151168,8.784123155742927,227.92586501644615,0.2732925499977964,185.36290943002604,23.01692316004523,0.218
-88.26030602041814,357.94367487398125,-1105.319839101251,3.436305218736848,232.21805909493702,0.3599398441871442,119.63894792379003,19.591576927999718,0.057
-88.21642247290491,200.02217568566505,-1842.6883462125552,21.67429419154058,249.45033042599115,0.33356974760216607,308.7335209522207,51.668845956116925,0.127
-89.52635818858938,61.251386463776846,-1230.5076550597123,21.08414239086162,157.9808181689171,0.3859710408733187,314.3415869549109,46.60258539498591,0.139
-88.49889043703571,113.79775965872243,-1368.4279522823936,19.10774025175194,215.8457951199748,0.11931052150657467,220.8963287189011,41.534144890918135,0.128
-89.35561285703847,152.81741976355266,-1327.3195772301824,10.180545616575813,142.03326050987795,0.10861814009617987,105.19882333573968,41.86625927921839,0.108
-88.37498340652944,111.35672076896026,-1773.1154349605968,17.970560997385405,197.47144018090006,0.15250898221716735,125.54953731434803,49.634853101655615,0.232
-88.00524799018315,101.02880875554568,-1711.1880432533421,20.937617973878307,208.6779597261973,0.3787254461523927,256.0895298691099,47.5947852507032,0.248
-89.84295058987416,350.0026953178887,-2064.2136478245543,28.20158684956707,89.22743582886162,0.9538962412349978,0.0,72.46497103644725,0.888
-88.19500485499724,55.211337869668434,-895.9460475409344,21.88526104647442,139.00410360182462,0.2278337553085843,309.71601930983934,48.008576222278336,0.15
-88.71700198616256,263.99804713807043,-743.1178971269053,12.63821225033639,228.82157986946726,0.25381331844284555,299.4805540091045,34.59087203342298,0.132
-88.05057302358684,0.14770419810295365,-1816.494360100271,1.0825325542437163,168.93606045495585,0.3488813764683011,204.49247024067483,10.932244170229794,0.182
-89.01648191669979,214.62576098485567,16.51207681363553,13.556582976717412,140.29173248283772,0.3787329987411773,346.3030630366219,38.024796787518596,0.054
-88.28996293191439,329.73948142345887,-1451.681157953639,14.565773958493077,185.95435237206624,0.318909650293273,306.24321271532585,34.42103688954519,0.244
-89.78145126966328,103.65627387355885,24.148499037248712,19.09029775318304,230.8699981449719,0.32795434988118893,183.91320539101048,48.82305175046461,0.241
-89.26296980485124,66.7893510927789,-1713.7017390652827,25.538918593234257,77.48547402288995,0.6728869802093419,0.0,52.3359389654193,0.847
-89.7726685782727,234.6047261562337,-2821.2622212795486,11.048494879432207,214.74909504190242,0.24011055858236177,208.13072985972798,30.21333018877061,0.226
-88.04684804638977,256.53650662742155,-878.241740070119,33.00987189813111,70.93812788576214,0.8866499766922371,0.0,82.69589764451067,0.931
-88.34774957618352,247.69098682271328,-1001.1639159048102,5.592870200405773,128.85810646523385,0.3357802330217733,342.513464192552,26.31250282389217,0.278
-88.28015989963265,114.95407680769465,-1172.4849637539335,16.19341872461625,120.6783581014412,0.30528127553840434,161.6128888167969,38.90676698278414,0.187
-88.1178660602756,90.79286477735911,-1713.7859827551915,4.014796078159718,124.16992401914386,0.11957405076643612,298.7505477469143,10.399912742247116,0.158
-89.73830337637241,344.1307679863359,-1227.6577803886553,7.07221999688803,163.62489384276853,0.11185216583618646,247.59358029502212,13.228715541211958,0.165
-89.16736457422466,332.3878229771746,-1609.007566295622,9.982256237008414,157.38906407600788,0.1391232829341985,337.4927283109271,33.051866755131954,0.145
-89.7650337108164,164.63397956141532,-1441.8796530654006,2.5717269842095654,125.91589737756341,0.27441732975935007,133.6158274884856,16.535401631827305,0.149
-89.49949310705495,304.62979181557444,-526.69419538794,10.385721019671832,233.51294922599487,0.260916054202345,279.9273747112992,32.69980797920162,0.222
-89.46420502362842,162.83645194834656,-1052.6262163759252,12.347692480944568,196.15986068653044,0.38280724796411625,109.28828775864656,43.148398979687826,0.298
-89.0086962990096,152.78004650610373,-712.0388901344181,23.185414093359494,221.50486325390284,0.30842789201301896,161.63837015356805,57.135299410394865,0.023
-89.38973188183809,56.434661135746076,-1385.494805300632,3.075851347639375,162.0169144397603,0.18819178520362784,180.2136325165295,17.292113325603484,0.077
-89.70814159704626,153.5061803371102,-1473.61387664382,21.084451656457723,167.4330422802595,0.1484488881447092,208.0639401230083,45.18200535434677,0.071
-89.5817669307212,193.4700978959305,-2122.7860247109147,12.980804502797941,154.46696947514192,0.3548599717985146,341.324994281199,44.081294351427644,0.252
-89.62017642925103,8.101557874327128,-1496.0292900545576,22.288491536095947,171.37972569378877,0.2378872311067073,116.90035043237326,53.75719397837757,0.132
-88.05115408396664,159.88068186314632,-3856.891644471311,7.682488249688722,195.4528167297075,0.29604084922265467,142.2457160883107,21.280596060816578,0.162
-88.45734423685491,281.2882386222721,-1672.1775730445079,1.3224458676344533,179.0177610976338,0.26954308197724086,150.7618065463613,13.684174952106247,0.146
-88.06125321598783,244.81658029473715,-1265.4993417526712,0.17499326215866162,227.30838086638303,0.13223690384099052,205.99917557889341,20.351544586019152,0.258
-89.06449307563497,228.6565159910166,-749.0610765838751,0.9180745366711598,236.0194836053754,0.11711751510454813,115.17496728602846,22.512145022191817,0.155
-89.37109988484096,327.4399542373929,-1414.9423020199654,16.77814152920655,175.75573947146387,0.21310545691492408,341.3548866362672,38.704285180374754,0.204
-88.38324292530254,6.491523537082804,-921.8611662040005,26.769220222146995,56.05106379032559,1.1547938745714916,0.0,69.41529848439703,0.881
-89.28011755572183,200.5371310292043,-2943.8309291121964,6.350484733447796,242.32693872430323,0.30213943389067194,303.3217257306429,24.379626741581532,0.199
-89.33117158995984,283.44558542749456,-1245.4694817655597,18.291352982577834,212.90541002712916,0.2896601227303486,293.12460764100337,51.52066688638962,0.08
-89.45823861480513,194.8807377724562,-2543.6022343307227,3.234420581356199,199.6177920475432,0.39068227853919835,265.20628400537703,17.852422707311906,0.261
-89.65360994137396,116.6023989289365,-2166.642812527466,13.80321249177299,214.35792270735664,0.3574298508314715,326.1023546577554,40.680849423952424,0.228
-89.41272018406815,49.05020343311203,-1349.7324382910888,18.685626163371268,120.6374495355692,0.24897475773258637,325.59592803942576,53.97777856963637,0.042
-89.22489247789962,319.5227058538289,-178.98880970115647,2.4812477527686845,119.46768586927415,0.25000760576880865,131.94295741620434,6.216646800889862,0.04
-88.61941100452312,169.47446125953707,-903.0345892239529,9.961165310201455,131.43689136133824,0.30223876873380834,325.4820747810584,31.72420049698934,0.095
-89.78112679978305,316.1214709148525,-1185.4152022903063,19.159171404855652,130.64313544167453,0.13422717483198268,230.97275884572707,42.470781823304414,0.046
-89.50003681463585,210.9067640759406,-1215.6243115736818,17.33770647229477,168.8938664789166,0.3999671693894178,167.01742837047456,42.35741644777032,0.225
-88.36285508344582,242.70916198140029,-1770.9031145635738,25.354530617017424,55.584744832930895,1.0938943368436416,0.0,60.713917656304744,0.896
-89.62084834519084,289.534015576242,-1635.186730698147,15.53679375891048,229.6335901973235,0.37297146217269106,170.22589997737578,36.034427256077905,0.2
-89.24897422160721,237.29599605604838,-858.0991636233623,19.167276477173427,190.9335703299236,0.3902069003956624,219.7519656631074,45.42761397166361,0.082
-88.25714804846953,143.29974264441756,-2308.2884147555956,7.872807208052357,161.5566654890352,0.2744928219706797,304.1094621638141,18.74203210993437,0.174
-89.60564190882747,184.90801821431435,-725.556759773583,5.227224815653553,119.7471553515374,0.1310045942574326,108.04949398632634,17.48804982761106,0.244
-89.74280001232545,289.09638888331676,-1510.8056536950821,17.340629563169514,192.74389143427751,0.27200374252599135,145.77224789148795,47.24051668262981,0.289
-88.97937780934798,134.51410669427432,-539.5543401043477,11.174096745834879,126.3145948828977,0.279292731149796,339.14566878071525,36.67545678526485,0.011
-89.32540292857078,139.72372443665896,-431.12523421433343,12.321154554323206,214.05083505636486,0.33675794103199935,211.2745933573135,30.795415347402194,0.162
-88.82952410748068,34.448441780880415,-2538.467210004592,22.876069851989534,222.38613354413502,0.11446878009847185,175.83106111886303,62.39109639111031,0.141
-88.3727707080814,329.2503966798292,-1665.2646105817744,19.620638738625978,186.15667611437777,0.2398946101585282,330.8198853235342,52.128198599085565,0.13
-89.6394178725098,32.77307338035902,-1884.422150352499,31.212374170896126,42.96731227507562,1.1901432010632118,0.0,79.59169370003445,0.916
-88.79667173934686,233.35530388148013,-2650.1823720585144,13.53854228873499,220.16078132366516,0.39738972360359603,111.0606142744557,28.223195197029604,0.127
-88.93953335525926,148.75001236900718,-2026.0266209675285,5.087875622088828,153.09589049630677,0.1574148036277713,190.61950410147256,21.732005622084884,0.11
-89.62625030657493,146.02298049195926,753.004676212272,10.115831530912738,141.17143998548437,0.3611796978205106,328.2054124429061,33.28772880230904,0.043
-88.71440287749493,244.6386611661662,-712.3920830300478,16.15663372538606,175.87792974257954,0.14387516848919324,144.9429923389093,33.72064709581917,0.155
-89.38008320606454,24.15374374675634,333.8303748846033,22.158565189929774,239.1704737936085,0.35235233037036917,244.55337738077887,66.38836983788016,0.248
-88.97311479476637,213.73408186251646,-536.7212479853315,2.6703395143871873,151.63226089043332,0.1831833182402991,180.19450341753844,12.15786631669923,0.04
-89.74368258387359,277.9314429500477,-1793.4745288067804,12.085376151791689,236.78099013616685,0.38788757981474276,284.14135852988124,36.89004575576443,0.224
-89.02679029129412,298.1565928391739,-1505.4169573392344,28.09541657038369,91.26752495191407,0.8413505329901236,0.0,70.82455405828011,0.832
-89.31771941071865,61.390940181759106,-729.2510558077541,9.597911289974798,121.69331870251256,0.21973318041692788,249.01329508019595,29.70173700438628,0.121
-88.33747569874782,323.07085802814254,-849.995037221571,21.310118548691044,207.7985435189346,0.1842919989724499,100.00210805282607,59.549377459683114,0.297
-89.791740418705,236.2125930650792,-1661.873612566667,16.93117527216005,136.68297260274457,0.17057125824233363,163.14093887747438,53.83841654924687,0.206
-89.10464617765517,317.4677282954458,-2407.9945364633654,21.558606065249798,154.32689564752755,0.30423769809987555,140.54130287767612,47.569153860887056,0.219
-89.02898029415027,174.7010581596714,1430.2089499109911,3.9023945840006764,129.09221733728106,0.36873730077306455,152.45767799550657,18.385519524123414,0.185
-88.52248845503168,195.13200423499273,-1312.9197378742444,3.945983299344192,156.51475767855678,0.32648259088430315,315.106573076528,22.47035087924082,0.103
-88.8088536073286,330.8537797303216,-1460.591114546096,12.20271892122288,149.26439914494486,0.3504374614049627,328.6991463667284,26.240244275403178,0.206
-88.63229655933105,323.96743560768186,-1109.3324288757585,3.3222178724031153,213.0872694584577,0.3344151302903612,288.7578932522289,21.96580216489343,0.143
-88.42360635726166,161.33791441284072,-1394.1828714488229,9.302593933883422,208.28327434646616,0.39374429994940585,247.5266324626741,37.13786638838792,0.251
-88.26181435004945,98.78854738884543,-1101.816873835613,14.52876657515667,243.68980469997115,0.3273414780478975,157.71412896576356,45.4769674620302,0.176
-89.3036365562273,141.5413564431351,-170.44217110686463,29.846356069497723,61.48012056984529,0.9728035859867242,0.0,71.88493657409218,0.753
-88.87775685980858,139.5951582707099,-1299.638783749139,16.027181892698216,207.2744854229939,0.3374795396423545,177.4724432762905,49.75166196272931,0.256
-88.30379465096551,103.27207499380582,-2130.168351462209,18.252284708731022,207.18854446877123,0.19662080829544026,294.25136512398825,48.291825794132585,0.248
-88.0200428511664,96.68865755986796,-1329.3150355828889,23.644758470500058,233.61544379074468,0.3987399587988575,163.22107695917498,50.691433200123235,0.127
-88.20991330901686,309.982657132699,-1571.5214251279285,2.353424111049435,151.473142602577,0.213001786030044,343.34735634257845,12.097375525213248,0.117
-89.19421220101368,25.150291446478207,-60.880850202519014,10.349173376290143,152.0128952871326,0.187838126754169,299.11588031422485,29.42022621249984,0.262
-89.52918361728457,243.94002555585388,-263.1047482099435,36.25412591803892,60.01083193120789,0.7158208350675102,0.0,82.18849996692069,0.977
-88.97015417892749,62.21521852432283,-1113.9799996553609,11.208777776154912,142.01871920101783,0.29755439561751096,214.79464084930106,31.94640677072462,0.091
-88.49088124151152,124.02212162186277,-2222.9886838554053,23.16430748782207,237.6828005807158,0.13276632651625936,247.33204624907896,54.637363368528035,0.045
-88.96411876556874,22.155492288541268,-2180.7138107519568,21.637378771731072,184.86944151216403,0.38606796451989167,170.10038627276356,54.36897516327164,0.022
-88.98195635970403,97.19050926796633,-1187.9013907323572,2.781137143876892,152.01748993299645,0.18829380359294118,250.9361467588101,23.083455808421302,0.189
-88.30736219994458,276.63158560220717,-930.9416245429754,15.104792770059333,218.65399015659756,0.18862018331154168,343.475071336361,41.28014811246838,0.271
-89.21333281977235,318.6055168370131,-1499.698255460844,13.467474722052257,153.72488818254146,0.11381982871211774,107.59505379207314,40.07853185322864,0.048
-88.26639011785787,79.74977468485214,-1584.1356673657874,15.299587878404347,244.85896439006206,0.17380525536207225,172.32219810219777,29.62956829253292,0.241
-89.12707087819173,166.87722213321186,-1674.2393865429176,4.4588752020894,247.61848936149786,0.2256938067028713,170.3235424475733,19.547636327967687,0.12
-89.27635709921115,169.3166572573943,-1218.715168195157,0.830804880878409,203.35147387526746,0.21088191706726628,345.5924662613197,17.09578378505936,0.189
-89.03741916872058,314.4871100735043,-3106.209881658452,7.239899999791487,125.9087445650321,0.1819059764308661,133.16234685599056,30.71405033940406,0.231
-88.45135077851775,274.60765903528994,-2081.061303015768,11.02205002915797,146.84923899066095,0.11222315135175948,303.09004535750887,37.76961238329876,0.216
-89.66059614705841,184.70779861249795,-1701.6406763578805,23.84984447600316,182.15837471024776,0.19017441208169272,168.63846158391107,59.21674681111477,0.05
-89.52680348984318,241.46899216983843,-233.99744403846353,30.17310819725607,57.92157292149058,0.8546224870569998,0.0,72.41589255357705,0.975
-88.09225483124013,305.04781940737206,-1851.0509135431435,25.965978462231778,64.65925588724737,1.1933520026970144,0.0,58.568350765240204,0.975
-89.56656590797543,3.4340234491961796,-1055.6254865350347,20.60185210781844,124.61648426195053,0.18723260427961408,160.5652712880943,55.428795930111306,0.033
-88.821318095931,145.0404111780175,-1018.7657992552032,1.9565973770041012,120.42684764646498,0.19143764024438736,277.4332538976615,10.576225659346271,0.073
-88.79930251334233,326.60754021974833,-161.6667954713903,7.911038250105046,180.97545873040656,0.2663312729481703,310.3951908511725,29.22654758585205,0.137
-88.96971352210454,266.5126911038225,-189.93807442867978,14.099260524129978,233.8581357432588,0.19068780332172244,217.53480230301844,38.40608576397955,0.248
-88.67498402770404,195.42289476026687,-1246.002375035933,5.675609619238251,115.93029397014493,0.2892391959598584,278.49731892858915,21.425927166174112,0.185
-89.46332922098453,190.67202973264804,-1580.3877929515543,17.77205652527951,139.72501475909485,0.3968363541175346,145.39563098139354,50.55032241054053,0.176
-88.84994169122417,125.1972351375976,-1731.0664822605522,19.204861082542877,207.05598221753024,0.1123529193261417,334.40304519454,51.21575688268651,0.211
-89.1928708150309,187.38739211094523,-1392.8505779726247,17.362900625654685,225.62088092012016,0.15062102670921063,124.11237659527987,46.1387883386066,0.243
-88.64283220670454,235.93795180684316,-1547.22668345888,22.251346045575815,223.03593410188375,0.15373226358670722,155.48767724283962,52.01405810082979,0.077
-89.63167526759102,150.61069383436552,-757.0980725134144,2.95408786286926,219.90952802484634,0.23412109537960454,172.0899415192273,23.91974190018768,0.015
-88.815332908005,257.09513270118265,-863.7521460118365,21.32828704092198,128.17197211386758,0.11242561361601233,138.188250067788,54.321391447379916,0.047
-89.54798632477168,310.0436018137389,-726.5590470839875,5.0435454987980375,165.6132615056086,0.24325647332275505,201.6700830439156,23.82402763280037,0.058
-89.37057818008144,55.68654534655002,-192.57303085106537,2.5906404735711455,247.8642527964445,0.37867742742299704,214.4340069745258,15.586016501827489,0.022
-89.48445137938519,162.5569282142728,290.29529712014164,17.321161341863817,248.44426002233234,0.1034692266078106,229.64731438643832,41.17366116949405,0.227
-89.55260821824925,146.8872328626292,-1100.2692852739544,24.158735621989806,194.3398348735863,0.2094816601555543,110.19988688890275,60.092198341151054,0.267
-88.33114919203473,247.48732945790212,-320.4289828834774,16.880134863760098,209.2974086609588,0.3282681316332895,154.7765174943448,40.78144040728822,0.216
-89.3571556214443,89.95228749285457,-1481.3281470673721,12.208040237725442,243.17973147994329,0.14634835010014452,301.9408128030052,36.60496951284811,0.065
-88.13846481445755,230.49032938281945,-251.9944131335874,15.10153826101507,172.98990057376946,0.12326770075796264,302.651163642446,23.876570121949797,0.186
-88.05713960184414,315.8961270233357,-350.7926742593247,13.364269180672801,129.16136010373106,0.2892335611787916,182.5016879385867,34.72446860137454,0.161
-88.81460510711952,150.52737592570418,-393.2672240456069,0.7404910386460593,203.65284257225096,0.1029852727148523,215.29359035930958,11.40923862428621,0.248
-89.62829786693513,327.9656519925192,-1124.744127046781,0.4262014494491524,244.4143226860733,0.3405311473509148,145.86323193240358,6.080261019583739,0.283
-89.1883583375788,357.53894601605225,-1734.6865311927108,11.211741205265453,207.6088531412812,0.12005582606982965,305.5349726054668,34.24239333012296,0.225
-88.3843086996384,38.193137981262744,-2315.622750292381,12.798568357693037,222.46495778332329,0.25730627782610827,339.1709304113599,33.486017940306766,0.159
-89.20195761547556,83.89914767454911,-1232.0297660168794,12.113323783677341,169.18483255588612,0.3220383130683182,172.83821506412642,34.19709963999518,0.158
-89.7346672852247,342.1367105335535,26.410033799346365,18.761016136499133,123.50484158027915,0.17260329662394325,295.48448178883314,44.76440386380856,0.244
-88.84210866923644,344.99796713329926,-1447.8759210912585,9.845232838356601,133.64349211724266,0.13106204857682127,188.09728405753066,34.550020639473885,0.046
-88.29427038215753,35.17461913923306,-571.8987316319564,17.62979181904856,247.5716761209668,0.15268682992556684,100.65848039361452,47.98944282458104,0.054
-88.38773986442735,5.399460135769205,-524.8388795848551,10.554132326735521,179.04580437920026,0.3564050715805026,249.93193164775658,32.59779443825943,0.11
-89.56726603375233,57.99600837231201,-1426.9489767417383,30.23358962036466,64.37337504001951,0.6491550644176449,0.0,70.77713341477795,0.762
-88.62174723261631,358.5646020176094,-146.9241299843843,12.807137267264467,243.75141930236433,0.15942941476452935,289.60875662379,48.26743500106009,0.029
-89.48104189947227,64.79986197984726,-3526.928595584403,35.407226115256776,63.88933359152837,0.7967260850807031,0.0,80.02740334209334,0.929
-89.48540568435088,180.91713841992834,-2178.20022299054,15.520115910908643,227.07757576085726,0.31258545106260605,336.507811030625,37.55579995854439,0.102
-88.23926363072015,305.430381514984,-1932.5058370867678,9.863228294117842,186.78413988516508,0.3993175294317882,209.45475222733708,23.861152299377853,0.151
-89.42562898979357,7.344579847754282,-1855.772018293912,3.005520237403255,124.23831971446656,0.21746680705777377,220.62797588767688,20.53781603912828,0.144
-89.39983004161579,217.6160336130454,-930.9896390512836,2.428885740576936,196.17974149847254,0.3594560482428313,200.10132684497083,23.013865576503438,0.217
-89.89875855755353,99.72916159306476,-967.9697575568784,2.0855771560384326,249.6360386847453,0.23393280579184453,174.23471925567995,9.930874180698819,0.191
-88.24572883516151,310.44056991830337,-884.8075422599936,3.2039369083601024,114.86328957043203,0.36932806708509014,259.460553727493,14.98339042247116,0.272
-88.39406985490264,102.0460137350685,-723.1348046940104,15.948200204121767,227.85118765210615,0.1274801497296848,307.00919074063813,40.09924940693768,0.062
-88.70807502332771,247.2320593014872,-1960.0836553165195,6.738346289398125,142.9673113911071,0.15259378903757326,139.452668636229,22.856208444347413,0.135
-88.4744950485162,242.71906768106288,-2174.540853445855,13.869270525544977,165.141271179706,0.35498630892000704,345.4598319400046,28.899680393566378,0.126
-89.61110772189348,79.73767758947041,-882.9442543937096,24.81978362376686,162.17933164820533,0.3457900972316186,270.9518409087303,63.67319821731877,0.043
-89.02918517028361,12.527711952606042,-1704.1856589171512,11.121916483651464,235.83160719767676,0.19163013755709626,295.0277540577435,38.19505370815605,0.058
-89.23268316403733,147.32984656274303,-2456.3800362943766,32.79156698466804,45.78136230644134,0.8092036543017939,0.0,66.06036144964577,0.912
-89.72182460011167,104.1095347077131,-422.9245723668148,0.24189019660802202,172.60440015681985,0.21480991663061083,226.00787414472762,19.273455761443575,0.223
-88.97635207809165,291.2319898609351,-83.91847479816192,10.494164516250722,224.52351523714867,0.10309520479105641,117.82281414022391,39.07601949207542,0.054
-88.15059466434899,288.1311078439243,45.728711758927375,6.606870763890213,116.84699880269268,0.1078312379701381,297.57293173473084,7.864488104279195,0.087
-89.82388767380368,164.52862278934518,-1050.3938228202237,21.36506606057008,122.10388411333133,0.11627690964447293,317.6915069028529,41.863541004017215,0.206
-89.3462242643618,218.3444011163588,-699.254323221678,10.397916303661209,113.0364399626805,0.27822164629767365,140.59928752659377,30.1311833818842,0.183
-89.50567222120917,217.53342575529305,-104.10542131047123,2.431152891778112,206.3176065610571,0.18376832059165837,106.03435546063488,21.44250786038673,0.04
-89.44752135803517,297.7769334339444,-1713.1326320187472,10.926531775490371,183.58625919108536,0.14318448949446716,133.95591923167063,33.30191732070956,0.284
-88.1739743514292,153.0008690843511,-311.4578527567264,27.513777210094933,73.88800945243557,0.687658550671902,0.0,65.13447625434767,0.765
-89.01066879695485,99.16080472458327,-979.683012685433,14.258418340373073,179.7946064161648,0.13639560012436477,331.07025934636647,41.38514699107933,0.028
-89.01403111541434,95.4125705305971,-469.03067812592724,1.5154745426423375,141.05474018667917,0.30219451492746335,100.6167984560461,8.990478038959925,0.098
-88.45490627933496,193.0292205415935,-1051.1255832992517,0.028334073097697754,222.72063223461825,0.3682480548467977,300.9494739317186,16.443466713002753,0.018
-89.60646481239064,161.69335298359653,-162.9946322015985,28.72989702844953,93.54687548109072,1.1280824828671965,0.0,66.94171082691197,0.784
-88.97419582720991,158.44347755457702,-1021.1809899667705,5.788652012037592,240.99656950130927,0.16441890466861456,302.7630815132454,13.412163930609506,0.178
-89.08302809316999,32.8094420722946,-2387.183247573934,2.5703662755023604,145.05934429931366,0.27214406007278713,120.55358891092449,11.163344135723511,0.269
-88.76586968796136,258.69734664847044,-38.45869414822232,26.773725606308606,62.46682642497889,1.1993026567528409,0.0,65.39249439173915,0.888
-88.00084036382417,76.94520767348786,-1958.0245927776896,22.110970055869906,179.0653588114963,0.25630822506588025,338.47590587480386,52.77354335452393,0.098
-88.43804710124411,70.90330687513969,-197.55343180486852,24.740596432667957,117.07211651583407,0.2664034282054266,130.0906921305525,57.514872292674845,0.275
-89.14405516426689,148.59299529986166,-1272.1943051522576,2.4995811973418345,115.09764198756648,0.3849708747883134,107.92044955393665,16.013826084420334,0.028
-88.32764920067932,82.00020298240851,-259.19121184183473,3.2510564101436064,179.4420363357641,0.11615141259008499,318.4147579229824,18.295235033676782,0.147
-89.57565410970629,210.18897623088554,-292.1851081065879,13.331664893627057,140.11496331127026,0.3281345562084458,261.23241710080197,30.51142400051382,0.083
-89.84211899601299,133.72680216040973,-855.885620547703,15.351261330736639,111.30936937532539,0.16975192672202002,261.6088664351379,46.819981079251136,0.121
-89.51154809231788,161.60822013340444,-793.1717458982954,15.646018037048318,151.44796760041305,0.21210330105171465,341.10785723182283,40.63642729466714,0.129
-89.25321804338292,193.3809557774504,-861.8971062459473,26.78183935639002,72.97304061820418,0.7278869929232085,0.0,65.66211036882562,0.943
-88.92989656082683,73.27278809344975,-2811.0598050248623,5.3376709000824825,165.20041820445925,0.23368803074606312,199.36122140873113,21.162251415127386,0.141
-88.73125463297173,56.07058423159073,-1105.3358248814382,20.596950512977656,128.96572526245924,0.34126577568253647,208.96027932508557,49.14331730617748,0.297
-88.1698491372926,316.9518850344977,-2092.851340857516,1.0337495585268215,191.15447589647687,0.1296221015598865,136.17324499395187,16.625717695715036,0.017
-88.93127738185413,156.14053301931156,-1063.0502850034695,20.55735320860841,209.4466187606692,0.18268107946608972,176.01246672467377,51.520552451709506,0.23
-88.94757627521112,148.3536994677141,-2114.3540371065724,7.250432954786225,204.57548270286134,0.21191851260310754,211.35092887041435,24.867453903087135,0.025
-89.80453828133633,12.820374098222933,-2147.96155298086,3.8602820410948837,165.12666897965815,0.1311697609262927,165.27135669456155,5.277095544353394,0.135
-89.83366804995318,179.27146893146156,83.94760140312155,5.900972930507978,129.26346116395595,0.32869504299308006,328.9682120360562,25.901705797998048,0.069
-88.8527960723589,199.50109977996004,-344.4420895006482,2.456102007765626,179.92814828870118,0.3360841084652277,102.9506684046113,14.05953572314398,0.284
-89.06746063482815,201.18271354367994,-1203.3140679553235,12.404289398334672,234.66044569119157,0.35076849933399046,246.75552242009195,38.58324079571675,0.22
-88.30555724953743,254.53122095623837,-1052.1850798007808,4.273266093395429,175.6211988517726,0.2751688614418955,292.90203225906316,26.77133884103037,0.144
-89.5947087890475,63.89346059676424,-1398.3328205944072,19.86298230900278,137.39534696382228,0.25217164625631283,283.02724911914447,53.84279747599204,0.286
-89.85255384197761,90.80032832302277,-744.0988992163817,18.400560810329175,123.02746243312225,0.1787657336413726,260.9332397822576,47.07187825281658,0.219
-89.04682634093277,291.8629674829486,-1740.843493239044,28.881570529027908,50.71488182944766,1.0693373161156652,0.0,66.33100548260187,0.897
-89.44879074217071,340.98142206362184,-405.0077897056341,15.663274835410771,214.02131724276808,0.23336904569666309,329.6193081763343,53.95516563215314,0.214
-89.80573269065621,48.93578905223543,-1402.4694728112886,17.206777670800737,153.81537617806754,0.39123292182321656,182.23658449261697,46.83048191064473,0.033
-88.5232632549895,179.15383962187855,-1535.8775966649832,26.00099811827814,80.12641032713913,1.0456379260567712,0.0,63.05014667732164,0.973
-89.68797330008124,77.10345098625126,-1182.629585212126,5.723373039733037,235.33058814116367,0.3715615395452688,331.66274294960715,20.532046683505396,0.294
-88.74419294998523,21.62634060779368,-1672.9174639404885,2.8825821282303252,134.85955287335116,0.2080267414042996,132.09590572988296,11.282380434940427,0.072
-89.36600547468291,117.18120172540876,-937.0541204028136,14.000940591283936,184.90522055191622,0.21039173660621774,336.7702620047751,28.248447017439982,0.24
-89.57035750432546,51.72754506631659,-1629.89007145072,2.2263346921440395,209.89059852510218,0.3558019492131148,294.00817531174766,22.058550838063976,0.064
-89.1784721064533,255.57590643632867,-825.1811177449312,36.5393867292539,73.24742258932386,0.8854260578320776,0.0,79.18185812420802,0.854
-88.37725302517639,192.14114892172,-227.19476887081885,26.55498292078943,66.24121674225859,0.8763839492803105,0.0,62.15838807732926,0.797
-89.15502220388132,51.78040955651192,-1775.457349446539,33.63976333301581,40.235131856327,0.6664953397749118,0.0,76.74923428459871,0.842
-88.473537666499,3.326971825985172,-1304.460365836137,12.624469766631293,236.25313924193233,0.3500045834663428,111.01073405347833,42.414479185990196,0.235
-89.66157603608161,290.9365376487166,-830.9354295716626,17.505735937015977,183.23665535753761,0.273826171678883,207.95726386137608,41.18001234659337,0.023
-88.43173430263636,63.42998621912911,-1548.6858839851254,7.405245680473559,224.16177450831577,0.23405967227157196,289.1584743960232,26.09723511786358,0.103
-89.44982668267737,218.23799119947574,-828.5435513386678,20.82924805586752,187.79597599068643,0.35962663723242283,302.78511061429197,54.21931280960597,0.193
-88.61295305321114,121.2918887076284,-755.6809114786081,0.15543212051056976,242.10429339972248,0.21826292913463424,150.5696243327009,3.3886018303608845,0.285
-88.8250150458021,210.77493779341282,-333.39057896455677,13.430931894747786,237.2787705779583,0.29617774356032966,111.90116300397025,29.469542883220637,0.081
-88.1346250372978,113.63530571363665,-1684.7920368679295,4.092893805114333,177.60432588145625,0.23977155460124172,300.7127888134003,14.610689895371749,0.06
-89.1640872158469,31.2982418492115,-1954.2201921843796,2.5547347561731577,154.55836356108892,0.2778213418513169,205.4730669302955,16.32781930271942,0.069
-89.77428614121457,80.26200308079129,-1446.0619116509952,26.779267361595355,87.92457538979488,0.7962655299435419,0.0,64.14098562780487,0.909
-89.86360457745262,67.70108393246721,-1974.20187163768,30.15677455080316,75.3038126948583,0.7830773350106693,0.0,69.71813628516092,0.778
-88.32896873415177,154.0869668782718,-748.4014367620023,2.0292907241311084,179.76971292208842,0.2669473922490323,260.1598926283589,17.320511446050947,0.3
-88.90300228844328,236.98216203341664,-2129.4010401411288,24.917156075212397,225.11965095331323,0.2478158004248818,245.70446640057628,55.55033409217748,0.162
-88.4270363015136,94.97018698068872,666.4131346021506,21.513849835007704,135.66599304988358,0.3542231117520457,313.4975941753743,52.174975637835175,0.089
-89.45459135997812,4.345176708222462,-163.25771074099953,3.6977668471887633,156.8176562873645,0.193337192437545,107.89175306812103,16.827821266203728,0.227
-89.24434088352486,186.8174511353125,-1189.9393843197486,8.097324690683818,206.09269003130342,0.36522295930136217,317.10680829188334,22.045711292633793,0.056
-89.8428026427985,218.07341616922994,-506.0844056016192,6.198362778754802,144.535741154258,0.22103859097206716,321.8107773514138,33.905200313911244,0.019
-88.0731645833092,346.63337784065146,-2509.4414914486333,19.479953986272,171.57826425570875,0.3083580196781969,211.5749193656314,38.15771802880202,0.186
-88.63105097726846,212.20948911356885,818.6986651196462,0.2877935090501378,244.92269652796097,0.12601681840218934,119.16661195469038,16.778991179161604,0.071
-88.12691033325731,169.62212137613108,-1672.1716897603917,11.011273743405175,197.62263617612038,0.1600462250706468,336.68580115057875,36.02290855035665,0.126
-89.39555682588477,206.42458532317337,-1296.3979311194876,5.14065496050382,242.8680128497576,0.3283498033423816,118.00747633204273,24.322747945284195,0.077
-88.73821913867124,334.04422675032976,-2684.746629750749,16.733411833851434,211.1417964548006,0.10369860566159213,247.66882761154548,43.946066341610525,0.276
-88.61085006024399,298.21613241659264,-810.9701562072842,9.832079683120707,211.45334775340422,0.39055832174412985,223.28912566820526,36.33205223318602,0.108
-89.29665556951059,116.27234401097088,-2085.075325661687,6.6475429605960485,192.8600043166288,0.15718867031896455,308.7716140820146,21.053287935710408,0.14
-88.2885924534703,85.41157091656942,-1118.6753907471766,9.867034243679221,129.90920327406175,0.37039119587353697,225.65171317648992,31.69626444483377,0.078
-88.10039322048954,94.54810045178651,-1635.4195463396304,32.36042832840112,92.66479379640269,0.9762733824411982,0.0,75.08685878427917,0.934
-88.2187752763776,181.59157429747668,-2062.195147944275,7.831003638806108,145.37326807048595,0.26937261006913904,320.16253659472295,24.5004527529677,0.159
-88.4957727457152,267.857802442288,-1843.4892014100938,1.5899478171621304,249.81415760917923,0.12523953639130753,341.00252069120904,13.789155664418157,0.262
-89.3728171085226,181.15891458586634,-1019.369572731583,17.83433569155965,147.3746716141709,0.20956562624721037,237.31752709970175,40.924875941681236,0.112
-89.36492951999931,24.40670249812053,-2225.1927782950597,10.564753305770434,142.2960180846028,0.14686565823415043,213.68098271042993,27.809343610868762,0.236
-88.06961539115252,260.4890521583931,-1799.0493368188618,2.1523393086647253,197.34364171736624,0.25777944830828287,307.7737858036005,22.20624738430946,0.019
-89.8804594577222,290.1492463215434,-669.3812949884177,34.31496335202466,44.215083133501835,1.1372624313001891,0.0,93.03791574629287,0.758
-88.53950505083992,104.21923144309908,881.9838998994505,8.475210544133521,112.98940785563198,0.31290008487529314,179.84542902133302,29.550197736255456,0.048
-88.558132291145,239.08526614200613,-817.928944357596,8.221305460386489,128.13464505894578,0.36348344737695504,244.05591385550096,30.610401147345847,0.127
-88.71688987219538,153.57308437958162,-1933.80931374183,13.598353519080975,223.54601185585176,0.24045394488095825,138.5292453388999,38.4568644641172,0.269
-88.01879319243496,320.0829680618794,-1493.6913360578487,29.30116769208839,60.98222555258237,0.8473279884221229,0.0,70.8776081790064,0.822
-89.30742907204893,304.28120093786634,-1174.7287950779373,4.797453265189958,130.44213007522202,0.2000714984324949,308.4972533857125,22.313865818902723,0.185
-89.25405345879284,189.15551939147122,-1479.5399605085659,14.759858494205396,175.13395879700272,0.3541269438816812,146.87877121805622,44.696859153883494,0.27
-89.75001513440155,248.94199649289402,-477.5534666104536,32.87272161793628,91.79615992271626,1.1908193710050665,0.0,83.43019232356599,0.804
-89.0586835405669,318.0058923679574,-1026.0212135886204,13.287286807396484,141.30280455572813,0.2881768235016048,212.2335709306082,32.15250292192141,0.116
-89.40400780015379,178.45812362817918,-473.7180920721039,0.353339793034797,244.08153870231462,0.10392576515284306,311.27001603145357,24.845672205578918,0.036
-89.24756526586248,112.77026657597591,-1451.5550322381034,5.816031470393474,160.68343376008374,0.17370079853627285,282.8425028101691,22.32340774540595,0.111
-88.3143135985143,271.31980964744923,-139.59982422299458,14.068825297567905,116.50035465412748,0.27742254925043786,179.21759706000546,38.83063092615186,0.226
-88.12257942429775,79.22385172248904,-1333.1884674252367,25.30803915639862,86.00620093390253,0.7481492921055812,0.0,58.551531601070494,0.979
-89.54710716319015,139.87121328217515,-1976.9518953103934,8.606641555839392,221.2775404681021,0.24806484707296944,273.9261775115302,25.167873006924804,0.22
-89.19223303004841,311.66180535844575,541.8563048337769,20.266517974324316,145.61786291898218,0.29816861513788184,219.9718662600331,53.61489046729551,0.012
-88.13560193198076,260.7920424969534,-2659.9821975688938,2.3536882704688917,167.2448568587548,0.17037580732557026,248.38855613735066,17.893159904424287,0.044
-89.78256392469048,145.37196188909974,-1790.990980243942,2.437183695950546,230.720540443318,0.18424148209795072,262.1743648190138,17.700485748081412,0.222
-89.72451499658838,77.30802086700866,-1701.6222814643156,7.171993113150504,160.0378927052584,0.30533746222835395,239.67168338297935,22.069807910573463,0.283
-89.59069712050817,128.14862069960515,806.6450184452506,26.380287218732622,41.49756267852666,0.7276493039091052,0.0,49.25465812195104,0.887
-88.76909561515895,102.27749372187587,245.4871073172094,12.688746395137692,184.8799617530458,0.10437604727764829,321.8757881281062,26.39982479481879,0.076
-89.61410268508861,63.392143659787415,-4.8574850862419225,14.898111955666192,166.18123680803194,0.3010983385856324,317.04973186936945,39.86266316947083,0.041
-88.0606548752436,267.5998488836364,-1464.5269299010654,14.780795955735272,199.53026625392027,0.28602761222568346,137.25856831485737,41.24099859907184,0.264
-89.05124239820881,90.74515926606175,740.9424030734201,23.09207982586731,176.26070322226408,0.12358227213948214,246.624178646456,54.08568076075086,0.039
-88.94711587533469,163.50028926039496,-905.318396927223,5.897793074621461,112.9722688343562,0.3242558484522959,209.82549916731094,18.33107499960678,0.054
-89.43134862996973,138.90940086099926,-418.1893037575022,18.882851084882322,224.01363507071125,0.25663043768412125,171.38001876629622,49.249168215324666,0.183
-89.00517552037401,353.5478563088271,-1056.2436951150344,3.6911733614486995,125.8418095855207,0.1614241851870879,257.7868523544496,16.844190283143007,0.065
-88.64236409798968,140.79320789335938,-1239.5732570586013,31.832726559207604,90.11794497919814,0.7224550072443965,0.0,71.28298972716681,0.918
-88.47276343978731,28.793693806831726,-1401.4229391411034,3.996088957033102,191.1861107298496,0.278637554251301,293.72601633244994,9.914648651798798,0.051
-88.46765064285117,32.33727092595025,-1367.7119947353299,3.176106969213791,208.7708475870607,0.37603561875707125,123.35774739792407,12.132540950475025,0.284
-88.80200688588124,212.67133968710334,-713.206681057537,17.496698134880496,167.5115149403129,0.3226433276653512,175.67018734302582,49.65635852042698,0.046
-88.18171642751167,215.77087862577562,-906.2401609796896,12.797884314323237,212.9767881842744,0.1905773063473598,106.44556470694074,30.782604587648233,0.28
-88.34692509011839,150.7532365737558,-1225.177096162947,15.268524062609343,128.38901186059982,0.1354398902692578,286.4899384088701,43.85532049852514,0.105
-88.46160858207261,155.46372923233068,7.619194159083463,14.27313795492318,201.48237675790907,0.3559552216242343,328.1143332521042,45.47829640172809,0.248
-89.79434950880713,19.415729822713637,-3573.4024549925844,1.0960780119256128,225.6874498619984,0.35382030636263384,246.84408516215933,8.23684493318255,0.285
-89.88693187178268,185.9567437401344,-792.090201663044,28.13358929079484,90.15049952239205,0.6797477951017118,0.0,64.04390938632957,0.935
-89.49635017332861,181.7062111369266,-625.8090346728166,20.935422058891092,191.1393094335445,0.118639355559366,111.60628041589764,56.80759397745139,0.233
-88.63930517156444,53.83775468050003,-282.4297053958643,25.58949951267116,48.331678003664116,1.0966700111457401,0.0,67.34315777687559,0.968
-89.11872477112317,37.38217899993393,-1251.897152842689,6.716691108895757,132.86991163990768,0.3167745492509453,231.71805815455073,20.20940905364701,0.121
-89.13542810733131,44.48609661581658,-1033.6639460928338,16.165235447151716,158.37822540284228,0.15314312611161374,109.74362143985557,34.22383167500674,0.17
-88.21928491236373,36.37016873685307,-411.24129334822305,13.97368462234691,185.59641224162158,0.30046355786723666,295.5967849373956,44.2217513026305,0.257
-88.19843058854951,219.49495039323352,-7.066876575855986,23.280026262015078,137.4862313588185,0.18367712340907866,169.58003435707667,59.47934040794169,0.19
-88.1725669982982,70.7337548650507,-1440.4287881430146,23.60248131829619,243.35208679703302,0.17818510839064122,280.8617517028125,59.20811126595673,0.016
-89.30363165462146,90.51485478748684,-986.4193734979518,13.930508029581148,235.59896004220732,0.19735538022710275,200.7313367174561,42.43897679560422,0.098
-88.5869939557954,62.4859718945183,142.8591714790059,3.1795113184325174,114.61400728116037,0.2561189099550563,348.9115343620269,10.433479627195155,0.261
-89.3838969555787,344.8207096014611,-2899.221660703081,29.79661887087689,60.97501863498616,0.900631200141278,0.0,71.54923291964995,0.784
-89.53784131715855,307.66228673466077,-1752.0100798516683,17.559874336901387,220.50323063452583,0.2495931252668879,114.55889782265012,43.69341604605951,0.117
-89.54919833104,82.97814144654751,-27.33121711762942,5.9156295860885795,144.35487439076098,0.18941280868722232,344.97637330012213,24.845038270561282,0.123
-89.24999552035918,117.92386581196536,-325.9697331133575,16.065421382666948,183.34547253498414,0.3651922896135549,160.96050451889124,46.12603460669671,0.055
-89.08308052241834,75.56142322979898,-782.0438312586446,3.1109354845252337,166.83886353731305,0.1165269872327094,258.8327967789574,21.10463751752773,0.111
-88.32119657499537,177.07534540589654,-1558.8774984872962,22.55353067471044,137.5164769905307,0.33912744516942417,193.64205495380702,58.099866228098655,0.247
-89.67220692240186,7.059791690731294,-1905.4547991883355,2.7121174427915307,196.06323374261518,0.33531452737655676,259.90696420866504,16.67765120971103,0.256
-88.50364088994971,241.69248320284646,-1672.972495393899,9.791655079629175,249.11690455695634,0.17606404304630296,249.01464735536874,31.00412301274519,0.178
-88.89023566304033,188.33693393435098,38.40657665495405,14.444544496055498,161.14021643919227,0.15948855475608392,276.81847032231576,40.722910417219836,0.207
-89.35290384891562,323.5100141883972,-1702.754151324277,22.388397119820937,187.33306115702538,0.36241016844867924,104.61083899417298,51.65526498311008,0.165
-88.96364278938763,59.18136635822909,-1118.8616286082738,13.06544676434374,155.8996554270101,0.2676613880680973,309.0485542885002,34.27841145566929,0.023
-89.33011006742366,289.4793285820074,-1802.9661158893969,18.349628736125503,232.77280635234956,0.1138034072894244,219.66646605505974,48.71094068599315,0.212
-88.76744428504722,285.10596520801766,-525.7807759207784,11.71833091550447,231.04437805931704,0.3672497549401429,229.71320041786078,36.68906175988609,0.299
-89.07569654657505,45.785228118079296,-1630.981024277153,11.678140490557173,135.02827431271584,0.20470179530670216,202.7562977600315,30.101316667034233,0.076
-89.58762949475013,143.48132069188594,-1278.0751121235314,12.854772503482973,235.9928423933285,0.20264696614300792,347.3456205682618,30.3263850968422,0.295
-89.67849215834418,61.25495081202608,-2546.7057064342607,10.109420791476253,131.2112195478494,0.29298638114796205,300.39284352367594,21.84234614639616,0.299
-88.86127820406296,91.69938016471761,-2490.694588963952,4.8657024308143555,123.3615943475468,0.2983932828395728,177.8483437574521,13.424728395330753,0.051
-88.1854152367564,94.76862293899597,-1193.861445342795,4.316765063033718,201.41084619821447,0.20599483624852447,295.7678186971886,15.935743309926265,0.279
-89.2464803955404,200.2451018492782,-2260.12572415821,14.447748411116985,164.0265748217853,0.14298367836906423,209.24838181381608,36.66242066215657,0.206
-88.50729979627701,148.10793543376758,484.0693114676019,9.508789965112811,184.30368308466188,0.26568092901090173,317.50333567391186,27.60339604118844,0.145
-88.64854342561445,341.18380944226993,-2849.2184896897998,10.441909178180934,201.35990947124486,0.28755374940257206,107.71162381613388,24.858726296683766,0.11
-88.13004566281198,45.493251100921846,-1840.1402389312834,8.766463305612845,117.39721329101788,0.35806670951769215,188.85162466311948,18.470214823371037,0.193
-88.34013606713164,350.52916854607156,-1186.6393061859596,3.364016072681821,151.01344395273907,0.2453319962095198,207.45478899043042,17.36084905445465,0.254
-88.82345000807962,83.02991047713502,-1492.1063502366276,7.069005390237061,174.5268836476414,0.2937088238704666,286.0623949318043,24.77285284455354,0.02
-88.6516420533552,278.2346170974671,-2083.3163653311353,8.931682556114053,147.32223737283047,0.11632264834476257,145.57506664728072,30.970043820825175,0.165
-88.19306571349034,122.0291734222157,-1966.3422715962145,12.051431405418494,116.85599379997294,0.3683568700618486,171.57027359846126,38.178052899579335,0.199
-89.14091430928482,51.50930235023301,-1992.5232619993908,15.933783444697124,122.13472025234748,0.19816474396201067,280.970073096566,43.82935724803488,0.017
-89.27909005887022,308.84010668864636,-1429.3773558560504,10.194497091142608,222.24470162552268,0.28966633730269364,119.2109148024552,30.96233235992771,0.268
-89.87945894109313,111.18992372512676,361.54327161393894,1.703447443075806,237.59414628980966,0.37481548939397247,150.2810736917611,17.78692519382826,0.286
-88.32955295903622,237.18794552166318,-1137.6501627534321,1.9808203991878326,131.31266234026285,0.3431577353094062,288.34164058546037,21.08193575700623,0.188
-88.37813666923361,203.91972663118557,-253.67960848998086,37.97437207375224,83.06311145403481,0.6092090248575729,0.0,82.56536300656289,0.764
-89.70153641560972,169.83227138071476,-794.4189233374866,0.7018496973543691,201.31491666234973,0.3110823484210256,282.207012699147,15.255002751989984,0.28
-88.80397097584788,178.49501015347408,-308.9100816142237,6.813749987356171,243.5980486529426,0.37627153478949293,231.78457128271327,20.506616539059173,0.243
-89.01843477348292,263.6056490732235,-3439.9714420748687,17.17000302513935,151.94255927865794,0.34362795404403856,124.765325297694,45.43517810667873,0.018
-89.67445271853269,31.598249084438606,-1443.5664169185836,15.608606095656809,229.72990767304015,0.2829577181611471,306.80643574507394,46.56491069374445,0.178
-88.03692036858463,240.54503830484586,-154.29166147942897,17.208656925615728,180.84345022305268,0.29761081186288796,131.0097492927788,43.04897518822284,0.043
-89.49207781381963,322.49235650348834,-1657.388658199467,7.572829304678246,243.91820947130927,0.1441805272495636,196.26961327785523,20.38527429288557,0.051
-89.77225505782793,20.803750927151093,209.97853189568968,14.385580706395473,129.07621273994678,0.24105030393117993,112.62483608633327,36.47510146772576,0.066
-88.76978997894638,50.63520212412003,-12.887876985790854,12.613436642408637,246.3141357491181,0.19029929430509995,277.418773719854,30.461632214604762,0.125
-88.49615331344724,257.9874972127313,-1575.30457290197,8.878686324587129,171.73700789613113,0.22959119034997494,225.87374109830316,22.38630868594349,0.264
-89.83835745251035,157.42139336806233,-1602.5308152370853,14.454097417713399,243.41137465967665,0.2986740620592269,326.90193335385914,44.941061825578814,0.019
-88.64843648641866,145.27750349292782,-2010.884673883575,22.553655467507067,174.2166303872127,0.1447453280805267,134.68562389864493,57.76916510947451,0.21
-88.88864543569224,49.307988435924905,-1703.6753854910382,11.777997765646752,184.21149877688094,0.10521278909837709,304.7914875942031,29.95822695697889,0.29
-89.70379648313741,182.43721465840372,-2186.0712513351323,11.844528463564254,222.66850136882493,0.2190773209698189,227.6671894893821,28.76709912486856,0.196
-89.57220463380192,45.55631203069581,-856.9510556535955,22.681610348759843,211.16799010351517,0.19665529434641715,191.5230958393018,50.786186991760445,0.247
-88.82084883509945,171.58336427179455,-2364.8371946771467,21.61360359818813,196.74446485841997,0.2261296179105122,260.8917214715077,49.628573391179096,0.272
-89.33692053432476,274.9015076261964,-717.0135870478225,27.839364409634832,54.82285521125655,1.1708924829970742,0.0,71.44201987974522,0.767
-88.1172001155625,92.97516883937887,-697.5370424798011,5.562302344795768,220.9413714359448,0.31212523036445317,210.07131835281106,20.574154821204225,0.201
-88.3443935639803,173.08302054470184,-2528.963524147138,21.051191831693895,242.75196666050485,0.19823763237974806,158.20142008443779,62.76045556038584,0.015
-88.03122230762403,357.12574898286084,39.854885062671656,18.015800454021793,111.37352557202375,0.15378364667101094,328.94728737457535,45.83290486789105,0.16
-89.40662540599422,247.1941524074534,-789.1125644678225,3.143476022467347,192.29831350337255,0.285543488277081,178.24943603599726,13.408727953564146,0.146
-88.05752509768385,302.8884376698715,-600.2415828441049,14.515879179988449,231.2373300569688,0.29727287545285097,349.55911097437706,43.670604475707144,0.162
-89.08065564739604,149.34513836179647,-1806.9321612342178,22.511217477579983,201.435755228378,0.24508680516335055,291.83123223913145,46.671723027444514,0.135
-89.23971428890387,276.4299323253079,-702.0967052215051,3.7084107751459996,222.11609609666715,0.16382823238664806,271.95479372841464,18.359063323423747,0.273
-89.80433589875824,14.583302258875861,-298.88524022234753,16.425624290228072,235.30855453885795,0.10856657825095911,103.09993195797168,36.79037774359266,0.268
-89.79974601006676,44.24802571520819,-1278.886719203742,20.713536757310173,215.13314221942812,0.17969820924018176,212.13283148210613,40.51642346463181,0.046
-88.58517861370136,73.10541345122236,401.5379673986888,1.2898043746851204,210.38243619106726,0.23715114978705523,225.61526892184438,11.99137017872892,0.165
-89.02993491057535,144.70269286147905,-1164.7482920696498,10.57714307554852,245.06442479094855,0.3363802859327476,194.0940990466978,35.328167407813815,0.288
-89.4696089105314,304.46815619727477,-287.3713596380204,15.00968376642411,230.91585210482017,0.35612614865355163,137.49327512535186,41.088997367948224,0.184
-88.73345641798205,124.65577828365498,-965.5929541930759,4.038684944570452,224.15290174158832,0.2238803679000893,191.86261106377705,18.546046753908335,0.242
-89.41956957532479,235.66362966556665,-731.5827737145058,3.208468009064539,122.09647046606266,0.3388372164050584,118.74333529775221,3.4230301639538627,0.118
-88.8024996667456,255.35314612925401,-2537.0658141078175,10.649553981372257,143.4641836395185,0.3980058470653459,172.72972992501047,30.52428988751455,0.119
-89.2175033807329,211.0256474718029,-903.1570094277095,20.01639716903692,187.94584340551253,0.31498311245566885,120.9198189057655,49.306851040769274,0.104
-88.33525076943755,128.60710854124903,-1787.9800810058127,18.437340011921098,209.33841469647393,0.3185797094804221,288.10586345562126,49.980988945098105,0.016
-88.34067729454313,207.73920301687593,-1877.1186446221502,3.385872708136578,152.45008506206676,0.37286095046494927,267.7893232936084,11.48108793433981,0.278
-88.99303424356744,123.21561340430864,195.28254757278273,18.52167885115686,123.06593583691527,0.20144323852507298,334.9832842072677,51.19163633931238,0.111
-89.23344369226348,30.194545878724348,-1371.016198449879,3.6406022383349157,153.5538861541347,0.10336161791724138,194.98220549385547,14.73431608362856,0.116
-89.21113638653772,357.4094321469652,-2002.6414647803972,4.101697979934343,217.9440852812727,0.3960931815027098,296.5502394989684,16.706897017596624,0.23
-88.36914240123039,45.78568330770393,-1487.3053024870997,8.328564289527687,232.83614410779222,0.24714042330130717,246.9018006837318,29.296825977582515,0.163
-89.27645898268455,26.045418180980647,-2240.360183137531,23.22969371585736,237.806510768208,0.33570327794869814,261.52585702315423,50.51225920818492,0.115
-89.50278718995699,316.27106971457613,-52.89242544298418,18.559605521413737,163.0413350801807,0.3437473412827887,236.86531744109993,51.24024296282037,0.266
-89.73909215043692,108.66047792144225,-1756.5445953332119,11.984281926268057,162.15540048042752,0.21925500312400872,294.79003511518533,27.195356365754403,0.249
-89.01328307031963,234.10691066646274,-776.5600528450645,7.832945164089425,166.93904593605075,0.2623819140166955,110.49785797863717,28.9417677915054,0.293
-88.9839490120523,118.44206267840383,-115.11462863173983,8.102378638835688,162.6133257190027,0.26197465781880336,120.12204097862639,25.027401884619078,0.196
-88.30227345023448,140.92353748600962,-1600.1221449717834,13.087849058607961,203.26752505100936,0.16606480280327515,123.98094249404755,35.406849164278256,0.21
-89.47964647675248,94.36066992604674,-774.3820541817712,1.3156251415417124,160.16525669847897,0.13529168016828805,172.17268351565886,0.0,0.104
-89.17611658003004,123.49584208548367,-2024.068843923544,8.518926547987029,112.84815112599442,0.26307169148278764,247.78219738709728,24.084061194761638,0.039
-88.36402909610199,147.85214421115552,756.6156552909472,9.844305386402311,171.46344409630206,0.13604296805543872,261.4043873836166,28.637500109639998,0.041
-88.33511513957696,259.34978487324344,-450.8958923067023,1.5107445845149758,141.3812892650023,0.20382661715785397,278.1509175473762,20.764610497308503,0.197
-89.16923895564034,184.15302992452504,-1354.0851510086447,3.615517491024251,114.0329992898468,0.15582499949228157,170.1908059711894,17.051436403733682,0.043
-89.0276643557553,339.6834781765117,-1818.266984711171,16.105067914863817,175.91801321476675,0.3120748324848335,262.55318597461235,38.94529471972366,0.273
-89.32375680738636,15.076941781959183,-1291.197242271701,12.095118399409943,138.83363828776103,0.3616026560499963,129.4224981895169,38.35852782651084,0.214
-88.1281457310033,181.10459614753015,-1471.9869778812154,8.91238208806617,173.38385407756277,0.2733743829556541,102.49480251466436,25.298945038472887,0.076
-89.674576845091,210.32092397941852,362.3556431996053,2.8857256246203615,148.88499812544012,0.2230467421514793,273.6701968876249,20.932513641262553,0.091
-88.1258760962972,331.2709149867386,-2180.4277777719217,27.76849825589217,85.82749645494849,0.7571448972902817,0.0,66.84374345956698,0.855
-88.60065374151284,17.69706850371393,-1092.1588613678373,3.620207853206816,248.72283416235433,0.10636274057396178,255.5356769810277,12.742632349962632,0.249
-88.89001290989522,206.45985057667778,-1214.670453306968,14.515928072617374,186.6124688996331,0.19130232526117683,164.71748727424927,43.721183840284574,0.253
-89.83794778450947,307.3067742700645,-1293.9282402758956,7.121309119262047,200.5654283649878,0.18360194579410016,331.86711514545647,27.247799321535496,0.184
-88.99636723553819,87.09398212292517,-1286.893323950674,12.362792926383351,238.6986060851682,0.20686107941737591,318.9188957825621,39.204122969567834,0.055
-89.12527860049481,315.46524546861747,-1292.8566480963868,16.576097419403723,162.36005848151282,0.16917872234755083,228.88514015479382,42.241613684585545,0.247
-89.59368425724728,6.855627338745056,-501.54714693432027,1.7025658920788587,133.31678296998163,0.17927885062943677,347.2849377613229,16.410787464134305,0.24
-88.65282175334876,263.6836664881427,-712.8124428060519,11.93383755846512,149.59161961027746,0.1773031329751982,174.65488913887418,43.47011706924448,0.252
-88.05481327600026,335.9207596207151,-864.8707109017707,23.907286489798455,166.3912917000369,0.25172321522572916,222.7835711675911,58.671578516056286,0.056
-88.8318412589774,236.5911581904224,-3627.191489716215,29.61501893492003,40.52378455876759,1.020307193794254,0.0,67.23682491926327,0.947
-88.5419687747565,158.05052783296128,-960.164100669469,10.69986026744869,110.64232412016095,0.29178403059547253,215.53053315087894,39.11951860907081,0.288
-89.76994414012458,16.15716593017849,-2524.511488136066,12.416812072169087,229.4736500673778,0.25432034796030567,217.7520569362969,38.16916910398419,0.084
-89.10643270794772,331.24097279614637,-682.9438694913397,34.11333028601533,74.66674626581077,1.1244813041968773,0.0,75.9742263188029,0.836
-89.67891887818746,169.3066401689669,-20.402105943588367,23.349242815991982,236.09172084859705,0.3430134936803524,152.8365998724716,65.37411863325748,0.085
-88.73568791248063,10.438827960941284,-1940.9912900708407,5.827154307447811,242.92083296868583,0.24165855950216716,139.46630650342433,15.637223668411073,0.099
-88.1168838993931,248.33558567835428,-1409.4245778741654,5.81016549113877,248.61439117569876,0.14596945537179484,241.3164675984284,24.266154418802728,0.151
-88.64262230830388,173.46141128745293,-1679.4845640423976,21.565494617872687,223.33142581696285,0.15006395287859867,179.6228927541738,58.86343253994157,0.27
-89.75407420820261,44.764314279267865,-211.6545793945594,1.889628699542694,129.85977363162135,0.3390905231436868,119.25761479901745,19.137982262787787,0.021
-89.22613421052834,77.13785135169344,-1123.9776917823415,22.87726751338853,208.86338605152608,0.3108979552669302,227.49309808374178,51.25468947190839,0.297
-88.85373957906239,23.21664496410466,182.6635044530667,15.342999637510083,138.46498068514472,0.2519583857619283,267.3042904072851,34.48319746556069,0.234
-89.13390526334682,206.74567429508647,-868.9966376420899,17.177207640270723,235.59789698125655,0.19182445292569972,284.13168433061276,45.501946947466685,0.114
-88.31607638009717,223.93061253072332,-1006.0398554913445,9.432661965199467,154.32482959174826,0.23815661103912283,309.37947685034726,32.3890653290984,0.113
-88.35212509105102,182.06722740795996,-1145.4345739177309,5.701751957535901,155.75143679050575,0.29094506114141305,220.48909870498227,16.013707755763782,0.15
-88.73752106180387,294.15676788094135,-545.6063205941306,26.619928308683203,88.68559805753347,0.6204245614311891,0.0,64.74877071731188,0.911
-89.19042990424786,309.9631756708849,-2590.1489585962745,9.53262719446525,111.85234990971864,0.2667603603036186,271.0304465693988,21.77782211802382,0.015
-89.41486088984983,221.62478280592558,-1131.724835583592,7.8906492342613825,137.15526120769977,0.18302058843212504,103.34118816787299,31.08552002701345,0.169
-89.69883879539506,4.5923326946749965,-1256.037154982372,11.198629321201908,169.0705173188837,0.11282197440804359,258.38164659832273,29.54084579780872,0.026
-89.22569440137555,250.28267606918484,-619.6649382737871,13.930221327179428,208.10101942342703,0.15263651677502219,201.42048102889612,37.04030851780948,0.044
-89.11497221730534,150.47971809132656,-1350.1612846992296,1.6917487328055145,200.65926324626295,0.29505328619873883,213.2188215843082,17.705082934082306,0.21
-88.61593644230226,203.6006939614993,-2030.987547330136,6.351285057930884,203.71766252340086,0.1481310900472473,174.0673833540851,26.558587067266384,0.078
-88.6494963338346,233.6690167267984,-1194.1194600642407,5.819679260939422,233.20308397749298,0.2444618659430353,131.81887939652577,24.009089406340507,0.022
-89.76679453468162,126.08518115774763,-2066.2724230946747,20.45280304606848,126.94425772105592,0.3096865046429157,200.3561660435521,56.053017300664855,0.058
-89.14900730068081,330.15546186184594,-2740.2097700699883,3.140374320001108,183.10263747062785,0.19246747042093326,177.05058253974966,18.32598163613784,0.071
-89.55462015228701,48.230952029921234,-618.3020148116057,5.557678577580539,211.5668764743484,0.30073176694218584,340.02959322162275,28.35302106410014,0.233
-89.60205585989807,241.74425062117348,-736.7507418442635,7.670945629061542,199.05658200938302,0.27432161849434566,335.8848579340066,16.787970760139864,0.191
-88.32812591549923,1.5694487843689542,-826.3272448051403,2.7038013467571727,172.76397679149744,0.23168173207851867,260.9793162698045,15.109768998694674,0.223
-89.82036108823911,332.8743979458651,-157.6572624433511,25.615382028481115,78.76412896624734,0.7911476718995032,0.0,60.72043488411603,0.782
-89.10355253578598,40.50148796571294,-1732.0255122431402,12.162065994840516,118.46331719070385,0.30761766712823313,287.8186944418732,33.229278357508385,0.043
-89.58041305404362,34.15832285312687,-2344.891314217004,17.012490868072028,126.65178575953712,0.20817910994577257,186.47287228169395,46.51212572146682,0.244
-88.2292725902109,119.88274789880792,-1256.0238214464357,17.36487727121329,158.0518853969509,0.3412793600576625,250.9751668185762,45.79973455173241,0.051
-88.84162302477743,134.483862974069,-1478.0002397647283,12.561839183923203,126.47148337340056,0.32143066425090155,155.0808933998715,39.2477791902607,0.121
-89.460376790884,77.1480260362363,-1873.8365734160548,11.252187033486917,169.65152382876516,0.33750518965244936,271.802062735954,26.585008616944446,0.086
-88.94538815438389,210.6437979337649,-1263.8793227902368,22.445264298181407,135.00987868198112,0.29228679491229836,111.20189297520565,66.35158679819638,0.096
-88.51017591656408,159.4490752951069,-1689.2841169636677,13.4599591431264,219.08326765366886,0.2138111847518496,307.83543717476243,34.96505773360759,0.185
-88.07957578305307,12.30321205479147,-2668.804226685465,25.99097479263414,63.04240923962233,0.762497416769206,0.0,63.415731400149475,0.857
-89.48115259193371,115.07474241190823,-1552.9413526350081,18.208299452898665,164.5506511155446,0.29624540822777934,114.60958668067971,45.38539103795318,0.139
-88.21625463295425,291.75584888634137,-2109.1001333630857,5.822037265189721,181.58644714418944,0.13927000239007037,317.9402913318673,22.04940778563348,0.195
-88.12482218308178,248.2925525502727,-1014.6815427112618,7.028659761300638,243.48947381853182,0.3459743051495728,319.4253527262665,21.382767015726312,0.262
-88.15880096538908,260.95350728875695,-1724.827806592524,4.725351935457205,184.97108574880684,0.21110061519942194,313.2039594945794,20.479718939843252,0.118
-88.69271272196238,251.32209267006849,-310.69482068715877,24.175480219507158,249.3102502180795,0.2891115968096647,293.57549420468075,61.251444126586655,0.102
-88.70334075657405,111.95028769789198,83.09285381429254,7.949490470544473,129.89833911688766,0.24971917448002545,269.48135381589907,13.890311093684767,0.117
-89.13389979695074,35.87901194763931,-656.494901590475,4.015272032003676,230.7116988835378,0.25579794760739616,199.22728046964576,16.38780510205095,0.155
-88.4704440236228,98.08818625191456,-2440.8209455866563,15.197780411268202,179.60842037421514,0.32140184386040416,134.08479182161386,38.56266325400176,0.101
-88.89054136513323,299.44270806665736,4.156799103231606,11.028328936274969,113.17997557495354,0.28800101610142553,172.1938187583055,43.662000425990925,0.083
-88.61286766466624,352.9694872019056,60.57636029901187,14.945685125751638,246.1112118015088,0.17509269650371406,186.76928458785858,44.19172615200689,0.119
-89.08592998268729,177.7849253069621,-1184.9675909536475,30.89813903893843,41.96397903394945,0.7639749077466497,0.0,79.29657617313667,0.938
-88.51015671831804,3.4921277722951993,-141.6590717315744,21.130708059288597,163.6579176256042,0.35207022020958734,241.37240378183046,55.05199545528315,0.083
-88.33350411655135,50.41613236832245,-1641.3401104373424,12.270105543019064,243.5798899520267,0.3654682224255573,152.09570203644307,34.95199959685344,0.255
-89.62177111245465,115.94900711385567,-2692.9967478796716,2.084233842060085,129.7413499133964,0.1493489598751956,147.41528226718754,15.989254401997217,0.093
-88.31743354040897,208.2907254934619,-1808.2275508972748,7.000375027913644,205.21541975689553,0.19284312007585974,279.2406754836852,29.615622022634092,0.185
-88.87343658959841,27.03371248991303,183.44069283580507,19.11046102545303,136.87005816429684,0.1847027145795197,101.87513760762906,56.97151350813171,0.292
-88.29513477272857,339.6086275355574,-2392.863938889179,0.28958960338183815,144.53061308687586,0.3812345682220465,137.37985885325685,12.08943508212376,0.286
-89.08052675795207,131.43012238238427,-1200.3829744548043,33.40970296330354,55.40661081307634,1.0051869550714474,0.0,73.70474892496775,0.927
-89.17982307777224,328.5303184529363,-1172.6848853278302,12.144165626355486,162.8301318391413,0.14996176962994962,137.27079152997368,38.91120290255099,0.03
-88.16138460821728,280.98784899252786,-1610.3793951742493,12.488483932094848,110.99785039600697,0.1545515649244597,339.9531378297357,30.71109839139184,0.272
-89.42277839165804,271.9574181056092,-1554.817279869692,5.333548070420221,167.99337938738324,0.3189607528281301,267.5259878670857,22.61908616256325,0.047
-88.29599658195633,218.41904872160353,-1142.2006926110378,16.967377567757183,141.92970488861434,0.36640595327394265,208.19237788613168,47.34132372518182,0.278
-88.98036091223213,225.64217413866405,-1649.7298735477818,0.419981934777681,205.66618789816079,0.21801022318998045,128.063836966699,10.299583848516662,0.222
-88.92321865915261,229.68116467784932,-2337.6467977343445,33.64892589101457,65.59235109668055,0.7703321772738692,0.0,72.77374985739743,0.772
-89.31391026516998,226.33969932920957,-1027.9744456452352,25.173513046520114,84.25364355639374,1.0410855212082744,0.0,58.07427021219545,0.89
-88.81121981882387,199.34216330341005,-341.30673404402216,21.84296445197046,147.393021695143,0.16298048749869287,342.20355083951677,52.10382529727702,0.299
-89.28209872707521,355.10904665384,-504.3419850772631,1.9042900578980948,165.02395615962192,0.11924543420957046,218.17184091020022,8.540617542194273,0.145
-89.82538811294087,263.6246042732506,-1847.7883739118492,14.054132704577508,151.7251605115937,0.3658694135147429,273.1030615231015,36.177784630632324,0.106
-89.38320264984573,279.70069982130764,-2200.9823323021405,24.090863980140046,200.14926869331123,0.36125238290010286,148.83974933168076,50.921907526778185,0.124
-89.88787981752748,314.0866134301227,-1427.3503057238229,17.931053993577393,124.16289577169553,0.3927730480777821,255.9083426839158,48.81774769693114,0.112
-88.04112590459198,77.6303145813057,54.233207836531165,1.978908953662252,176.93391217775417,0.2422014264718399,159.76372497675425,15.624521507458034,0.126
-88.06508030134248,30.169497274221882,-683.5215368323635,5.499062446913447,156.82367413010815,0.18820035946312666,149.5335130289364,22.32661657931293,0.267
-89.14920493480263,173.84199717549552,-636.8282585646132,7.480638619940094,233.77931486036408,0.33093512367112077,227.30514041751667,23.03178914553833,0.182
-88.51609537675468,185.06905042293835,-488.1144385716043,5.9656216551139245,120.27769310041494,0.15414847962517383,152.91607435839998,20.670998207806655,0.22
-89.2429684130202,298.5054407819704,-863.3867499851309,27.287788357103075,64.33415540483455,0.6689070913238326,0.0,60.4308496931883,0.804
-88.62492300153664,159.76208854164085,-1103.5131619091371,7.210131388232561,133.47526671418728,0.17670478786221422,334.3341477415845,26.94611639381852,0.297
-88.36968291821265,205.50708919595257,-670.1544826816256,18.559191396588364,122.40087239019373,0.3854858229736541,198.4005255986837,40.329182597419816,0.091
-88.10116313508475,189.745537864845,-1636.9328833744157,0.923033749284512,138.32520013722112,0.3189468756493222,180.6153508566817,12.264888663544678,0.056
-89.13959667588563,13.75300215266078,-2331.5704090930567,2.387485125489322,124.37141748165345,0.14010843777464604,143.97122340067733,11.606482917091185,0.236
-88.4117338323835,221.47736277488903,-621.6024523005414,8.097333668687174,182.93775274829758,0.12785376343717203,197.59910689687385,34.98121924920231,0.253
-89.39473594379898,298.0955828787308,-209.80951540061983,6.509455688411341,248.35009340820937,0.35284445607535353,239.90852263301423,25.652824276726065,0.124
-88.01836862279207,56.70019730728938,-2094.5855514848254,27.107316515392135,57.07381455880678,0.8787066030819148,0.0,64.2124059147219,0.986
-89.85103776234774,213.95942421357447,-542.4628140672799,14.64824242464778,174.5579689047246,0.3012983734025066,255.76905462472115,33.76636884589237,0.13
-88.75329526764787,213.69979600070917,144.61257071055184,0.01638453000903084,164.04984607510065,0.15883019571898485,265.60585373830315,3.2151734216395997,0.095
-88.64693863486248,59.106587060289144,-1201.7969614056967,22.171476743793125,157.54489799449607,0.2440850616667814,124.45739050368634,56.82195478937234,0.246
-88.59271344155916,44.44688654306497,-1854.4017477933971,24.313042635686855,156.46090546067052,0.2808177836371822,274.445676502403,67.62006187274898,0.23
-89.67126360030073,352.8186994715345,-1101.5850611785954,13.040464810390855,235.3017859277047,0.37964125805210547,325.07938272791796,38.12569658400193,0.151
-88.11679341140105,141.7389010750935,-1640.427174560561,32.3474915815259,68.47441664663867,0.8489837858911919,0.0,75.57143577376455,0.899
-89.55575176980484,81.87182234047054,-1693.3840879651214,20.215641246246143,218.48829423321936,0.2546340421438341,237.83805264971485,51.38001629657116,0.062
-88.7167685338443,61.676836003574984,-853.4527461827658,18.826525072925882,145.41064503283184,0.14732549166349362,250.96859343839984,48.168143312633916,0.195
-89.47691544966614,240.33661688996463,-2482.983580023916,3.9662129283370984,163.66137151446048,0.2331548021722457,277.45383376759133,18.949116195758556,0.278
-89.31628880765959,219.40030703782037,-2355.1431379937817,18.27398485621341,168.82098779880087,0.16004049238927687,196.44216594977928,43.122174343756605,0.218
-88.86172877071657,231.6787642754703,-1184.5672957008458,14.167912776044933,152.66244557032408,0.35085586249456346,304.67757921421355,33.467989564061284,0.157
-89.10733250472731,31.682169904122812,-1217.846831129945,17.198290026710268,123.0982406569557,0.17642088329125388,234.9741165590461,44.94274622726749,0.021
-89.59557135814464,321.6724500594373,-925.1563383680514,5.154143808586694,126.00631883612087,0.2251314148732073,202.234150390975,27.775376188705096,0.28
-89.57522083540039,140.13590285125738,300.18031078671083,13.280988843589867,151.7383573715702,0.22233629574764058,279.8141739341419,40.44713085405352,0.099
-89.10552490249069,112.81298631492885,-1116.3887711393431,3.831384997850419,225.0532674042151,0.3598884880065276,331.84388290132176,11.495655024339651,0.097
-88.46116234127655,166.45012100918612,-721.4622797321643,9.471320999660321,128.84787139023766,0.32733923941967813,303.000410944367,27.666695689762562,0.146
-88.19386717098921,140.42378366914616,-1980.4263484917055,21.983045685783836,213.96957664043032,0.11727264670452522,332.66619449709856,57.611073932662855,0.134
-89.74015744170718,310.88772113009253,-585.6498691867703,3.0238898168951724,150.4417621201003,0.12012623715044932,166.48369050755232,23.632126079565968,0.289
-89.15310257563713,334.5339510712412,-1621.1126920885422,13.07186464782416,233.685090915693,0.26535917353921123,129.628242721677,45.10016656406927,0.058
-89.70953342892653,109.24315792185824,-1142.8633339351254,15.330021294490397,169.96598655608972,0.22831570820733804,233.58738753971315,39.60646129069989,0.21
-89.86847428679808,311.01689068558375,-1287.0789000553293,15.265630158630549,134.0412638616326,0.18267526616105262,111.10760621050224,44.652415098222335,0.041
-88.64273450297648,281.3483266319042,-373.62061206877524,9.169209264017498,248.01822301547145,0.33778628146222167,268.64744223031397,29.584776992244308,0.09
-88.75534606026349,335.09076204411423,-2247.9812434999994,14.712114752799735,134.7288326921876,0.13859055156969985,160.0003808163886,38.82559067222503,0.219
-89.59026368375172,88.47011238691962,-3026.5909076920316,16.70967069785162,189.46677497251773,0.39221707386104565,213.5875221020304,43.73107480947395,0.243
-89.45575561712319,207.70529404355247,-1370.7461576703397,19.349648157519848,189.70010693345878,0.1072307520256483,263.8904601348295,49.072422702870846,0.146
-89.85495526807541,98.83605050656007,-825.1749944759008,29.33441339384263,69.85495491429967,0.8958820610674972,0.0,74.5446455527076,0.862
-88.31360030918063,296.6740165743747,-1078.184499354,14.341941514982054,243.20840295687833,0.1933949962827556,159.01551514163657,31.661535154848774,0.281
-88.04808786750775,1.9167086055831328,-214.23661006887096,12.640488450177019,228.14243873764244,0.252744728576651,320.0926299990224,37.621707720489994,0.281
-89.64262688009009,203.3348986391026,-850.1018606562653,2.932710346499059,226.1747385173539,0.1648408475437972,291.13383026001185,23.562510493161717,0.109
-89.46019709384593,122.11323525789048,-1651.078665487888,16.35946323899337,246.3812709601269,0.32086454465620795,250.26812339236307,49.87786410286628,0.101
-88.25002190450083,116.16613454801528,-3060.3361233117444,18.673831031405687,173.99530734748436,0.20726257102779697,274.63506590209977,50.19252928386031,0.221
-88.13971878388325,232.16627659137012,-1389.8497873561746,10.076968157183728,123.6060085868041,0.11156150001908127,203.83147440698474,26.368684267574736,0.2
-89.10270797266706,306.5344017530378,-377.6327981937616,17.44612504184037,217.16382956297113,0.3633165902321933,193.97302410458917,48.77614156610104,0.124
-89.80381730268877,219.31034090159744,-1513.6382261336917,9.074838064506583,163.31376112327072,0.38315970192581894,140.02789393212447,34.774376688816346,0.076
-89.82515551598365,307.14227231282007,-1177.3437890577886,18.70992652088924,136.64832125249256,0.2855690867311133,300.89787186243456,44.84415114196854,0.189
-88.80949525446889,95.2549602771708,-862.9117965546332,21.126023140297434,177.65462805083547,0.3419609165711216,195.26106129530353,54.04010015833237,0.135
-89.15349929310297,187.02066771539322,-2012.2338993998528,20.986278667304855,239.60065162340285,0.13633346160799056,273.0809936252693,50.94620771546819,0.048
-89.84556038760246,162.19315406414736,-701.4112826889461,13.178443261413006,133.98998266204796,0.1806460845359994,174.98549783023043,33.286950554835784,0.195
-88.79182045460614,4.192163821114638,109.69743200136463,1.6003184838294864,228.81783413216385,0.19756950630345516,298.9973150316596,11.624787193443053,0.212
-89.87852518048086,200.45237153066645,-1338.250681514725,5.880869473581793,168.54869182611642,0.38822595008454897,126.31085283322642,22.40439184227635,0.116
-88.40399327951638,238.14875669262295,-2103.2515374658415,17.951573238847285,129.15227729843988,0.2536667919722103,256.2535498337727,41.311966309117544,0.251
-89.3177776368636,213.0891855908652,-1253.280821617579,36.48812305740227,56.10903740621388,0.9695723766460462,0.0,77.56569578828125,0.751
-89.82350979428246,265.06076356203175,-2979.507286887095,8.59279228467918,245.74684776680002,0.21405574686102868,265.0625614966294,22.737554322490233,0.154
-88.78213078013201,205.68223024310777,-930.4773888187071,16.5583767838814,150.77790021690163,0.10232518025967294,274.02895166877505,44.75625731390767,0.287
-89.1443996125772,24.03009174627249,-838.180497881137,6.439474425205966,152.49506937788965,0.17134172214173377,231.497238854436,15.549884287033422,0.065
-88.04977921462141,41.920388670496116,140.5090350764499,2.2603295575089923,164.67643762559064,0.23641002014235324,239.75799927719143,3.4357614464128723,0.06
-88.86602254124297,214.73084791582286,-1355.1958340533001,5.236841364226375,223.97825102451299,0.197017916626251,116.47335971740877,27.336201846723686,0.12
-89.37704555602969,98.99250911051047,-873.2117294828238,8.824719767026714,111.45840754352997,0.10982026368555121,162.7007867513947,22.583332340191863,0.088
-88.55206615719545,28.6722464525157,-1889.030481908721,25.534350629077508,60.74188049209387,0.812076598604502,0.0,60.09865564697233,0.967
-89.38416519516885,154.65698764147683,-1485.141696420063,10.301302529146135,208.82597355488565,0.2652659683668199,336.35535551441626,35.21404984124776,0.285
-88.18193774632563,199.55613531011593,-2420.1483493297583,9.361717695993672,166.78952306797365,0.3086814713153456,235.44523939823503,21.532138240238325,0.11
-89.18802825603599,118.34855580585835,-1355.8316970265885,0.21872104649945534,156.24138721553786,0.22136470366987082,281.3978330644321,3.2402333152512837,0.027
-88.85524973072522,259.35613280128007,-1444.247322814852,3.156197846377955,232.11960444628244,0.31944452392747213,270.8949676535821,13.149480028419065,0.271
-89.80391110273398,231.75741891644807,-960.6401871288833,25.76522659738668,71.23440259225961,0.861065239614538,0.0,66.3369765648998,0.946
-89.09036964789077,119.81460999300191,-1698.8775042661114,14.01066990031392,242.71807068326737,0.13661738434230583,298.75110975462997,37.91310726567181,0.223
-88.31850927464411,271.75411040708184,-1133.3237192199265,2.346038408182995,148.15707457160153,0.3518361147829828,256.91183344629303,14.651696208529836,0.117
-88.36926726980965,233.53021531189276,-1466.7040444861325,6.1048286750348915,237.75176533547497,0.20176400454765991,128.7898289283649,20.732542090447552,0.281
-89.4737947381783,229.48033633844474,-1465.1995106396114,4.345187795579143,213.17517766182044,0.22967437658332732,190.6655014991535,21.501049393534718,0.093
-89.47044976507993,199.23397228334449,-1135.7101392295758,11.564543279211193,131.5900647884013,0.384274480695189,162.67473888522235,40.288319049302174,0.202
-88.34711990679484,4.100280511879006,-1167.5816461463921,13.728916847876924,195.43780396314946,0.2272336983811328,313.4189083121165,52.37795622738922,0.249
-88.13224300167828,250.7425860516801,-591.0607687586892,30.955747732285598,60.18509581719861,0.7470283686830436,0.0,71.17106730376392,0.909
-89.7188142495813,135.37504479929632,-1296.514427303868,7.163007659977069,209.17294180792112,0.3813915818649508,233.82491673825265,31.955754645692593,0.242
-89.04488858509018,339.339495657116,-1479.9082792984025,11.651876852420475,212.69945317113138,0.1042355900457484,341.205824922347,38.30007773675504,0.24
-89.25883686996796,294.4745175877939,-1344.6459560697808,8.844323074654778,220.50739120329962,0.2986858851187595,309.1709504126168,29.023617924746734,0.29
-88.24569193463087,211.5700090312724,-1771.731293472794,21.465485277167822,134.15350757714089,0.19686727285975109,297.4550650600266,41.88100281738228,0.278
-89.74130266210797,90.78551345493699,-1487.9288748533372,15.548181181783935,197.95499173265432,0.24111722696806154,135.5549136070993,39.20692654593449,0.123
-89.49886070913973,73.33826157995998,424.92697045858495,17.903622081149457,135.0399358758716,0.26418555030885527,105.69210558417984,44.11592786618415,0.181
-88.47031015858566,122.53854156391769,-1930.1430085566935,15.450861860150827,242.5310116744846,0.22253801718866628,131.38708896469075,42.695727850412865,0.278
-89.8025416869357,171.56445968880666,-1422.9250671034474,2.6800887471646035,204.50149697531683,0.3323106361546505,285.0708326535897,14.372843616364582,0.011
-88.96418277664286,106.58358361402095,-1509.9909306157524,24.11265496493013,123.3456187205678,0.3792119228993338,202.6794494400196,55.409315304439275,0.192
-89.05999663410853,185.3746183412938,-1397.7372897955197,19.98504904615669,136.1845122008152,0.12592361563566049,129.36739659478584,60.12014781653088,0.072
-89.26463775992138,59.533353184746936,-1464.991447102716,21.15529791724743,202.8844137381647,0.340075864370492,284.7548758884412,58.851481772398444,0.224
-89.15031260089405,351.97661261717997,-976.6079190232002,24.64050170507165,176.7338694623452,0.13860134227019355,148.64600820845254,49.16688567018629,0.241
-88.89311288483256,38.85283978739779,-2568.1400811134354,16.1767510065196,213.08167326952298,0.12408315497488234,247.26082741280362,40.94806510544659,0.217
-89.59340201906208,335.49989027557393,-370.2628219743964,26.80992404117493,68.8433921458114,0.9064387989264922,0.0,66.77446234588062,0.859
-88.81320783126118,328.8880841049702,-693.9337602862422,15.77639571786641,202.10845515859074,0.24678933444738224,252.01515621137509,48.207325010792346,0.149
-88.36967857433002,189.1297734550193,-2194.297268850508,9.809414119753914,134.77442352426146,0.1457809873027866,348.4091352098816,27.518944449020186,0.173
-88.4556942333987,260.96769786099037,-3015.261818361921,11.933960895166353,186.11943687054463,0.2709871339651269,208.54068014089398,32.79106963905524,0.129
-89.60759018108183,156.9773872701316,-1981.657716913121,11.761562318638836,244.09194281699806,0.17897114163086592,177.9512719024907,33.99704698961077,0.292
-89.6164260074912,226.81244791527774,-1394.133169141698,6.806086779094571,197.9511125207381,0.23929270504239827,150.29917002497962,26.92141090905211,0.278
-89.39046870128468,122.60733747160273,864.2335189526202,28.318888483702207,76.38947738428146,1.1327045866892247,0.0,58.960092534745186,0.986
-89.21395801995203,108.41724712276033,-765.3944280205814,14.962953655036676,248.42669928312776,0.3607809486609984,313.1199850628424,29.84901808021869,0.296
-89.12393439532389,208.16272302102493,-2646.071719345166,12.947384758329067,131.96128615084118,0.1009244194807925,336.7287974822292,42.16752111977069,0.27
-88.60857528801665,179.32668270623293,-1751.7244039207553,15.882742549264336,210.52967437759472,0.16424219827478465,343.0137182348053,36.815111304545205,0.28
-89.79230717888491,208.6330928939932,-1242.5699490183865,41.79854516737147,75.79428833897586,0.6635869188331353,0.0,100.0,0.836
-89.83412186197047,103.19780926332828,-997.0531565615224,0.6827581140034056,151.21049629260253,0.12912931046771875,251.31508638654716,7.047653213573512,0.06
-89.15536993040658,132.10481945411829,-2251.799088248338,3.5496148828372434,134.82346795987928,0.3837332239419715,245.3849411705423,16.1744410139299,0.267
-88.57538898493785,30.20326582640735,-1307.9921823816492,1.8057101744699633,134.8783309987402,0.3808248803545158,216.493098837991,15.454419220994552,0.221
-89.53247284838268,18.81949401799406,-1774.1113100884327,9.67400761564514,230.17595536914246,0.32479242391037,138.05995357918445,18.688230970727428,0.264
-88.68114148561313,91.24456668228585,-2083.0068500818534,14.455184433273603,232.20775198287927,0.2929189127202747,116.3646716913951,53.232325195146444,0.233
-89.40632653791343,26.728869358996473,-992.3234826408369,7.346774816589226,175.12037302745966,0.3543911339073109,209.15947392440583,22.71856541501845,0.05
-88.21643639325433,37.35889510850665,-580.8982612457422,6.6027320184823,124.50700480949634,0.11752262142717028,146.54192381941706,19.0129047890688,0.276
-88.19818910589343,292.65422594181734,-527.1669784307045,13.424048666281323,233.7831145385506,0.13584573793036853,321.6629362704148,31.016259835086444,0.234
-89.33515431186548,13.99453092600815,-740.4909190928992,6.978921751703025,178.18230806451248,0.19513387698890022,290.4249862164901,25.766610905607042,0.176
-89.46301186746985,237.2194058165074,-1597.8956265122101,15.10175827182838,171.42673920136792,0.3497477139689541,254.60167599439788,41.6577883689441,0.164
-89.11852245307416,98.12078957354419,-628.3601908291954,23.142343467426045,167.02998342126682,0.2416697628299531,111.85299377354471,50.62153800301992,0.176
-89.44298998815772,313.7564450549255,-952.7564495165697,18.770304698008065,161.1019843402888,0.2510724290312855,255.56135354333952,40.680901265832915,0.123
-88.62247069774577,174.59722244789984,-1092.8464936383893,20.810133471652023,183.64075650520317,0.1687796288961423,255.26729968026365,56.896548308305064,0.243
-88.33047709935826,110.00752535801726,-1689.3544973614387,22.859184115067194,194.6357717256386,0.29451624435205787,209.80281443220048,52.43983111313712,0.274
-88.62112495126868,186.35001684819642,-1597.5009018732226,14.82828160118703,175.30050850021382,0.36635264621867936,264.43824772050857,31.051481849317142,0.083
-88.33373415022623,137.50488685629676,-1140.8904511003568,10.41358973956899,235.53074288370624,0.19885426595754027,314.47863274955466,30.087570673695076,0.021
-89.14571489180581,203.14838328113888,751.8995735884012,4.277469291168044,154.47257199412962,0.2857557819309653,289.4967134745187,16.546307320060272,0.069
-89.60299775565316,41.231832597485365,-959.0060159268878,8.08821836364279,190.96365995014938,0.19958468923354664,218.35855072981946,35.92658634078697,0.23
-88.49789319994457,358.9165810125184,-1688.9508018002289,6.763144673231055,151.99354882715795,0.33781573355029904,165.57112458486029,20.915365434040567,0.262
-89.21509844023105,153.2001159708183,-1865.9115559755542,19.316723266209117,215.4690033309548,0.24248792109769518,219.45932411605372,47.09231640103333,0.111
-88.62458543206465,125.36303029465272,-1593.4132901249623,15.467825545941961,124.29695390595299,0.20184070666591142,336.4927090030815,42.032932017769916,0.054
-89.38577651023465,255.67554539385534,541.8347580392524,18.967578627143013,136.41785955134657,0.2260146562633876,304.9966397515823,45.08081470913475,0.259
-89.74566369386733,131.00378633831969,-1519.4053167567697,0.39663143899848485,222.16819738977313,0.12736825641886848,106.75992243787407,12.998047065782627,0.072
-88.01409458857324,299.9787498103528,-474.503572311772,26.317494842410788,41.465491014012706,0.7467732469269707,0.0,57.55062980256989,0.863
-89.60321713493187,163.5374607697531,-1500.7425963770852,7.730196284932376,197.60448846726362,0.3874207166014315,142.63940947794393,24.263828709596304,0.037
-88.02200011146938,259.0410287755566,-991.0523669762971,0.999833579253373,245.83408326658756,0.243224253920625,242.7778332594428,14.033736731368705,0.274
-88.04316812812375,38.68315791907916,-566.6037807930221,7.607822351781873,183.20468592723523,0.16640116242344183,301.6293844449901,30.903831731051316,0.105
-88.39174560257473,304.60290679984024,-1657.5222798479392,36.83765992587508,79.70523421215097,0.990273967082667,0.0,80.74438404371652,0.96
-88.6470963720442,264.85847524011956,-1712.8893233222157,8.122831335084324,154.89674639696926,0.23571444386234283,200.96518150531114,23.25502894421932,0.287
-88.80216660452294,76.21804024630765,127.09575556426398,8.749035285290745,225.28413070359335,0.1756900242515259,180.31690919496123,35.20422848662656,0.107
-88.25440706378211,52.302963508483195,-412.3256840833625,10.078953193703239,159.23252783679632,0.11152994304704472,176.27506014728382,27.39880493093554,0.227
-89.35006490892297,113.86524554122478,-567.4621450474175,10.513796165685447,211.29159026417392,0.36691133553655364,309.3568761107565,30.74388489298657,0.077
-89.01140569627874,351.38541097148556,-570.1789655016688,4.185239341987457,218.82900880376144,0.3390203056135143,306.2627244999019,26.934242518500355,0.221
-88.72315905820365,92.4593668441411,-832.3396093511476,13.432130832061304,180.165598614323,0.3487018172918139,305.84416207672984,37.20154851754771,0.077
-89.11873809584797,164.205795220788,414.220650540052,22.755949081983303,219.64987381129447,0.2319519192794167,170.68225309576377,54.27312112149706,0.195
-89.0877757372285,10.807281258241073,-1164.8733584982745,15.142893154787071,154.36642061995002,0.32597661758602825,299.7294428039434,39.41998614353113,0.138
-89.27245913174605,143.0019106438437,-738.1901062392644,0.8883470110001443,182.2623505402968,0.27436757916399873,109.15871039481661,8.07443401075098,0.242
-88.82795954829939,205.675205555917,-2360.73034287521,8.556540950662916,206.11815695609965,0.21243258892404793,151.61406550367187,29.366998451994387,0.222
-88.28390839677128,343.1248605028674,-1859.9685492729927,6.484725998983703,133.53024062261326,0.3528226264366541,228.62574731791437,18.34933933613632,0.281
-89.51709608178801,186.0249761784232,-2160.6551998680325,12.529394682348011,148.30707543350655,0.3996272644133255,201.68654064964062,38.95133359083861,0.119
-88.12457722636846,294.8786374239676,-180.74913318708047,25.30451671562317,61.10816237267639,0.6978403664980238,0.0,60.68511099062262,0.979
-88.59073345787837,196.9659513248042,-3242.0321216166,10.51117203979117,201.75041677613748,0.3328575915058918,110.43011496459803,32.199712674151826,0.291
-88.33578089590794,14.682604836786517,-1521.848018202178,11.118451311296091,179.06237050341707,0.32425239165771313,252.7927840459774,40.885409725248856,0.108
-88.84323768400299,113.40297906831866,-3594.965282128498,29.776448188194294,61.59547950099146,1.0605500805256973,0.0,62.30750111476389,0.888
-88.41891826729429,207.19782281919717,-1865.030316385512,20.762059916716602,177.48768628069658,0.3560852490518732,103.99043256541707,51.64622979183877,0.233
-89.86921924505502,342.21382773520475,-1592.759159785493,17.74081282106535,233.38511715792265,0.24792437434739983,207.72365756434516,48.67203419910369,0.139
-88.34507719291888,309.286929510444,-92.10312496476467,31.581316153017756,82.45382047516196,1.1574593164151503,0.0,70.08146402135492,0.94
-89.8237361677378,82.20802110438515,-882.6976486228343,16.89811254794013,154.0572808624678,0.330414917280762,244.1518374805258,48.551806458574696,0.168
-88.20916458491057,79.23953880689886,-1866.5132186631731,7.8652714197752225,165.33556118783775,0.3758519122527656,332.45349003101103,23.007111805600406,0.281
-88.01527078024658,72.42226816100427,-347.2290242145393,20.326657578803605,203.4761360077784,0.2024056875791499,176.96658402165954,52.11143048118814,0.034
-89.34127182186413,332.0996026689011,-1185.734196376194,3.9200845711865018,235.22336663528876,0.3348949893871407,349.28412957109526,17.222697266737857,0.145
-89.500394743057,306.95981511661944,-1169.9465130341982,16.52005368582448,135.01922257849122,0.18211681092472426,121.51121182962885,43.849032872043466,0.042
-88.44580960866972,278.9580356110616,-2162.1372062175938,5.1374357412924,182.0528954238772,0.3827800820076046,122.06954085010705,20.644615132558844,0.266
-89.41924995225152,141.38464112072194,-1992.0109711225114,7.3314458960008055,126.62981898541274,0.30503829760413603,278.2399840011267,24.503063337599436,0.05
-88.25543147197281,181.57705354755606,-1860.0778399564197,8.362154703901288,149.12372174481837,0.2707827961547192,287.1579525508057,24.356974075303828,0.036
-89.7045990749008,167.15942812625502,-1162.8309814766483,4.298808927682467,206.03739030105393,0.3339610473710725,205.71779883487955,15.274093909810684,0.289
-89.66068512687923,91.22331872137416,-1137.6914184154602,8.511480028088,120.88284893474264,0.34396935116726257,171.51189915444223,28.602889220957017,0.173
-88.03961204530883,181.8100966135561,35.27413081923601,22.325617203605525,202.73020146443864,0.3677109694676042,298.5005180983234,54.91476507713362,0.25
-88.619706093287,10.978757226991608,-891.9558656497325,4.860470878404467,236.11355693234157,0.37033585985422923,339.0597361774338,16.260452212917492,0.146
-88.29091427358499,47.4517344590853,-3366.052554937686,17.451408795105408,245.71184074258525,0.11580724766606397,347.4754733253111,46.619738403613624,0.136
-89.28377418303212,319.1722546208207,-989.8864097026476,2.3435036039269974,140.32850814357218,0.13687228240383864,258.6135200465261,12.374240506610535,0.274
-88.61468087591085,270.6047161313124,-2360.013084934026,10.10500423607871,214.84571392510261,0.3478182634561625,285.02868298761143,37.98720845371879,0.297
-88.77094052811367,152.23262726127135,-1972.776739689229,15.238392663274503,239.69186281877415,0.3838154960140535,305.56164876231435,52.92268688862921,0.189
-88.7540147717664,186.17413042219582,-1849.7355773810639,2.0347158338144027,122.79170351892104,0.19230155443718217,299.71745443988704,21.014665904429847,0.276
-88.60318832687832,133.19959894559187,-1730.6706588098414,1.1172043291068992,167.96330518848873,0.1025805455298146,348.3480757041397,18.901031332590737,0.26
-88.80681757105472,266.68075217784207,-2300.119513632242,16.918781505788882,238.71736736210323,0.1968115567105594,302.60796306101406,47.90839990967706,0.168
-89.08478149832494,282.30738452354865,-1037.2143972381698,23.23080399340639,138.39024975567622,0.21485924079177152,265.64310732243393,55.41245022884341,0.283
-89.37574688067697,274.7826684731373,-2328.6418280727676,11.209349805126278,240.72649573029787,0.3283100094170207,194.0539849167478,22.923397697606973,0.071
-88.43969547126491,260.14022094040183,-914.6659142001224,7.426870934432958,183.806889952289,0.11427539969135175,249.4966516290861,19.728712320676344,0.267
-89.47008238299395,73.6215619294065,589.5768616493037,13.556753876883867,123.98503155525779,0.1637920708277981,320.08986262268394,33.72981038138616,0.1
-88.58452681830661,121.66919252657236,-2263.487247147251,12.554799187653805,172.9828243457721,0.3681905758583919,176.3700157272271,41.148283972918875,0.019
-89.45666763696629,169.14435659412297,-1427.6082434713776,14.429025407112515,155.67656736538927,0.14644612283543024,107.66313874317059,40.138710530632615,0.238
-88.71187267708655,119.08547691395601,-3218.765890009976,13.282451003137144,149.50858247725316,0.32777429559050286,181.7955519536285,33.26728473963206,0.28
-88.48055129245485,271.77847205699845,-1440.7482343761064,1.3089570883403674,185.80658058871575,0.20839312467372278,340.0575147426788,3.3919824720067027,0.073
-89.48444361107758,118.56726872998368,-685.826277894813,3.5476989456314616,177.7029767052618,0.2987980644764159,298.5168928079048,28.686132533612582,0.165
-89.78610772836352,49.76355124272138,-623.4886149141863,13.508676285115625,177.47540234681287,0.12215395099089758,146.7849701764161,39.68392035004612,0.227
-89.65114988831107,143.65456273738945,-1138.1090157727226,13.858778836222664,122.33984235443614,0.18596738352581305,103.00024397673954,42.26010683958761,0.106
-88.74860576218505,352.7691958016569,-488.5892601928193,18.36180488684036,222.32454534379912,0.22743692124901602,267.2798537215416,44.04530690706236,0.053
-88.2860518281711,81.31730865608732,836.8436287542334,14.575817492104369,177.40150414981133,0.3571637878233367,244.752180959964,38.45857363089479,0.124
-89.8145060396527,220.37711721956248,169.84374995007943,1.0073507038733567,224.9268160182624,0.2690487572938353,120.74549523136554,10.29537413371371,0.142
-88.50511260782088,155.87029794229426,-1618.0167435277094,26.4700461758506,72.31950134828088,0.749790624679674,0.0,63.261776046508686,0.816
-89.25149457269491,25.568844353757587,-2360.8831891733907,24.71918303422366,154.39894547872603,0.34055997199783783,254.4483010179554,68.66730188059239,0.068
-88.99079609715291,175.63557815930142,-1524.9211332590428,0.5819729002692586,110.60848253306573,0.11635644668544477,262.88024523505794,5.1425402142579415,0.246
-88.13516685529342,252.7791583133925,-1957.5862124938785,15.32705294374183,237.57439484413658,0.3803099691975702,313.39944872237436,40.44778511099567,0.156
-89.2692541410019,184.75919129801474,-838.9219617082938,6.0457561475698425,216.49725703207363,0.16351523381211688,184.26581716074645,23.895884951395566,0.272
-89.01585982551498,313.9581829487692,-2144.9548315435986,13.388639892005482,125.01527395528595,0.24637784339711646,239.56324621688967,36.193193419275076,0.174
-89.87400341195472,104.01732599672975,-1258.2579460722736,22.533102796418703,208.2417847604342,0.12168429062989274,244.04708176504442,60.04282983533157,0.14
-89.74496243199081,31.04970166942737,-529.5887563709517,33.301042663209586,74.72564191822849,1.1586433032315968,0.0,67.92386321390134,0.857
-89.40867597684391,337.1636201968822,-1280.5566982537416,19.512777051426102,113.88626969089779,0.24916861021854453,132.87162488363634,58.444399320346044,0.041
-89.84708074243997,136.15068583015884,-1957.0510581982371,14.949347351101359,183.61525354369795,0.2230745604644029,289.72826800893677,33.04609867093756,0.118
-88.70038688050832,207.50599852330802,-260.14875393144655,8.601788316917029,123.44524009308853,0.11067187511021193,243.78780213468735,21.55303828667159,0.13
-89.08984312207691,285.12112540687053,-2703.1847558030618,13.821348710111764,245.00711314788865,0.36368091359545096,311.3447579914015,35.39543156761512,0.175
-88.85852411481676,116.75291899520901,-1462.2360447019705,25.597718933283137,74.91094852977844,1.1495416665552605,0.0,57.95750807850785,0.976
-89.56817034679698,257.81923374394,-1233.3280187050677,11.552912432404147,200.97368437470385,0.2899090060986973,103.00757541075942,35.22834214725292,0.145
-89.33772914407044,48.75078593441809,-1187.2730732802952,3.1388734865234973,118.91925591736386,0.27166899479017914,164.1136684389998,17.82120611424049,0.101
-88.63873349777982,104.8657489939819,-1055.603155137535,4.196898655166265,155.47693609298912,0.3084839294109494,145.2043357254428,18.961582286318713,0.263
-88.06592482510224,52.09582900914717,-711.6481441524055,17.130478674102505,162.04121970684616,0.1431970047743102,215.42766195246426,37.171548758226066,0.223
-89.80420813015581,292.04300102448883,-1228.3259512362806,14.472881256277393,177.32317701601795,0.3797932738949452,326.32186548845937,38.248500388652054,0.099
-88.208269790375,80.15372468164273,-1494.4466257149445,5.540918267377034,133.64640236090332,0.1854019874513923,101.25151416906563,21.180499345859626,0.058
-88.8039257175087,258.2652799458757,-1526.0714757277565,22.260141257072977,190.8516299916074,0.29694708173290074,222.0479939392473,60.68165449473041,0.094
-88.82855282316432,339.58742300843494,-1689.2126416306837,7.782231356123695,171.00789070729127,0.28202670434257143,321.19835880359005,26.561680461123377,0.046
-88.94947078310526,189.99799526479572,-569.9653405385078,10.653559081752048,242.6215748750002,0.2909841939146826,331.5531090067126,33.22040532148069,0.272
-89.76815123678206,194.41050921384758,-1717.2227835812118,11.833358667020565,241.06733214753066,0.36368563692463374,264.3246508260724,43.479191576785965,0.187
-89.7292339817013,165.97208451521234,-522.5831127934046,8.49047257861912,189.16635374759613,0.18877336199518596,307.43807441133043,21.180411652559204,0.26
-88.75826718924773,117.32045162171138,-1184.8007341921032,14.358650657495708,200.20890703867494,0.32468445647579725,181.01704854623455,36.77676314800257,0.248
-89.25217871427245,171.23581113297016,-1617.0038454849036,23.51515145933001,129.29150548832393,0.2795173191817508,171.48986747174627,51.35105356850657,0.054
-88.15719067350241,217.0107116160334,-705.2742274046922,0.5751810188157727,141.265253437624,0.12281809928639206,112.27991177904306,19.18295902987439,0.138
-89.127477979017,354.95696598143735,-1781.9631397784947,16.885201384740085,236.10015658826734,0.22424640426459258,225.8006557666967,52.144621072168064,0.292
-89.62776522846498,337.5952413545607,-689.4527674174296,13.72158669606441,207.8832292054029,0.35138547197972336,213.95800312987757,45.08580349002329,0.078
-88.54203421634614,310.37506498552386,-1029.819103046572,13.537638295447062,136.52022761963084,0.19460421667917577,192.97887267168517,39.81226240704812,0.025
-89.34262849926209,320.086992853749,-1677.0597512735367,20.718445698740908,189.8294428502512,0.2446791649938628,128.33352479303406,53.33939993967332,0.11
-88.90160641602381,168.42570598513547,-777.0921477323527,12.492974252171587,240.86657506852285,0.246591570446098,157.69078970606154,32.695741194284686,0.158
-88.57411770754018,236.67995778388735,-762.728219449089,16.802292619057027,158.3239548626665,0.2854029600417588,150.91890395596783,47.451751421300486,0.026
-88.18949818871607,322.22402025703707,-273.98431535203383,19.15864629571147,136.01485257267194,0.365205357937055,335.9921005593777,41.91045344282543,0.134
-88.39483672987681,141.4622753968871,-427.08239007256327,6.956347996193934,241.88353876727376,0.15206175963554694,341.6150843322787,17.48879533410667,0.083
-88.61491397104183,346.2344922043688,-806.9807834189737,14.991834608137983,174.5771504408939,0.2513850647920377,100.85540121475259,37.884307339118735,0.072
-88.60869695344923,149.6829823449059,-2102.0727609670107,9.492123927893681,168.4138798127873,0.22728017778628365,142.63697522712266,38.419252887985465,0.087
-88.10274317633903,216.38975954155762,758.8695905392456,10.673182202801044,147.45940797098504,0.18877602703017893,322.19520005936306,28.779087816520622,0.041
-89.33793421475659,255.5296967780539,-2322.892968857448,8.779386035216682,234.82194129260017,0.3758824530861318,109.58502116628601,25.666878292160487,0.032
-89.89788702102724,342.2131247073378,-440.5894605741528,16.710804040968863,228.3863473645405,0.10245132772231419,335.8628781475664,44.86046892223689,0.183
-89.38328633714343,88.06185865881578,-854.9729464909612,12.816447090182537,166.41865592114556,0.13663143778911313,195.01616359530095,40.12595949879049,0.285
-89.48600637870919,268.6071521659112,-2139.313897984892,15.945440343166744,114.28585918559104,0.3200033349748329,234.67144064258636,48.15098438238888,0.243
-88.64251428828341,187.49361101186958,-1299.4407511027994,11.824826371042516,172.53120027085953,0.17903248140607406,290.95490529024,28.047771616346775,0.252
-88.6959479604455,96.68057062343078,-1263.0023089957124,4.041210124703248,135.32012232120746,0.316953778327673,160.97627274728978,17.5990460095788,0.223
-88.77242337286103,279.5784623267006,-155.53382735158107,12.313684160997084,129.98276982084337,0.3496760832146689,125.16850195762213,35.74993591814071,0.287
-89.86913745790204,198.80002086258477,-1770.6487202241692,12.63537955156817,165.0331056653593,0.17638480505035908,302.4870499430348,36.89458676337584,0.286
-88.51532169654377,237.9505754338833,-1409.5560051394832,14.425959371534603,123.8707712282478,0.15758328635890728,346.15660320892175,43.18088657529886,0.236
-89.28529221627757,116.24438468804436,-3068.8556840170104,6.062708063142581,244.0450309704331,0.14359018980434735,264.69450473334075,26.225836072102556,0.218
-88.6363936208874,173.2586226579378,187.81023449886175,0.04530283334488061,116.65548544937946,0.16002658326473387,306.3060776128839,10.218078198516018,0.099
-88.84250098584592,222.24753035570416,-2056.374594416057,18.24606644894278,166.1917478358218,0.1801556167351575,335.32809813301276,52.25402879176928,0.036
-89.24881124168698,145.76789313714383,-938.4713086086601,9.26393443465831,132.77837828443728,0.3606249449621527,157.14494536823207,33.37179404036311,0.037
-89.6443050925022,71.41411434517248,-1281.1262637774912,13.712440476849958,206.43358501402585,0.3310013239757298,187.6014885267901,41.86679057473406,0.224
-89.7206040944451,346.19057723350943,-1278.400773426672,9.185399201117043,121.03360289003865,0.10055329507547249,154.75651838953024,25.72675575863982,0.018
-88.32011516708678,184.12831441534226,-552.1104121033,11.939381742264052,186.5527803892088,0.36223574262942937,115.44594299483876,37.44325234713814,0.247
-88.15504467004504,264.2113333035722,137.0099682429077,7.507146520641918,218.23420932827128,0.12364368991059331,283.0689493288942,31.032131415185553,0.116
-88.66540271114783,147.97698968018094,-998.8050640464066,2.3191641084617185,243.00837690685591,0.29657968526406187,136.41440090746045,12.06907968343565,0.066
-89.70347518176509,127.84743504925788,-675.9375858955793,16.737316607686573,207.79385881571778,0.14544243046504793,123.17734922626424,44.1324280304969,0.128
-89.13614828791235,146.579147448165,-936.8867706183673,5.968799117738799,123.9288460688417,0.11868274315328686,189.4087176560583,29.761329188300472,0.214
-88.5150155198002,147.31079176283393,-385.97486085549895,13.639514808948107,122.39287695997974,0.32793120925635333,115.13902855187658,39.26148140371698,0.09
-88.41834032038088,195.9048417391033,-1570.3331035890617,16.104602219020776,212.42372679532923,0.24016093415675294,144.8895793266406,41.769944830891006,0.06
-89.67538461764694,195.64915319329074,-339.68755646686884,6.131872843969183,140.1461167004856,0.2797187539933478,117.48530188494937,29.571763865080563,0.224
-89.89994163419378,178.9753737178338,-311.6001074820929,0.03885634372984903,172.61350320865483,0.2276059056392377,319.3194517019899,7.725217170880571,0.265
-88.54693961282685,48.522882570277716,-333.9703930536722,36.26085613853053,44.688708475635266,1.1400958242679713,0.0,74.04108402198338,0.85
-89.22246726562621,178.5871722601912,-1728.118293869181,6.7222812405457395,224.7869517765426,0.32188544988609247,314.8787019254769,19.548723801524183,0.162
-89.4164854699253,60.87740415143453,-1334.6701073897527,18.234171586011584,228.5230700220281,0.346105336350648,317.08276886574106,52.14839017475684,0.229
-89.8754948073999,45.40888306647546,-1008.4264089756521,31.39463549570124,84.76893702450394,0.8292917083185274,0.0,75.39273931473704,0.767
-88.87343112715315,335.7524582428204,-2296.6736358632043,19.899077468538934,196.7363476170181,0.21271515909518182,146.66364139573724,50.138712401821195,0.012
-88.28281360269064,217.78200473317352,75.93616646881173,8.995571911724484,214.15074934074698,0.267194961121048,325.00226601477783,33.29679142028485,0.092
-88.08049987208209,237.41642092485034,-1209.8212268017407,11.328836124648888,160.2545280488002,0.2815550268300752,231.25972554309217,33.49196529743591,0.28
-88.82508459383476,144.64572132001095,-972.8576899162227,3.673927802611516,249.7824717201991,0.27344588234238965,141.55775625376089,16.236165751948946,0.288
-88.9225234772942,327.23312108935113,-1661.6035517817622,20.816964269577422,149.14710375165032,0.30788219617063883,263.9433441942348,55.80953091943017,0.158
-89.73839286757045,229.65497624867956,-2261.502047493618,17.662707080586884,192.60103646249274,0.390044860725857,181.7501305510469,43.41528822408175,0.172
-88.85714167706907,276.9011530284915,-1683.2239083798167,6.855741817382569,149.48863496496708,0.21717595633861334,111.6173693547359,26.16271447862238,0.01
-89.17803974996575,132.68248884997698,-1024.6366498931293,1.5782519290155559,125.68994707841024,0.2669870700866768,119.6619963631878,9.182843751523183,0.205
-88.74644296632121,345.60427709488516,-661.2569497970452,1.2123373766369152,189.46201407811475,0.3097235888391997,205.92899598694044,7.151935921271499,0.072
-89.16141993903456,295.3660644569934,-1070.5667675178238,21.865140038042007,159.46881392125957,0.2777271466233415,306.6208870085024,49.40164286360667,0.047
-89.44343166544431,307.4214466852357,-922.6207870064397,13.203731289555607,191.6506974532743,0.21602530900275452,177.75694226098466,36.2771392873446,0.098
-89.7195659770661,61.98993627327154,-1469.6210997451012,14.149845363327515,188.214986733099,0.28722378638494794,291.531465810305,35.0599289721348,0.203
-89.30165495528111,97.54675483363903,-803.0011470036575,3.7705137413764263,185.91594208009863,0.2950334591320484,113.93599071212898,14.441652525504125,0.137
-89.71637481485328,102.82557588608775,-13.73370689127455,2.6350310330440614,127.26215708651412,0.27549054259790107,198.4331253211913,14.502854027670937,0.111
-89.56389579343444,97.52732036887362,-636.1684460488104,21.626135747116322,171.62530840904998,0.16153319822571127,131.86006337702796,52.8911693034353,0.221
-88.02406129869887,307.9469383575437,-552.3664893976478,12.420390369972308,223.68055151583087,0.2517944074457296,315.88708383734,27.085524931255467,0.246
-89.05620324187743,11.47852627509316,-964.7868805546951,21.072346600576203,154.120089376249,0.36530704292821026,341.9845517097852,39.53257704023518,0.262
-88.88944364364048,27.39599603307875,-2402.5240556796816,8.14066873484436,172.13641074088912,0.36058056340967315,181.40392786810077,28.281178432497327,0.139
-88.2401247953993,98.60935342676534,-2035.7332245049947,9.631821569631416,179.13642264483752,0.3252363774988034,347.21566519589663,29.959749026844896,0.218
-88.00841908906769,71.95427087379971,-836.0993594689253,19.13298176620632,230.78238376284426,0.3091586543311675,288.0768900578538,41.41478869362753,0.267
-88.79284254624511,83.46946099782541,-1208.7512415680687,19.323480796505244,201.78396769164266,0.14598374132813527,100.30847485678697,50.8283530715379,0.274
-88.35629974001607,287.259548131188,-848.1256908217376,19.97565622685954,124.02835487722396,0.2378393993513348,221.31794394614872,52.1235730349212,0.153
-89.27881205376032,202.72557380113687,141.1387342752589,9.047987468973037,231.12393801270298,0.13328539292424824,308.5251592643559,26.58491262344149,0.113
-89.31908648085015,2.0774380654684776,-619.171200616533,18.14547237650868,226.48923656749258,0.34518533489080594,233.46884530463504,56.08777631357494,0.271
-89.13486293011034,154.5561956535103,-192.89103540574274,23.090994654767186,215.51043728388456,0.18731296193192537,237.49019386116996,62.52804760575256,0.086
-88.62223620092007,146.8385736661292,-1124.2548884234159,10.952279883184657,175.24812256463727,0.3300597592747282,211.92490574327928,29.909203292509417,0.241
-88.60383579041532,41.02029700003567,-1845.772541987552,6.865116362259464,216.05635368801296,0.34437366745267084,198.7597173739537,21.828127397930448,0.274
-89.30104507416604,243.41104389652457,-1246.2929273714728,25.427476033167657,51.774810772368674,1.1311513352783082,0.0,53.56554872556384,0.904
-89.64690114414041,252.7549878166168,-1843.8014509753102,5.455542664486929,213.12729480580282,0.326149023546329,255.43326529316235,27.034714629708013,0.207
-88.69844711271554,259.52155885875516,46.63596541795846,18.29476497114477,233.21542309615506,0.2694187001522144,291.6815841131314,47.823630206944465,0.025
-89.65618086184135,262.24954040109316,-567.6871387716243,11.415776894801386,234.67582191828353,0.2794554744180089,297.54446077604814,36.94685867705455,0.069
-88.80086423436427,0.019017695626848408,-783.5900026973763,6.415656164845604,173.64100038624366,0.19617468304678576,256.15903496120404,12.16155496567156,0.203
-88.58249795669302,343.41148938481996,-211.2454382175173,23.285940674785802,230.3079751092841,0.1530988574171336,185.319312410584,60.45952466348675,0.238
-88.56883815685055,293.1151561396787,-2816.0451316185804,15.578536295473679,124.20403327107984,0.13919086144713405,105.65241712047434,38.608838894927565,0.028
-88.46840298974676,325.4334107721427,-729.4896389258723,7.84128066757609,124.25471844814935,0.15460705633503144,323.9448868142822,28.604082954845172,0.016
-88.24156709902523,5.631586310676289,-2248.516627443498,17.273300794806715,186.7573725614472,0.3801855662208543,207.2615545943513,47.152722938023864,0.1
-88.9500779152669,336.1891664828662,-1205.804558772529,17.27071198678115,201.25824658387765,0.14932997626020514,250.29386216601912,44.43819331641136,0.197
-88.51252653989381,291.5238703277177,-1449.3660739737716,5.624201421224643,131.41912863697638,0.317121233478565,148.6390187952555,17.7617228221228,0.158
-88.72357180280491,301.3988914651315,-670.6107103224417,13.47822090303245,176.105206272839,0.15538856299441742,135.48892948147306,38.95074985929563,0.012
-89.5453841143844,33.583458499908666,-1017.4501688312357,13.31430045778005,123.21077349422923,0.3925869310647322,121.70442820197951,32.449044334409706,0.054
-89.85118967474813,265.96009041069516,-123.90626111056918,19.06975464470599,194.29392797746345,0.20997536064270927,299.6913013045971,53.39237879117522,0.228
-89.35937136721383,345.57000827115274,-1681.5177287460908,14.49725487053597,229.7131651453987,0.223640928708721,261.61517831811886,35.38626285809449,0.096
-89.05823595795853,244.27704291053783,-632.7084882933729,11.543571466662046,213.26945664273333,0.22135347363464616,255.289814737296,33.20086043213172,0.044
-88.72749870558556,205.40210566485834,-1070.2214264809345,12.20841482137772,162.96081734009798,0.3449377552180626,329.8494369218284,30.687865515259706,0.025
-88.2850772720439,340.4266839896389,-2508.232216057242,16.932541761930317,249.13113152919703,0.16548715742263287,139.67805980487975,44.65876518855982,0.257
-89.52713313825829,159.45736382439696,-1934.8931668184262,11.71098476502139,202.81089670525915,0.34930742077168886,142.5673379529015,28.26316642168296,0.147
-89.6614553991929,215.74568387177234,-1319.9024268177345,6.740555027312201,224.13478082194706,0.2971176563326244,147.36728738358505,19.435390029589104,0.156
-88.06938809979877,171.4817856579718,-310.16604008661784,33.96332234522522,86.51387750086255,0.75321174802062,0.0,89.39929223360164,0.803
-89.69471533718483,335.8246396897077,-829.0215539543084,24.008008194284514,248.5182807521977,0.11962226375227322,318.55543375298384,62.23710278548195,0.152
-88.99086696679635,27.390501635582613,-2134.0006591045712,0.8494466195482815,224.9903674104882,0.3324977624316876,320.36853151506034,13.546140376453337,0.197
-88.78742891529272,180.40309229712534,-1312.2529824377277,8.548627695234096,182.71925050536169,0.16568891374485606,247.6469341342268,29.66784021736902,0.046
-88.87138860027586,247.3028788987578,414.245159034424,9.639658098439591,161.3631387972626,0.36672004891684906,264.5357244658637,30.80751947327451,0.272
-89.73653890163742,285.0863538320053,-1111.0213321273136,22.788495665089634,205.50167608083794,0.13893558320942173,324.4405859037032,55.132531169833435,0.237
-89.79164886339314,209.8867130798891,-1461.8604600579165,9.592689353197677,192.63105323298123,0.2849093694422507,256.0547388659243,32.96897962423631,0.243
-89.69958148782403,327.21038788372346,-806.6082873950236,7.009917355702108,198.10908274385633,0.3076505181164534,157.44991945883044,19.884911230869765,0.166
-88.78738340064204,339.1169208781938,-589.285536334424,5.606364433375038,158.02164727972598,0.29731072436716577,276.2285170828849,29.190405446889738,0.107
-88.86574471349479,23.154920349690066,-1564.9346779840473,9.149044841716616,170.02197887987762,0.19480894434887636,292.4726935284747,28.89976468820012,0.196
-89.45589249513019,144.85339423489478,-797.9401805028504,7.274991069150956,188.13352048469096,0.3626570569661405,258.8361558037068,28.558508482898176,0.075
-88.68822913049338,8.445247819615599,-1463.1115973366473,12.796940673827123,227.49967626905803,0.33094159502462417,168.39236586058098,43.460794225959766,0.05
-88.34187174609427,118.58999665479945,-624.5379185364493,5.951256009908166,216.80724848680643,0.25306190248638427,199.979462398385,24.358549371072286,0.166
-89.82099997629147,193.27255846941677,-1064.245473622973,4.4897660860947575,126.61182187039066,0.28098790838153465,217.64810191168516,14.927090846014067,0.149
-88.95355310725873,327.8861749835816,-814.4257383576862,18.19656691763148,144.37759500271486,0.2699113680842121,136.324604538595,52.49085479214372,0.054
-88.59031021700488,304.75955608754504,-1807.3468369340035,16.546727409425806,113.73208149062384,0.3840095732036276,213.05581361499628,51.574407873197174,0.164
-89.42060733856759,45.89990160191486,-1857.0291072582872,17.51398342778242,111.1144795151828,0.3689239710337868,140.29935583230025,35.295356040854934,0.168
-89.31523527994302,33.49093490672245,-443.6021562724842,10.230999095091573,141.41256569923385,0.17064918554682101,224.86293601821393,29.95262832463871,0.263
-88.73408798432017,212.13624195240013,-1263.517105108395,6.282614177748107,221.90493272130615,0.17882793331451355,112.70268963819655,24.02241967596197,0.23
-88.1939229424569,191.56247008516175,-971.9722063205108,10.811475179792293,236.66467214441417,0.3944314216397298,337.1328729903007,30.302675718519183,0.073
-88.36114360142449,95.89595091480858,-1445.1163416692157,17.01162070068452,164.84757122580373,0.17096821058586065,161.58621606746425,37.79353038788913,0.247
-88.7920525837108,323.8031104393807,-481.0185807890848,9.767797009718485,188.847803524935,0.38604379734477856,216.75357746440224,25.120326240491764,0.291
-88.51257873626123,333.8519074061592,-1686.247984023726,15.94111930370858,208.84736427375333,0.2949261115290236,108.18804413308949,32.63661780328101,0.218
-89.20683730660518,144.94011780245856,-1308.4809919207062,15.091381873347979,243.41113789524172,0.11503283171232027,148.18038054992454,44.958307150691155,0.238
-88.68216549661236,320.5089205608673,-571.2057498374946,12.621509060857269,237.81051322164043,0.2007181598382501,273.31124795839435,42.11080261547524,0.087
-89.01425497685764,138.22160193467013,-261.6258406685872,10.506865781283249,118.00692247339319,0.2428462215738675,127.95015078472349,37.81187292632375,0.298
-89.53912134073065,265.25405945869204,-1619.0074328213468,13.661193859324136,144.74321804929932,0.3499278674351356,257.0372902410278,37.17453754127446,0.061
-88.56669727963322,171.3391983171807,367.74718556470634,7.601467368995941,116.8802361537248,0.1985756239826055,100.51722285858499,26.562519274589526,0.228
-88.84271718903724,44.12993634258588,-949.406645045107,29.89438711077373,73.39920129481138,0.7860571047405678,0.0,75.1383902173686,0.775
-89.21861899428818,334.05631244532776,-2034.34260944699,12.129012955683057,209.46906430616946,0.3760789777085992,280.33591018082194,33.0935959174749,0.113
-88.16845553885061,163.47477361591316,-904.7583611280256,8.92710161325282,153.1596777299116,0.12371030362035206,331.57321572843284,23.107794914275246,0.093
-89.86022517612922,264.4153345160653,-1506.3993715867662,12.169061955901126,229.53926713865002,0.2654563644144986,223.20904402310344,31.484539660733695,0.138
-89.30003101262596,132.18257319526518,-852.7452102534585,15.547728686280085,173.39378505760968,0.25127178095443103,310.13311743465664,41.973196722519155,0.239
-89.79192534422248,6.797116287444478,-1234.2849981282704,18.58820244689464,249.77341211358177,0.11720042806675313,300.6478386804142,43.6082126158355,0.283
-88.44359809917891,36.190929129060926,-1140.581047847884,9.711198368420582,110.05595696250549,0.1263277661557932,173.94269426687748,31.78888125136484,0.131
-88.56599583718379,178.63901261637278,-1929.2747012689167,16.249196023936836,125.32855917859793,0.2145902298934014,318.6834059779197,35.72287447302219,0.199
-89.270430784401,248.38716856549047,-407.951015426912,28.766508027613597,80.28319767611353,1.0488231737247171,0.0,66.31974999843959,0.899
-88.61624048580656,120.50471756854047,-2124.9018937208257,22.062507994327152,113.57106371351985,0.2434215713343568,126.04616202158994,56.15276434513566,0.039
-89.1477192702277,250.37584530395412,-2087.011916323996,35.40300215856979,58.36913200463009,0.9624920823992171,0.0,81.46856280433289,0.845
-88.46311779629738,251.50881219550416,-906.1117206820106,5.432296416482837,117.38805030198021,0.30741900535089306,144.16918538346434,17.188985269156145,0.071
-89.03705104080026,253.4169266380191,82.27539774237562,28.761895075020153,93.42722842418277,0.7472779548116646,0.0,71.19902882414814,0.838
-89.11666851711983,177.30786744738302,-1482.0744776515257,4.093263600774053,117.35958423053691,0.21389800476799375,216.59134638627495,19.49897345277994,0.296
-88.12401316057223,329.3590140437414,-639.2221418368274,15.535661467404633,145.3818170514264,0.13892758798139068,256.3091557852259,30.626340160426828,0.039
-89.42332971020767,176.1107464730216,-341.3278585091638,19.324765292380995,227.77875419219413,0.17424562444212327,266.2391914196194,50.92611904130005,0.269
-89.67115005400653,162.09546965878974,-548.2524501647447,6.892228080955276,243.1533411932814,0.22582650310475608,158.22695740968422,21.673468525313062,0.196
-88.78936808480704,71.77709484382572,-1448.9666313389453,12.879642774742758,168.0336879724717,0.3772343450206902,188.11062212940868,33.13446128428665,0.247
-88.05828855666006,110.75583144828114,-2072.8373737552597,21.104611024518412,245.7914550037572,0.16078017435831854,136.1475511576881,48.05959395271604,0.042
-89.18210549391834,15.240417306589205,-2966.038052537084,4.897291016880921,197.76332932619596,0.22400326927979664,131.5039335123888,14.77944494686183,0.252
-89.78213014910531,228.0727057018213,-1410.2723995699146,28.69383459547647,76.83081172669854,0.8135292137687756,0.0,68.4205853272511,0.947
-89.25531999211182,89.47286781375344,-257.5301051502603,1.8459662472734895,222.39218815550836,0.31156100560056843,287.6803350817711,16.42206323037164,0.158
-88.93872985679285,109.49589161476743,-2099.3327878095474,31.396914427283843,66.88965612597003,1.0056204439897416,0.0,73.55969058426601,0.977
-89.5923462873988,277.49322779915565,-639.8321219849877,22.013261347995922,147.21147659043058,0.15727038900390233,123.97732096073182,58.77379012944071,0.226
-88.64960578569267,117.7996259381234,-1960.1220240414978,11.102744236722215,201.9166747675504,0.10495588347998856,212.48043584248825,35.11251146629377,0.096
-88.00427616088062,87.19052112473119,-1115.1419388905294,7.973317887632685,164.6682306755333,0.19669697829616084,173.61392343620048,15.911825450020501,0.284
-89.04169499563525,60.86078968813407,-633.7667086759859,6.929717372089764,129.02852377229715,0.14490778374481483,294.47980510687785,19.27683515914755,0.099
-89.2260157422126,278.94902478550415,-1727.596349470742,10.64204359742985,119.37499294058723,0.2645407157150519,124.1598336108543,37.22618330220449,0.264
-89.13866208301452,46.69425287640968,-1063.6122554424687,11.515041384511738,220.29796067478682,0.36963371657507016,212.8421384362643,26.683164920498708,0.014
-89.68122226104913,163.35135369012727,-1532.073069380263,24.552262466345816,204.62750245232826,0.3064680498917629,247.84676090747675,45.42938489316779,0.276
-88.22178015729017,182.49484178779,-635.8810728494586,31.68654100384584,76.90269187386639,1.1271548444725634,0.0,82.53033216300904,0.926
-89.11183125450944,247.46036856685726,-1011.7462652122903,13.993799206540077,235.4718689239479,0.13482700731864625,122.40203279801817,39.470661065743045,0.046
-89.16417861829281,227.98205363987836,-1154.7938604565861,3.543715120105958,167.51994534196393,0.3734349439826282,128.4901180417415,13.672146238255731,0.224
-88.6465884814321,291.85944226026294,46.67996811358216,6.54273959363806,209.4413660051537,0.24628286496772014,347.01229005412523,18.84348365457286,0.118
-89.06013650023087,16.110516213445734,-670.1550861053584,10.169092153887155,237.276138529021,0.37710189759678925,201.4062886157257,33.48521509965454,0.149
-88.6683564092651,106.71866092058299,-1752.2814929010312,1.6987789470322454,227.70016421918208,0.32086531466290497,285.92857679953624,15.787547296575466,0.03
-89.7832520487515,100.84828275913671,-1268.6911206382094,0.210585978926213,181.55466868754104,0.3980045381906203,295.8688456227368,12.057183657593,0.072
-88.35392564692776,52.56608601315896,-1260.7190280637285,32.97127212373027,73.12100678330307,0.6315054996474364,0.0,74.99879659092764,0.893
-88.11304248952914,104.10417138831953,-1135.7443418998305,15.02613525946254,167.91320874183168,0.22426365767854156,153.57505173530012,33.6493551571955,0.131
-88.66734576629717,111.51551309144523,819.6074212859958,3.6686686631965326,200.60760412117594,0.3274683482654772,169.02280001318076,17.157513288697,0.018
-88.08632473516826,187.87840629389217,-903.3184858312025,20.166035703577126,146.05734136835542,0.24136845019598352,291.098356259537,55.6577965569133,0.159
-89.61227860269707,238.93361241345218,-2828.7220560838205,0.21653875193154448,170.86389592773747,0.1699216879297344,310.1198627563245,7.7233225428614745,0.298
-88.99290923998733,137.19618490025306,-1634.2391773735721,1.039879521289464,139.33640326425746,0.17230877762690788,274.8762342928243,15.085102956561698,0.107
-88.75656720550366,259.00928327281724,-2745.897669996647,3.9695759893575495,115.34589337513673,0.2191966433385441,210.3068924272212,15.91599568338469,0.051
-88.79470036989974,121.0195218886488,-1463.838605636672,28.545132808650333,62.93271331806258,0.8980220894147131,0.0,71.09648631986491,0.897
-89.13722261973082,104.50212383331373,-2789.848183781143,9.471199342216261,231.02010834911167,0.15332988546659318,206.3122606235318,24.042667200451103,0.277
-89.25763962220411,194.82770010852877,-1897.2723768547426,12.417069869024868,113.58095844724681,0.25018260511602974,328.63165490731143,34.902577845352475,0.259
-89.65903435715421,8.537889710084618,-2416.577223707296,24.10065933175593,137.44416370210143,0.3861767432085419,315.7988854392484,60.48368747853732,0.201
-89.15568934393167,28.724084508240132,-892.671857626018,8.936186358376425,174.4259082978588,0.27330590260516757,180.8440518548392,24.49512013044785,0.063
-89.59094445129958,150.46903569114974,-1199.568509896897,6.494080058784057,203.22555435791548,0.22254902475640675,181.98520401759407,24.801227041175203,0.237
-88.50470521466478,339.44857610103236,-957.6301540010152,8.833165120365901,133.97208711378408,0.17281009596079056,294.9935124447328,27.518571587002846,0.249
-89.50322122256028,259.74424074363253,-1283.6411108548211,17.21003896604903,117.9372760558874,0.1587703914119322,206.64351314613026,44.19929967202244,0.256
-89.78872591995939,31.72556502020079,-2315.438200163534,16.040491665329693,182.6668204817645,0.2975221088136687,243.1807021236652,38.692214398653604,0.127
-88.85050433814726,304.67448460111456,-789.1829045962118,29.984149791648193,73.75894274731445,0.7052285777663909,0.0,74.95501239142314,0.908
-88.76906350783314,263.6282774189452,337.77964821556225,3.4723213743006944,114.93288730378798,0.2196567779317491,160.58470495909063,12.218996152287971,0.055
-88.24336518356704,219.94074925295513,-872.6299371147626,12.467201202649722,158.91172305026362,0.2651977139119849,147.2134422139319,36.33322610848641,0.234
-88.8037349364064,295.30546581930383,-1540.7396794540527,5.004307214215781,202.89206399106695,0.3120180283747117,134.88542985843247,15.762574341796043,0.224
-89.24358637792545,145.47954518746457,-2342.453740884356,3.4219289418722294,128.30388085434538,0.11748867251667275,102.85569511110285,16.5130026442437,0.039
-88.37427742509999,79.74037830738699,-1926.4535766079723,20.855273723059547,143.03254876498596,0.20526911423085506,170.15411417595908,54.92486125516652,0.016
-88.8734701029439,184.32842007915335,-837.5682747423527,16.632695691475202,184.96897013007725,0.31892586692863273,142.85214757774196,41.82113484474227,0.286
-89.74936745920074,197.58303201365058,-341.5055785605,14.836784496988527,243.45243749099052,0.30538570795578157,164.48760667387677,24.292588371747918,0.015
-88.82488393540483,193.79749392356834,-991.3070602224193,16.267901932586447,150.22796655412586,0.11600431732482741,118.95100237495917,35.81232397164986,0.192
-88.17476476369885,203.4265649328379,-560.0901682352132,5.145271473115799,178.25383897089944,0.17134554951202152,185.38984074826675,9.50055336209404,0.142
-89.14700601155339,341.5337705661051,-633.8574047782057,1.9430491268180674,165.99032082901857,0.30398716433350037,229.98964742691072,14.225648797465073,0.235
-89.33698097639038,324.8084243146433,-794.772486891266,12.376473721693603,235.6355340842112,0.18142481270677138,336.1428537352798,34.72788584811992,0.035
-89.62740803166577,315.2581331612182,-1726.7788762090047,23.61211402411614,120.0645809643562,0.3443230881812163,186.76799090388823,55.47110759373222,0.208
-89.61225350832282,288.5100519271058,-1060.861190419878,28.08077135453547,72.93674649683643,0.7845369550083717,0.0,63.02926076800976,0.9
-89.07773417975055,339.63411861550276,-1878.7022431057107,19.954327068074328,228.45675788659216,0.15710410878803352,190.5910958338684,51.01431347935023,0.258
-88.7682083340931,35.45807100458517,-1186.0568376335186,12.29174426768096,248.33646078876285,0.18439389401516748,304.306071864175,27.346892931742754,0.16
-89.74683073017776,95.44437412046622,-935.3091751464705,14.69783929399936,207.82156965305302,0.3775869504430266,185.03681664793498,44.175959320389396,0.221
-88.11481968085218,178.22014043565056,143.02704590948383,12.115938593253714,163.19096659331342,0.33889568691119976,172.93266764743578,34.607477297039864,0.137
-88.46524612685413,304.7524175244259,-2247.7855794941056,1.7405666030057176,167.65540935475215,0.3652435259587954,329.7487852780448,8.757156659123043,0.295
-88.78541455526104,181.8596561481837,-814.7938952069558,12.24647378210543,159.23551076398695,0.23214374415318625,174.30731954865777,32.40085019197519,0.172
-88.32596652521592,269.29250616297196,-15.010726701124213,1.3482681758849324,194.50583397297348,0.346768627382926,342.5654209801139,12.039867990241268,0.229
-89.74764516205698,50.02556588960984,-592.9217873289629,10.759227738969605,213.51680790055514,0.3560480715540246,308.15893510770803,24.614519064308084,0.037
-88.99400613230706,90.86897267156166,-533.6436457399668,28.361051105963192,54.17297886586761,0.6273668890671117,0.0,70.07649217521069,0.977
-88.70282305896284,263.4393942135621,-729.8440785057503,20.228592227833516,168.32303535564407,0.3983385543232759,249.58156835322168,55.28453860018567,0.029
-88.32555947837525,59.304243199580654,-161.33240817966657,2.7688081576347034,210.3391903162655,0.3553715887647608,156.19514493643467,16.124685182837013,0.045
-88.41140783590639,126.48813647577363,-2069.9825344898945,11.275709303577168,238.2711628841687,0.3922290906234367,282.599609193785,37.25416017258296,0.157
-89.37356842554455,95.35185281288571,-2308.741332776197,3.656236882452621,238.91547122309873,0.35994913259354966,186.7845324803213,30.56251664528629,0.112
-88.11232767783751,125.95020992009225,-1205.0673123722047,11.3748623182279,208.56406038004997,0.33286109207668246,221.41054004208212,23.35775796250882,0.143
-89.66374290128135,254.9966576680693,-2928.929682857368,22.41107816524563,199.16630699375506,0.3831531620393638,126.01719551449023,55.08168786512953,0.154
-88.23724612461982,132.42498521140837,-215.483356657591,18.530079383099036,184.41365057350095,0.22594577337537705,174.03852748518148,40.34457043276738,0.056
-88.05521352575123,199.89479613885848,-223.42784360364692,36.84144080745336,64.4334156441277,0.9889210319295467,0.0,91.48646704820254,0.795
-89.56340830587702,35.97547573958747,-1546.680444067621,23.924774025075713,127.30815136475859,0.16386736177483288,217.01032839558778,59.08109365176044,0.26
-88.52807447801281,289.806369564466,-1496.6164773284077,14.040003810776915,177.99954095051322,0.3198381564163231,185.87828877539735,34.589531225741496,0.258
-89.8234575143218,133.15990523332493,-1257.8779801205371,18.77149974133293,132.3221818690443,0.3356059849157179,217.982488789299,46.24121231160626,0.152
-89.1296966322356,233.47229725200327,-1158.3834796483043,9.975568258166643,190.77998959370706,0.31495732296507695,286.23153352607574,36.6326353466933,0.227
-88.91906173152442,261.1402565982597,-1098.2608646445717,0.7249575291350379,200.39838224217056,0.35494391960714855,214.83139104616885,13.711338478894943,0.229
-88.7967740707717,75.47793196021215,-753.4143144973575,25.057765782875208,52.57415819161948,1.1394925119891028,0.0,63.01013194239278,0.881
-88.12171922832773,318.482994583206,-1338.1010824067826,22.08991476931648,115.09973975176591,0.26343043962264745,275.2865203026107,61.62022652101989,0.187
-88.62272369414103,221.84073057850304,-445.4453572177648,9.589457854060358,118.08191423232651,0.1032002232085813,310.40370079076155,33.95077344235006,0.243
-88.98557189268345,154.34105103053332,-843.2417782997574,14.739357369313382,125.86776585540797,0.1438159489018072,231.71594446433795,45.09875257464331,0.182
-88.36161743109481,65.64066608815904,-1685.5707566981084,24.409391873848065,131.51041269836747,0.2932581776883465,337.0439037706254,58.1871047235354,0.167
-88.09398764018663,339.2283376444344,-131.90986575672196,20.4635142620602,248.58356592770664,0.26869515989351356,188.36186087283227,39.65760589032412,0.164
-89.85807431750365,271.82455348738506,-2286.6055888979895,2.631012512496987,158.22930236083715,0.1591997540624212,163.1387453469933,15.77984233177935,0.157
-88.03320958271352,74.88884258396959,-1273.7326486571812,14.436200214898243,150.87627230978006,0.1730394382480845,273.27246704718664,35.55010932922564,0.236
-89.736348935779,121.57587890072082,-426.46607913962566,10.32368474511636,117.31732899299207,0.20322466057703745,143.93743415978224,34.59029408365922,0.196
-88.35266511938936,291.48273291170636,-1778.4584839297158,23.130006991386807,198.9448546959835,0.3149244138830528,324.99196312412823,47.40842158644362,0.072
-89.36736397015233,250.44395875752204,-952.3554825862789,22.310427387826614,201.30670991837928,0.28291498079899036,196.64354571557914,58.762031215433865,0.136
-89.64885865026766,275.68234537766074,-765.3283224007616,25.18607828178045,76.81651105487546,1.1838773274873846,0.0,61.31486082809724,0.84
-89.06427428454371,158.83239679665567,-1888.4190943849912,0.8210566127979249,238.69381572944582,0.3279817447037082,242.54588062248453,13.411102572632338,0.131
-88.67648249904954,257.9314545511801,-1257.982175675228,4.1588846594376125,222.06909652331782,0.17879786890660887,113.5977147222775,21.411575845396545,0.079
-89.1761914944554,139.13774023100893,-1325.2030641673682,23.140824361354387,142.24470435305113,0.3015279035213261,277.26967683657443,56.139327118830174,0.046
-89.79632572426287,76.05465009775071,-1641.3902814658343,6.083541846575543,178.01896232831524,0.13700885339846514,297.5011825509408,20.50213944388063,0.044
-88.76102383464844,227.76373254288958,641.3398816406198,3.2143298091430736,174.17471986783897,0.3993763830157505,345.61810769905156,22.103545694389897,0.096
-88.18543377538973,351.3650132155659,-1810.4850827563805,17.325964876140652,158.7928622079249,0.12410055120631425,204.0319166090132,47.61772758421565,0.127
-89.17189080470023,111.81634970231866,-396.0557647456934,6.527815597340272,224.46885979558584,0.3225202085202986,225.73289198853766,26.499833875535735,0.208
-89.48896772250143,165.94905319651426,-1514.2408135049136,29.897907703084005,48.73991150894039,1.0264478242672173,0.0,69.38319229592732,0.863
-89.05910304272766,242.64049358514728,-2069.3089511082253,14.961845539884635,168.143993575891,0.1257817573852415,167.29932825431248,40.47134388808213,0.27
-89.80811084900732,194.94226156409562,-1117.748605475945,13.602592866416655,169.9243582768904,0.10804313726522666,147.28565818163437,37.138984587546744,0.246
-88.34107358948748,303.63400645525775,-680.7252924899994,8.30756108384243,175.62158464598514,0.20879971525500363,133.22756827149283,17.894333099424234,0.246
-88.32995245919464,274.22737432902574,-463.59233994745694,27.908353339269716,66.30496356542848,0.8153002571006791,0.0,58.91108144335174,0.953
-88.78279911948371,20.986993390448532,49.812088524055525,15.58554459889821,140.54336182821018,0.11234537208441775,167.5898088856426,40.55517230789934,0.083
-89.22910451101707,359.43164421255864,1156.1970319480802,7.915004818437936,124.40924429171818,0.31131959899841627,289.34862495712554,16.4428873737471,0.147
-88.38041160755301,270.8648833390082,-999.5886369955223,4.059162933945531,196.49318479495514,0.2966128828792716,212.4167886197094,17.56763174949429,0.051
-88.84609465290211,311.00519386588076,-1730.4737390603104,11.26526945435782,134.3368264969266,0.17966130303183017,160.14384367614852,28.059240792549733,0.174
-88.33072861375497,234.4311763543247,-837.7005385640871,2.223531628451944,120.49049201964677,0.1232476107204671,328.3334499017433,14.067179619405934,0.017
-88.70022829409227,308.26264609683443,-1412.9703603251933,22.28877441678944,169.73089087994748,0.37459658816621866,215.9518754357781,55.42756682518488,0.065
-88.40962960089568,40.457870974335385,-459.2270961182162,6.08342054024234,140.75050032013974,0.1901049408210172,241.48884845477443,12.87574874316414,0.217
-88.76273031288626,125.18562080135361,-2237.7314370925774,10.604859716669292,160.5703266415177,0.13341496953602835,155.62337088100625,32.83510293533297,0.09
-89.11313197039024,315.51153969761737,694.66763392035,18.101335450879343,146.35955121434404,0.30445512350827486,181.03807816621998,43.954952999341344,0.132
-88.07990286614034,72.59587605608121,-515.1615241795897,15.421194201096572,122.9691047812782,0.1650043686374884,286.921888475926,29.228360139530814,0.251
-88.8718837327302,28.167155488808184,-2547.2032142369317,4.827170269843311,188.4486084093882,0.242689226668789,185.76119316599647,17.34993857779888,0.023
-88.75032991477298,283.72281838027885,-1767.2231218519778,18.602587067065492,113.782578525528,0.11512166327080992,226.48963750391982,49.10353407153427,0.017
-89.48107348511198,300.77501603158663,-547.135164708849,3.139606116140925,245.29254871921594,0.39789518467243157,128.58886929510052,14.250807844641756,0.076
-88.71126350008818,58.55479854836422,-258.9247550628363,11.7761534350319,157.7862730428953,0.23428633803264773,312.51661541336085,31.21904941795555,0.208
-88.81394546598241,307.56455380177755,-2217.7901017855706,18.518415719803556,207.3220514685725,0.39973299439286036,284.39540785181987,47.806159710265305,0.078
-89.54880704390065,247.23640641498105,-629.5793196536409,16.629127794931133,223.45080215664296,0.21570246308021992,290.1862134978418,40.86204145574522,0.26
-89.78678451502903,187.22976595797022,-2757.8718981295387,5.24960988580532,149.07467137553772,0.20435576678266584,144.54629951551283,19.16345909821357,0.112
-88.75171729254194,298.8900694012986,-1271.4686923768368,23.974945165643632,214.82341927540955,0.3743716984801221,223.78903819099963,51.317585550334144,0.092
-88.44898468823439,150.9297297548277,-310.3625263174349,12.86694571485534,226.53891975945933,0.19883975615334645,106.88531966436953,33.14246997432795,0.078
-88.90553739524819,69.837824240423,-1641.2125840823844,19.429954109391517,143.78441273362589,0.22960166419488123,178.77226944955152,58.28030480896492,0.176
-89.46913201189268,102.54696357982091,-2405.537839310411,27.291010066732476,92.65251012919492,0.8119517965079439,0.0,65.47409693532231,0.806
-88.63360824428324,181.85904658559332,-1083.0281628979526,23.17520548774607,112.89641559789251,0.38663871641064274,328.4225433841873,57.696032403190294,0.128
-89.74779911944177,191.27908536234327,-1683.7750933083826,23.20129406331044,140.38006723297576,0.12554537225527068,348.1956997328456,53.18922385023507,0.083
-89.06051596087629,290.0090975188441,-696.3533071473314,13.926799298494723,219.202905878779,0.3313554800605973,254.43647538745978,35.88016285047971,0.132
-89.58960315904301,284.8869805148404,-1908.2611457744483,19.939351209105098,137.1783435078054,0.2615846181433531,229.1921877633311,48.736277690205974,0.272
-89.54952780298623,209.29196059364696,-1818.1095117224802,14.13596574564316,207.75638086286892,0.11842154321426043,210.02223356790148,42.64292086761799,0.107
-89.51564149659941,281.0827740115715,-2816.801856700995,0.09324467778413492,229.77425669760652,0.10051114841231686,104.57405934622945,16.18072971246262,0.2
-89.16525659161644,69.03844498572155,-1064.0442311588138,15.027437925050425,244.28999816879642,0.3806660915581389,300.0291365607153,37.7831239499961,0.106
-89.80281460932125,18.023229753585962,-1328.723950621279,14.563609837384655,176.39465215603775,0.32265202127066317,267.9564610284084,39.010126519145274,0.206
-89.14419246223471,314.50817614849205,-2150.707736592057,17.837293615218194,245.95527721749644,0.30593087306182454,262.3214375483517,44.49942090381889,0.265
-88.92775585048207,27.199617754597046,-1044.9610289863265,10.720030247866049,167.627121535435,0.2315669591797666,302.2608472579584,35.25187915012662,0.184
-88.98174085856398,88.80783470783902,-378.3437594846887,4.385444432361493,140.53792555441402,0.17158413601329325,332.01355039894304,21.11382244833449,0.285
-89.17271020923422,250.31482186477845,-1372.4543547351598,18.56506083175227,181.94905943186154,0.3039589224191722,197.38250472583155,46.68035417186998,0.184
-88.30562144466558,147.4012575458313,-985.466440142421,1.1327228725224803,200.97525420360898,0.2824903205851298,206.60072420386956,17.313676291257565,0.293
-89.62387928440104,315.4730291695832,-981.3510003318686,26.588191358564693,61.71552634105946,0.7391602831580009,0.0,65.76695063040681,0.914
-88.93917618681539,107.27272607841704,-2163.4638617431683,9.685819387950076,189.3761421553508,0.20973775555007865,266.10621275912877,25.516014991692376,0.199
-89.78212130778255,4.273684800969346,445.2686565660765,14.455281720561683,168.2972862818064,0.3960771281539571,312.83776767640285,38.95162432576542,0.251
-89.76480421013197,108.23603060186788,-1576.679864097827,17.58558153281572,183.46667356297496,0.12010259662855986,155.39238465094394,44.28856295760296,0.013
-88.80965488561353,208.1070177065394,-675.1070385117833,17.90688044844191,243.36339407251862,0.12391048511086422,179.26879774898867,40.874389922783024,0.085
-88.82456499271315,135.3378151451856,-584.6277782167604,2.089842999517348,179.97636135508648,0.37506275427418456,197.90130679881565,13.053137594815649,0.073
-88.23173632559553,192.55419207315188,-1311.6761016926014,20.24086580544264,145.44514859329644,0.29431193047571313,179.23327819193355,56.17716928152965,0.042
-88.84004001624587,315.5753227806067,-714.5639799522922,15.031538283762734,216.2245270117599,0.19790022045463135,321.0617535226331,45.53763816161764,0.282
-88.07639706123078,328.4946195229327,-1003.3446225468887,5.647386154413911,157.2618240894169,0.32858582731018793,227.87754896479956,25.861020738734986,0.048
-89.80747978804014,95.75066327548036,-2334.111805781925,4.503330490540861,224.2690039149947,0.235832016355912,338.41177655070135,22.90238001094614,0.086
-89.7137853989166,166.37057037716426,-1465.8181610000706,8.659469179431545,117.95787845774392,0.10633645264231964,180.3306110537818,28.35885475873137,0.107
-89.81627486301628,197.69184548692243,-1690.0407218832495,0.987416866104919,156.5049167952168,0.29533110082598724,109.31115756585807,8.968020337720558,0.191
-89.54797398436628,341.68048447976895,-1569.3960330769016,29.222673909870256,51.189917779107525,0.9007274693824237,0.0,71.26413461577741,0.819
-88.87158678921081,359.50223489917846,-2243.2025422693105,26.861513251433443,89.70580721201301,1.0590730820795315,0.0,55.49139174414849,0.935
-88.67341285528789,84.74660958294959,-298.853026603176,16.517002009759395,202.17453828414122,0.1675819547498213,259.992425195921,39.674594098958764,0.227
-89.81338819989753,261.7127536844936,81.59412369073038,9.766015836579092,163.94687218950503,0.24284736433877457,145.27197417360588,35.05581358170855,0.127
-88.10265530929337,136.09118240395026,-417.597619201273,10.028920120626047,232.00705187791576,0.11495692938497208,195.37463098878487,27.597359124955318,0.299
-88.29988578436428,2.9189508790367613,-183.5766206822857,19.58065706173968,182.2967193022941,0.3649457160338644,298.84670603387866,52.36119459321183,0.059
-89.33643628390152,3.330908076924848,-1475.707869606525,29.578268995019506,44.46376759914878,1.1169210175152786,0.0,67.34124314001718,0.808
-89.75334369256971,165.80376272241207,-1709.0054679888292,6.296032604032568,210.92444431470727,0.18789885403462475,120.12003457531117,25.34290313524817,0.251
-89.57721456088379,175.80056868156046,-1822.8696374493693,0.8241395737667574,197.36235082199795,0.30610145442660497,234.992557427849,3.947817819357219,0.082
-89.65880561386555,8.125090766439357,-684.7480616342219,27.476407735952712,71.81378409111096,0.9445116763635071,0.0,71.31180984054404,0.766
-89.66576081933201,247.29387003874888,-1018.3495574846803,5.871385875844513,200.1023586878639,0.28417738839504414,327.73829707351854,16.16299537565454,0.116
-88.9147327915351,105.84121989418313,-1261.7773692787405,1.9146919174735366,133.38187839384884,0.1607484045731571,265.4941682408049,7.020203832082937,0.062
-89.43288985926254,201.56151655294178,-163.8811646437257,9.531421074891473,203.84340527338924,0.13308652604393312,336.544719444567,35.153147523589325,0.127
-89.21953453859463,108.33086633955075,-876.0469169477255,3.6043346780503107,164.81688766621346,0.357969909110016,161.13151073716824,17.194573863414004,0.238
-88.01993986656979,60.16835335295059,-1870.9261100164676,23.12149062806598,174.84002423605955,0.17040622406552217,185.45531708379318,54.71174381223196,0.042
-88.59980292704185,146.5825458955951,-1744.727063308556,20.569052705051,239.01904060322826,0.10602472920324932,309.8274196105816,58.976335564345035,0.16
-88.0969367326107,83.61841132458028,-654.4053605966835,6.252067727846828,160.39496648168458,0.29287063244627565,302.7634551098209,26.15954366385361,0.225
-89.62914254543709,192.5283516909005,-366.6137178763224,24.796141191777476,195.6742800187174,0.14586559895929388,266.22258979254764,57.34477783479848,0.228
-89.17393499781812,71.57827090313279,-758.6558141952244,26.49292428403826,56.449459689001216,0.6278431733765998,0.0,62.31392041374979,0.843
-88.84600957376352,183.02615159206573,317.5109982976651,10.868293517099364,123.26184795009084,0.36091924952182364,104.42784821678727,37.106143765442624,0.145
-89.7541596824114,56.65626535279232,108.00573258513509,7.493318224319925,173.4935478867621,0.28253371780036535,170.11098935094975,20.168757410318072,0.258
-89.89204385710688,241.55089541488258,-847.1713321193897,34.596020277424785,51.07229480123995,0.8133599774040187,0.0,86.40932200751148,0.774
-88.62617476578586,271.41756639891264,-1870.8645275852018,19.21161822084155,167.05046088526382,0.2411607102306089,112.79370418719935,46.20644032987139,0.298
-88.68054291807728,39.74192432997616,-2247.990009385414,14.563246529688534,164.69326585494582,0.3365458733387306,294.019929811069,34.76904545437981,0.132
-89.11950126100074,168.40886833344211,-1509.905396011772,25.635459466396124,82.57917867878001,0.816504011669878,0.0,66.70548534609418,0.783
-88.96967625553914,25.51381223575449,-597.4292428670744,15.019306350030213,114.15592412052582,0.10859339439089678,189.35322319554953,43.711641013604066,0.011
-89.11065829887504,215.34568039512087,261.3176634495503,6.943794140808116,151.3819555436168,0.3846273002658528,344.364219366107,15.00462076572667,0.046
-89.85439041479472,95.18554725467233,-866.0423724713601,12.801597604875536,223.64601715280963,0.35827587345900613,202.28835634349645,35.06906994573363,0.229
-89.26279394818683,189.94480446193484,-265.02176461501074,22.38654287319735,238.87422080556294,0.3860222171779666,135.37659730514815,49.2470931149817,0.198
-89.56354371474515,186.28596337834483,-1396.2459889502418,7.921855663492135,167.72194201771595,0.31940978036824474,272.4405941127534,29.835403514393295,0.081
-89.7129940407074,332.7675646297682,-701.7846998179599,9.11969260560779,234.43119404745067,0.22361827649848665,302.48542699726045,36.83745304494525,0.279
-88.08223117561023,197.66996012474024,-541.3145364182619,25.830573985816052,67.67590802267407,0.7988235576875753,0.0,64.34974290254623,0.829
-88.76121652241989,209.87945269859364,-2783.6754206820224,6.881315989064824,140.99978950042416,0.1539989042697607,302.3377520834546,19.964293643765156,0.088
-88.51555305995046,144.5951252751769,-1530.7510419012083,27.4610856043141,73.69607423756051,1.126612709687315,0.0,69.37187549515427,0.78
-89.30080888779437,341.66865714581405,-440.2396925777042,26.147438193598127,90.59345623908325,1.0246628093452463,0.0,62.043101633204216,0.864
-89.15302045396137,279.7869273982595,-980.425331490748,11.344708845110487,141.19280751477345,0.2651908040042186,131.20090488586635,32.32049344023574,0.196
-89.44984441159623,102.74590450902296,-2157.2120385207463,6.314606951109993,118.30538659560555,0.30512351898635237,206.9557371921578,20.202740354069263,0.213
-89.7157652251657,303.91545087944354,-3144.097900581885,9.126411258503655,122.64537918774029,0.1942169683048805,230.12348629138904,28.776246142218127,0.125
-89.55983988886099,155.6626896666324,-1492.624596241605,38.64614492001434,43.892551857716796,1.1747974926337366,0.0,86.93741501553632,0.866
-88.38472331393668,298.3201716720938,-1257.2685543151033,30.74424446933244,41.24385019903025,1.1454817722767565,0.0,59.467501930566,0.825
-88.61266297015082,296.2397045856607,-1907.1383598626762,13.253909718067383,181.3988558914796,0.30895299210219884,313.3357000032893,36.63714736689076,0.187
-88.8608351356276,67.99326723462758,-1085.5320503776045,5.918464483795906,173.78243791398774,0.39654586609607534,146.07276697789672,21.14884332600079,0.198
-88.99732924155315,252.4108072980877,-794.8906022136842,13.170410355812631,191.77959036324012,0.30670509051486505,265.31163723539896,38.074915404521555,0.118
-88.14737486105336,104.6314689503512,-663.4502634190137,14.438269266167648,234.6312358847061,0.11770917305129601,131.93752557992127,28.842877693719444,0.013
-89.76180359922054,107.09736119736056,-3084.7351399458576,0.4335873760935396,122.66025313919206,0.2431704873501968,219.51998028948216,13.427188467774933,0.287
-89.36685845484796,106.68530767700906,-2251.428078246496,12.800412692152602,207.2613778691214,0.3311162477903593,231.13938260138912,35.7438615419063,0.234
-89.23511807821565,261.20456912158136,-1443.6981186837884,25.2240432481173,68.37041891708472,0.6759697797359436,0.0,62.92376385184552,0.825
-88.41339095679571,82.73737504531299,-742.2614951700292,5.993566812164733,139.869005846176,0.3853189089168695,117.58917400323467,13.84149807513166,0.019
-88.01422222169225,0.3261006885924811,-808.6127891599715,20.26583965137248,227.28812423465683,0.11643150376126338,309.8179527422891,44.35808151108892,0.23
-89.44272602196142,257.4852672537479,-822.5040416986594,25.747979700547795,67.47444687592221,0.8714799172612888,0.0,52.12102545662383,0.922
-88.23881606513955,61.6265077806451,-1506.7343535751454,6.394426549056318,112.02559505024026,0.16621543229193658,186.53628743593333,23.520440245467203,0.175
-88.3218167551796,37.61366231082047,-1462.1067498479686,28.941757581910565,47.59080330116164,1.1262447489963714,0.0,66.15816584247325,0.838
-89.47315094448065,85.50580341386164,-1782.6634147373925,5.096629375516546,194.81826652542333,0.257137920545202,155.17865662509857,19.47327911936803,0.276
-89.14126809762148,136.76418803617344,-585.4446975153218,16.410826618604037,180.33604752876963,0.14150326340590175,148.21564582970373,35.859396396339676,0.012
-89.12162154834422,171.32627789035226,-1936.3910301916626,8.932273153363695,183.91107535376125,0.18567797903842842,205.38525736774625,21.815386257037694,0.056
-88.04138072979954,16.045214656547095,-519.9708838483441,8.930036428373965,142.47025944495516,0.25679779689891247,114.74917336134426,15.37961352002651,0.269
-89.55630538738009,349.40639974584974,-1033.717409489883,5.827009302419545,204.50048589920772,0.39883869437609487,329.24256260139776,14.926280025668374,0.012
-88.38159985490091,257.7826992310409,-1236.0355827641229,18.9857548086202,147.29857193114876,0.20928770722461157,335.02722286225713,44.721328718735556,0.272
-89.2650338430711,116.34986351676102,-1725.3683198211734,20.488054577314493,164.52089530698353,0.14704782920190862,212.05004111800355,47.98436989283968,0.019
-88.5113463430253,114.73101262274304,-2284.4334889313013,11.355778004228114,161.64822822321068,0.24911995773749743,152.3098505036986,32.373431761487716,0.236
-89.10197909183825,161.47531777264538,-1718.1222051024365,1.5996821367227412,204.08350309678582,0.19305591316991974,217.64364866110054,17.00751418950899,0.268
-88.80111645007858,225.44813619469187,-1464.005494899909,16.0317016663439,122.63538663565043,0.26979004714856447,124.98329748220205,38.61850264865601,0.188
-88.31803763068035,52.69430397202839,-3095.2194492650015,16.22014359410694,138.77586614562594,0.24001309083556782,199.4493291210179,44.884232609815555,0.196
-88.37208542653062,68.01473295538284,-1357.8841242677313,9.832849886135726,138.0695898959095,0.30684697651375686,118.41638717154756,33.557004837254226,0.025
-88.25379595127457,309.3964498200783,-460.51410557919553,30.672312871808085,91.68806205357521,0.7000341558354276,0.0,77.09481602333625,0.865
-89.78672708184516,92.25177260006612,-746.225675652902,3.6392926490065403,139.06329703710426,0.16015430523062532,168.92838752768205,19.727516411999083,0.271
-88.58510394922449,136.8701992710639,-1596.9647005932059,10.17283710253568,194.9884375092696,0.3463540211105195,230.1648708100704,30.712112615563015,0.249
-89.63402398422866,313.65786634204215,-1162.4509612678178,4.691651003023291,212.50354392238634,0.3847797146645606,103.38483757516109,13.98311593662562,0.027
-89.10994472076503,238.73321858393612,-1644.9316555375997,19.104245340914495,202.44248257567716,0.21208290445538866,231.1591156004995,49.571039513747856,0.246
-88.8576820113961,123.0162765630078,-1080.991413331443,1.4415536256615908,176.52633931732353,0.13409881017900965,100.81698444051928,11.001666118349029,0.133
-89.13479497898102,246.13183646086347,32.08625899522531,2.190290814739246,117.3408399534489,0.34657335123486754,331.2980438015085,21.26302037455766,0.173
-88.91273781597428,7.085957537308936,-425.2009579000992,21.510213361781545,244.2609814961485,0.3103287428314717,225.28947339987496,53.47677094019956,0.041
-88.00660001328262,264.83135760409147,-783.3645554457978,16.625479227977497,133.53070451724886,0.16381366145021553,125.01662395448196,42.451113852779386,0.126
-89.64308710394558,175.3257745858462,-1594.3079299069746,15.770609096283998,203.57899185679392,0.23356707795476506,185.2636965463014,48.62085991340151,0.136
-88.61663351386079,292.74557302240606,-600.0492856441292,19.81428919465528,237.80468616749556,0.27339766194696635,111.51678335774162,47.21670162836498,0.204
-89.14759816386733,343.6695547223286,-2549.5015610984424,7.748070467271157,207.6887934373384,0.15095622599542727,232.72385820239714,25.48015981028643,0.201
-89.64728138207607,333.28387781804463,-1401.8827855927125,8.210159259418088,140.52694962645302,0.314473847988868,130.5858039631104,36.467279458936204,0.169
-89.59840014958881,327.33541564392266,-733.0308641408401,20.097792725614248,154.21148182696322,0.306964822418307,218.27688027820827,51.52676291203915,0.019
-88.09638109813332,184.38118413619938,-607.6630287617988,1.448867807811995,114.22882138155333,0.3661379837534886,176.3769709408637,18.5234284655318,0.057
-88.22875715624765,129.6511610900177,-664.0924078274072,9.427198463985462,195.7861537178959,0.27018188932845855,290.39585062253354,36.37334749768229,0.056
-88.17662027521146,167.4127169030422,-964.1354486322443,7.667158263721456,195.81901732341933,0.2722939092086911,220.56382068011675,22.575000182189285,0.267
-88.01608772592796,248.36256119280986,-1356.5799832671064,21.308732890656916,211.5700813926931,0.28581620679079045,312.04632271364153,57.16133973954539,0.271
-89.50420075898381,318.23919967362724,-769.6192241388089,14.555596989868032,111.53948049858698,0.182134978414572,335.3370947147723,37.44745001155847,0.244
-89.22466525900829,74.51506908004303,-1962.2888324690402,20.572915041230154,224.49778043542534,0.3275817553834009,342.38121706422794,61.34552520308998,0.061
-88.62848384314276,330.54953704621306,-1875.7418106346,8.162943104231651,213.41953403604313,0.29874977837878935,165.04908812391176,33.5439947461704,0.254
-88.98077517426478,293.4648835091601,-1150.6122588317626,15.154968083234918,129.72412533337243,0.35174368763827335,291.89217250084886,44.02639810375776,0.064
-89.10505988658117,352.38816546416444,-1061.441885833002,18.53864504642378,158.667725297657,0.33057580149178123,209.52770507365,52.30027854274853,0.171
-89.22015862626237,316.89063838140737,-2660.4921428517173,1.507974226106846,199.39348500659037,0.2915716691512188,206.54328908516658,9.537993447637518,0.223
-88.77181679930744,100.7774386890864,-835.8828952403851,20.62057590546545,179.4115624916459,0.1482676452728797,317.05760356064593,59.828890209400534,0.025
-88.80637248558385,38.14412808385717,-581.8172976644854,10.884811034942071,126.11319694617674,0.37574419696264905,136.41722580880784,27.247716121407233,0.183
-89.59323011527795,40.4067859169719,-1261.8281899730362,42.71336701606002,81.15289702882569,0.7910597384501632,0.0,97.46189840942182,0.826
-89.00369430871497,104.8403946881794,699.5730266271937,9.772360688967357,219.4038818751328,0.3892895705550288,248.22080992845517,25.974920725648527,0.154
-88.84840362520129,221.10614063443413,-1746.348085052149,25.691143676747508,60.031937461155394,0.7204095257406513,0.0,65.68422551063799,0.908
-88.81645481641036,289.5553173949821,-1488.8697307094956,8.058419034739263,134.0929743502621,0.14378148780495126,316.1285635486969,34.84220745388238,0.209
-89.50079633346654,323.7301105133633,-1516.0535249017676,4.171517144400436,226.32923754994607,0.3654519242499005,178.58477709843024,20.60074909835064,0.152
-88.48968435472065,224.5512183729238,-1260.950089032814,6.73044856435008,195.69954883885038,0.3385176220386116,264.2049118465099,25.036304681856894,0.097
-89.85212171983997,2.0272725892993426,-1462.9798503730328,14.774792413374659,194.66018514155616,0.3358888168339419,332.02000039887486,38.98149504895048,0.274
-89.225819474468,67.07403954667207,-2325.4484356838975,22.374666695650433,177.1084079908676,0.12682322521933545,279.93867982509914,55.25164389783432,0.288
-88.4175959677823,35.901433387212464,-1637.2386369891803,29.219642881321754,51.78891916141412,0.6262638167778081,0.0,66.76059455867181,0.921
-88.82860344999474,130.7968112048436,-1278.0965566192608,26.218930887043427,77.5318800391056,0.676156199652235,0.0,70.60460681992703,0.792
-89.40379137822937,180.48635770814852,-217.14233435040205,2.3461797929550556,245.49567287810123,0.24110672088188614,223.18366852018414,18.662225435591797,0.266
-88.57958907324821,15.622984288281906,561.7946186983306,23.30164692266117,141.2162630454611,0.3739514864239416,241.20803142125442,54.86625284645131,0.184
-88.82195720610346,125.45207128643591,-131.6208817194763,15.912849571208737,140.03873875806428,0.2998124057445821,272.25972015854046,42.12767430359095,0.053
-88.38713714203287,64.50468286511612,-1820.303223738085,5.45396979071012,118.0105882787442,0.13990924715589578,129.21456348976722,35.487391373287295,0.015
-88.50345214623934,232.9452598531946,-1756.6476885009324,9.88089406522519,202.14783183330513,0.25586115281701116,264.1973200135681,31.12255580919676,0.221
-88.74079494813115,167.1380529567624,-1327.4628620074807,4.901573405552761,186.86590531511666,0.29098497665426887,136.49838771735813,27.0679032113945,0.228
-88.97246241690945,178.31435289620717,227.64711108286883,12.370923419364559,125.57348853852957,0.36956520931949033,116.90320180316499,31.859054052141712,0.278
-89.64695396123172,153.969043692046,-1332.3392417455148,4.703421177058798,161.0354509165462,0.18396823050247008,217.3298019761782,21.774826633603546,0.249
-89.40346726601777,344.1670957751641,-2262.005992429945,1.7200592678256097,135.01284874636855,0.33827016569422463,250.09382150543257,10.317619507067992,0.195
-89.10371100145754,77.30464504376276,-1600.941709562428,16.79119127782772,156.40744365612062,0.3399438711504239,339.5294069345656,40.90582998117249,0.065
-88.76133135468787,185.99913354379476,-594.3551985444664,18.287305482596373,243.17698371524543,0.13841484544710422,274.65635684615825,50.54332122166546,0.182
-88.92395507509093,264.96625261152093,-648.0477784831305,10.12402999908388,205.66463744327405,0.10516995482676189,247.84769037133938,25.770094491732287,0.136
-89.3524494006769,200.46398872844253,-1360.1733331933249,25.676513039359723,42.16051213638755,1.0027790883121064,0.0,55.392838305375356,0.754
-89.88771772019956,334.4475188580484,-653.2682611519755,9.395694135048869,145.3511303297773,0.33684366588729575,138.01109170366632,32.2175247798122,0.242
-88.95714547838845,136.0686080308623,-3018.5377620374657,8.972254548744617,111.45061659088907,0.2663292472981892,251.8183061924279,25.50356859084829,0.053
-89.35731062173174,166.92329007834408,-1116.9366119738418,18.604889823456972,210.0815898276153,0.3440042455599627,155.7372598386333,45.8097769918145,0.193
-88.50424422864998,31.86803347730223,-511.4516629050959,10.675744150566633,175.71905228776697,0.28669094214025426,276.6512730517544,22.34591098196654,0.187
-89.85450209598609,219.23967997869426,-1866.2906201236283,12.847977290261435,249.1626168540145,0.2959877085016901,128.6192729653685,29.34946892631222,0.098
-88.788827158519,103.75630864131817,-1869.0708291970304,13.204384706190652,212.70165654317213,0.10844632772875767,184.9089558538004,37.51216118092921,0.134
-88.11119894873848,57.71125422560479,-2693.1585222107806,12.167073847379749,182.50781197910345,0.12657946087582783,293.2716908604556,33.16626157523423,0.044
-89.56862239248815,196.03126544562292,71.91647584855536,6.271959374712601,222.65875994913893,0.31750888531476246,307.75926997236127,27.08979653520459,0.017
-89.00386596757387,191.63169481676783,-1776.1231816172535,0.2095057099887061,208.67251117277067,0.32885298471288676,186.31019338712684,5.920403611360616,0.014
-89.72629821554744,27.313790840657116,-1007.1653777103106,1.3532253875550495,144.1286648690382,0.26265339341929783,151.6799825461918,11.876141716587805,0.061
-88.71120436670343,251.3575632580102,-716.8663668133004,1.5741684646617387,184.23615847585233,0.2770495382353104,339.5499652910607,13.380762654731038,0.261
-88.85398980686718,224.55798863430704,9.654359313162331,6.511461403677471,187.83982147676994,0.28430975195352326,290.2689985363123,22.002280828084274,0.162
-89.12600550399563,68.04622178873899,-1323.1182191885082,7.135073844545147,173.17243780509247,0.13149739565618485,301.76482195443816,27.257689206964283,0.044
-88.90938365919989,168.9965503754558,-1631.5438350227348,18.642752042571253,135.0869671997507,0.3003725812752791,155.6879124704856,41.8566232451212,0.273
-88.19650814890888,259.3162499322816,-1061.5458811435572,14.22387814134697,141.2716672321042,0.24354099302861515,206.10966200895734,41.00923702927375,0.175
-89.52704082560898,190.59686659485953,-172.73577876617037,7.010744288179858,149.34663613383464,0.2807568930061838,117.05218281016211,29.717020210077596,0.018
-89.85712742775985,142.37606742608529,-1336.138025120627,12.832946375468078,111.43572091294293,0.2689425486431568,127.34987205495712,31.549226027456477,0.231
-88.26283671907171,116.04184490913971,-1963.895265267261,15.182552465834274,238.3721449037313,0.32890007453621173,155.23976093969435,42.3684499884395,0.147
-88.80347754346298,219.7417919918593,-2432.60624665229,8.71433483747042,206.05343882168705,0.19557047911479442,175.808657721953,29.21555724730507,0.165
-88.2077489346225,338.0791313916866,-2177.03790768418,11.391140230932974,206.54642420982591,0.21205787352023564,349.29620073299344,35.72621492294208,0.188
-88.76580407551498,241.82814257189403,-508.48680207466805,13.903101253970567,190.126285933277,0.2174818919573739,205.52214129401128,37.813658209944265,0.037
-88.36069392907656,26.908525309073582,-1456.4995810454493,19.645995976355803,206.5035131425483,0.32873682975220375,274.46894573349005,56.38345364816134,0.285
-89.08362060962523,165.84659045356815,-1686.0167279365683,3.7487998746273465,247.4607569823091,0.22933378654091058,326.1117941831545,28.04903717844564,0.084
-88.47526613055228,320.69668734382594,-1772.7737785471538,9.55682961360351,163.92244726882905,0.15312243151001642,161.51420794950246,32.23908089925592,0.19
-88.16522121290927,34.00647328839128,-1131.9633118398544,27.08336098057729,85.09391609465501,1.0238457083808392,0.0,65.73628276546654,0.864
-88.81296636892782,355.9952563695156,-1391.5640750124671,26.166613082979563,78.22384272329316,1.1453152108387998,0.0,62.40212230654361,0.912
-89.55650821393148,341.6649817123517,-1418.505714975402,20.5093692777578,229.60043182455564,0.13277442494681893,320.6054217517622,44.451043937088485,0.192
-89.38928453144263,28.17881306275531,-120.54085775140857,17.36824683955676,230.12400496460492,0.30108248679781074,266.42150855751026,37.59942529794064,0.297
-89.52257530389494,336.0287953618398,30.41302548930662,28.546347484020885,47.38276299923069,1.0699347979411988,0.0,61.32286797782896,0.786
-89.43097164756811,130.7277324934064,-2488.017338327197,31.178480016066658,41.29471563537744,0.8981985861201758,0.0,73.68565616197614,0.9
-89.31781064623303,304.0953001473105,-937.925815085634,10.709200119531475,151.7468022994533,0.2939371654831965,159.18161072470213,30.454750964945873,0.137
-88.84524580516894,150.61800157677774,-1821.4896788971137,2.3056755671167988,128.74940916822345,0.151802459344819,159.79384363490072,22.246933659136673,0.141
-88.78281590401872,158.70784057290572,-1398.600891088875,9.297076823755049,173.55806770462195,0.2103767155841137,241.8050230055726,16.068219254538047,0.151
-89.08965048024046,228.32751275191535,-952.5772918986445,42.96695513772053,57.16401600624823,0.7068919987476775,0.0,96.13754693650708,0.933
-88.73070051834041,278.811870939354,-1370.1759335447355,3.6935634272519415,145.82656599615177,0.21617057690944252,164.88962922878665,19.5540742977241,0.052
-89.7450076413384,12.164094341369509,-1015.6320954978935,7.294608604705827,211.28250888630987,0.26884015665607575,152.50858462772067,29.07763559086205,0.26
-89.7332023495895,213.53615838976833,-661.623835174466,2.1269115249263137,147.7677604064557,0.23276182215457403,218.4936748347775,14.970440024658291,0.015
-89.57352402532045,67.22387787505356,-964.3385595677441,13.247638628773853,229.5447925396702,0.2779644522207222,133.55117250291644,38.31925360008947,0.059
-88.91565275372335,124.54182643075306,-1717.4690433340988,0.026910288948675642,134.87231153985016,0.25052775201056554,286.95293689461016,10.933980038147944,0.15
-89.4934101104732,125.26871981587793,-1703.3596855762592,10.912489771663822,161.4129412671397,0.19534431202052693,244.33273058111013,34.02374098467517,0.083
-89.3617596333641,168.8617224796153,-2351.7642372944283,7.500951600187591,197.1132861794027,0.14302479943630364,228.1353022722369,24.905493151614024,0.116
-89.13940561127131,120.28910827542242,-1883.1362380165747,18.176206650846503,194.74690986485547,0.17580185842638318,318.0658533800232,56.933305980464255,0.106
-88.35745436438027,38.650002642240395,369.6546895188226,24.223452564679747,120.9240756807201,0.16021397556837996,283.14045615719795,61.33612777119667,0.088
-89.87366194176558,52.42634586916252,-1833.6028592761954,8.160563779365411,228.47620570673274,0.3122266881072132,137.31744798926965,27.308074917568206,0.12
-88.66618024155042,12.037674801995163,-2154.7030499550556,10.64869992924298,193.72909068016853,0.3459900533237143,205.1079546105394,27.606777416863284,0.157
-88.6291345910227,169.28967071835154,-944.0577105241813,10.365927692686878,231.7803368190036,0.31611658158982775,180.31763875143017,29.02039207155448,0.148
-88.38255401732239,343.6011701470759,-1288.291807433488,13.809106752250253,231.46898095190159,0.29312024409854753,300.51735950373455,45.168815254580196,0.245
-88.12776941578541,41.64308051332196,-1356.4745894793803,11.618304130335718,186.42861665250433,0.19235540614413088,279.7591960428137,20.81172885167198,0.099
-89.86173808699635,340.6552174811095,-72.76322687032803,19.681169524306938,237.5094040236013,0.3132956677319534,218.00252195133282,49.64633391074821,0.092
-89.6078109595249,264.01014530355366,-760.6986595533078,24.330391334509457,228.77709183388384,0.28152503799674394,305.91162723382706,58.53616827641119,0.156
-88.21627454129361,229.49956905629875,-1623.9943453627802,3.8592877750781707,244.13721223864795,0.1140680100062877,202.516784504035,20.218999636330636,0.024
-89.02881473184468,232.29999191648264,-1539.580734073424,8.906715072257033,229.06977579831687,0.3722836355180247,300.8880075747128,29.13950721072684,0.042
-88.82727778602643,297.62195342266153,-1602.069211124548,21.016194489247447,224.96853914016094,0.12398615233049179,108.01872373300733,59.61144425486806,0.243
-88.64024831292602,38.49115117673569,-500.2083027357943,2.216690480590323,175.71046729476762,0.25081237124765166,133.65474413502542,14.924411689575932,0.153
-88.6097734514583,181.71155648359502,-1446.51810356251,7.707212818455698,139.6843484529099,0.25392074581571944,288.993601963315,25.093884492528378,0.029
-88.12969323369863,250.95280977387307,-2634.5228019633205,14.263159528984787,237.49922263056803,0.35110215662751454,128.59731070329204,43.28527283806726,0.138
-88.00579610691783,211.25536022648294,-1238.6557429874754,16.963464110704923,211.15688610245058,0.3739202503127099,270.9402601416052,51.591083928540954,0.125
-88.53170082423121,299.8004655683861,-2429.620800902343,4.776998120464077,149.44470098779283,0.3819027374529379,280.8934495318848,22.988230961601236,0.081
-89.35427970251021,26.01781524408654,547.3844814039214,6.213489458795449,157.73940118578994,0.2709016400436935,265.5488392969804,27.484697673443215,0.118
-88.22847043564074,248.65237421969974,-1972.5343310777848,4.398076782591012,206.05099166001088,0.30371266906348104,304.5580313013835,17.709132403649953,0.065
-89.80648026237256,192.2499829384984,-1329.4918122861845,3.330747606555656,176.8944231695139,0.12655595872376893,227.90426753034097,17.288519243806984,0.14
-89.46094637953846,136.49791103277963,-993.4378122390905,18.934958206045998,121.40755865849155,0.2463748032532067,324.25926568087027,55.298576780090194,0.128
-88.19496713681895,122.49899360425111,-1430.926528543384,0.19501513002361293,129.80271240439197,0.3693570112726854,242.37405691761865,13.023587561338367,0.186
-89.41323612256522,223.49974779870942,-1432.0243211729542,9.344771385666512,214.39081569172356,0.23670914531141835,226.96824218251777,27.479393392518944,0.283
-89.48076298671869,320.75833487193535,-862.5381710712984,2.9466383248514756,155.99973398745632,0.1208781806300292,227.34682747376058,16.056029423639828,0.064
-89.63756194303353,178.6233333964015,20.972767037023004,2.552889759012155,181.0709199762855,0.1601923427249361,328.0205543711543,20.29153596954706,0.131
-88.26768766047086,296.9003390676913,-585.992734546162,20.701781747467706,217.32700695549363,0.2288520767306484,160.92400894669098,57.03469854655616,0.173
-88.94988930753694,144.7762974638283,-17.188897141165853,6.801747778264611,215.16458311884736,0.17125849147271574,273.7588605928008,19.392839848430352,0.169
-88.61770291419711,36.862006605543556,-2037.2952864748015,13.88440080420757,133.38210376421836,0.2176877756025162,160.65394704124662,39.581757983649496,0.202
-89.44577387025745,22.142065125109877,-946.109893395711,3.080758798010102,123.77514101586495,0.19988856260081772,123.04374463694347,16.122303383253648,0.088
-88.45972320007868,18.480373676523925,-1075.8031583533766,4.5806054624352415,192.7613210151126,0.19567871584478563,338.43596940831003,18.83353168435194,0.194
-88.45598946457201,136.85405110476117,-919.1269666586122,19.560878806950058,213.82860235037356,0.12734938292705061,132.43134488895737,55.7732973660537,0.068
-89.30606375267423,121.40559030090314,-99.01442349154195,37.8727145584531,40.660282335278865,0.786802833657397,0.0,84.55773841743657,0.966
-89.11970299728047,258.45732850412503,-1376.6313198336431,7.762160643903115,162.07374022581848,0.307811876039624,206.1396814709651,22.646435771430625,0.251
-89.50158847288262,267.4157405705517,-1524.4026932432703,9.988922047105737,231.83891943546968,0.2870145725407374,309.2753416575624,25.902887572368904,0.147
-88.04453405568648,18.30742878014634,-772.8153620650689,16.122805981435,242.19123981844496,0.28194082242862206,293.30054575926454,41.37287730684178,0.125
-88.67335510358902,79.60437464004539,-2622.5621820526776,5.838998467607163,173.5697665329558,0.21895066741439767,135.94210613618313,18.00176559132355,0.279
-88.12436662664052,98.7342660572039,-1389.4816392977427,20.495219869941238,121.13223076431662,0.34699459265544996,216.9541860303064,46.66653092718721,0.216
-89.32356746710465,197.14031429141139,-1307.3581514283624,3.3326732933968692,146.07750386833283,0.3790119981783816,106.88307043136915,12.215495958458266,0.206
-88.41440726530591,52.02548060650209,-1936.2868930455402,13.538476602166414,142.61578884417463,0.10168517469863235,207.38087851601594,32.92423968379883,0.066
-88.44486857661899,48.21883898400013,-354.3527909147382,6.779280955016402,143.45492087574797,0.12375954305140223,275.0539555649435,19.754399964946103,0.071
-88.58585426145358,339.76400011486487,-2049.7922538746275,24.194310829547724,179.14343875309498,0.3024926852098838,158.03905349552926,60.38388526738815,0.15
-88.06528594699309,289.51304662720116,-1308.698438691037,5.236354969643944,191.65159123681997,0.17082001681692166,302.5083516494111,10.6727973262522,0.199
-89.152244861398,65.03576475282131,-965.4742197416253,8.48126203713484,127.15134241519095,0.37351149963096464,113.29120654845158,23.45375783435206,0.125
-89.65163708517946,146.36441084597675,-117.23875081910523,21.45689037497155,234.5098409139668,0.3002239195348765,108.64159054004676,52.413131213151935,0.029
-88.62375316743629,128.02391973272358,-1208.4451479046827,1.7196134090713642,196.79633525935606,0.21048737654761396,106.86313701534009,19.182349919033424,0.208
-88.51431137909331,284.7614666635466,-451.0771246974316,12.687500567635723,193.61524223752076,0.22458472083382908,170.00671789004582,34.14536593988853,0.234
-88.80738491042825,183.67664993212395,-639.5236821782981,6.225343436866016,248.21905977379978,0.3072647515739675,216.77645216274897,21.684070034318662,0.284
-89.50704600304655,46.025905317648125,-1101.233955064686,1.1206654137092524,197.94015684903755,0.142289230780643,126.86175306746125,11.801597307527905,0.129
-88.94153371082822,266.0371427362478,-2071.6107266187646,15.821312758908036,240.05428090216589,0.36502356407398284,349.1858987227265,32.52418724892744,0.085
-89.30683950051866,142.8796721609708,-2347.6646887234792,2.0930249046376765,150.07597613037086,0.10143150952905333,349.8902703750347,17.48151531390001,0.278
-89.0878135964833,94.65272914757294,-1114.7956788646509,6.554270681762084,143.61812864850967,0.3936840859911599,229.95059153640725,26.19564921458104,0.217
-88.67408470589514,135.17950392745925,-1634.157499122091,16.930864020479376,182.31261615542343,0.1502936441089283,242.002383682376,47.93420883739212,0.029
-88.48409198888741,179.19236289848268,-464.5911266549666,6.208138588530698,181.20525266913324,0.3226334075841648,331.7020949189923,34.94551744220284,0.178
-89.45877308728745,123.52158591012339,-603.314785521138,20.228420732163578,141.70771092774555,0.11197741211294816,292.44819482573735,43.96423344939111,0.018
-89.1298818147708,87.08607813303281,-1347.68879554964,14.156627874860643,207.95179196599267,0.22942866971292783,141.9869196021725,30.873122426692916,0.076
-89.3885930151159,143.46073036943292,-2126.1703391530154,16.35683111924503,114.14873469313706,0.28909410469424124,298.12222875543534,46.242998811485,0.031
-89.52259993366245,6.902247869963367,-791.4115603141813,24.40965598738532,206.68826615692336,0.1210682372779252,157.73508327326482,57.13186646884218,0.069
-88.4115642820079,278.099224594673,-2014.3595569081203,15.198230626140656,174.00490405726202,0.23298805866997715,207.56195668284334,35.46831998459661,0.152
-88.17241988056972,61.54016168433089,-1806.771138344692,27.38847290469344,90.71858510642838,0.9824168347055453,0.0,63.364133470282034,0.861
-89.19655884719931,15.80566090702941,-1983.5325905721236,21.112622830378236,176.79128828981266,0.24947308359015788,279.2498247546405,49.133527535297866,0.036
-88.47257004368984,235.33152944582852,-1310.8008175519628,6.765475701655433,246.8267296038573,0.25137296079074445,137.53757443056114,32.1548367422967,0.15
-88.19570895020762,278.617006376522,-263.8461327435507,24.931480750212714,156.8558931544365,0.33556948175269263,119.042463697025,71.17202302054193,0.215
-88.29236399999256,292.97848737342355,-1204.032696178823,14.638660209029453,247.56021118033436,0.1370513585334693,316.53083246517144,31.09951396134158,0.025
-89.55265456177547,177.66330575781598,-1554.5749539421565,8.053202913394966,119.09635194705655,0.12481588031423994,306.6981228217621,18.723661760456746,0.266
-88.08304542512461,73.9325464883947,-2420.4919440361955,14.783856953208826,205.7265084660579,0.22056706997163728,230.81633547925694,35.77087388325812,0.199
-89.18431476318402,265.4019638099376,-758.3003322161256,23.12326824390263,173.5906889498877,0.36625597581295977,265.59095096053903,52.7988962794102,0.161
-89.25544274376972,251.89670777556137,-1824.323684742902,16.550450942422216,225.09926757415803,0.3565808559016279,279.8253298897122,39.224599651352335,0.125
-89.78138047817222,88.65746427714237,-1105.9859046735228,30.223928325513977,91.7759687487366,0.7658064044373284,0.0,69.47668575331039,0.977
-88.97627005720072,325.22679211060546,-1483.3748927333124,22.86530557898822,222.02942560263125,0.3666321456913322,164.30762139525234,53.49643715436674,0.107
-89.69287413028223,37.57372490981844,-529.4582243204499,17.231600334021625,123.26340390235276,0.34160307926461364,220.34810180113612,37.69513770356666,0.044
-89.42777434023789,353.76776625287727,-1325.7891136228418,1.7393191725884236,225.13119798058125,0.18338183802791483,337.69949774406837,8.344597140856942,0.033
-89.29780901864217,309.6892119518873,-1247.1410836184414,10.202674859898792,139.96562204212654,0.15103188413374904,309.458128390634,38.137043880845404,0.1
-88.3632299853658,247.64351237246706,-811.4022820356323,12.716641397508514,113.59523694026487,0.1903469502930118,216.38687481295574,33.64604156134361,0.203
-88.2365715642478,337.94995978073985,485.5521458105486,18.966315012177468,140.4834207558176,0.16813536353164432,156.39475834318583,45.88947556622499,0.094
-89.32531399682321,260.0320205965348,-489.24245571315646,18.373330412721927,177.09991465797657,0.28681563779760916,322.4036069758515,39.144475096306486,0.246
-88.2684735696353,68.56451893081653,-1270.8848850788875,13.695404102182861,213.8955903876005,0.27546973383239504,259.56027264605757,35.074724567844896,0.12
-88.2712612189974,159.17620972061223,-1197.4416075077693,13.20349915377171,140.60854731659953,0.27953121503583456,201.1849891076233,41.21151045538133,0.193
-88.44716319426874,25.741088759388727,-1619.8875682595476,19.204568950760695,125.82105673263798,0.15679106094743467,127.91438525724726,51.38689529386842,0.135
-89.62127928337117,140.27667202372155,-1959.996562815756,3.4141377437001417,200.4354157033519,0.33755881758293166,287.9409093385674,20.883771977268065,0.154
-88.58838659088862,266.9770871053951,-1642.2006296530576,28.955158192498565,90.50147304998258,0.9553492892336105,0.0,61.892331004615485,0.89
-88.10445427729692,139.11960633509426,-1817.719170969554,8.47166885163471,194.12184229198652,0.2417355761099599,251.5764785709942,20.845249286250183,0.159
-88.60317309034241,118.90590316852828,-677.3052929632917,26.55409482172029,54.031400055186694,1.0770576374221617,0.0,68.77536825431085,0.819
-89.26992798669512,214.3280601037123,-2056.955886295189,11.548144715748379,188.5634421244988,0.18468153578882446,274.90576930859925,37.227660130835595,0.122
-88.94889929688142,313.9936304396022,-133.43155089596462,22.025798142715942,219.52878219199056,0.21824140123231328,234.40527690805547,52.75928247635365,0.14
-88.673122417633,17.129949316600474,-598.3628931049362,15.638404342926128,246.61261882932226,0.3029389623712262,257.6028883246289,45.54201002809764,0.214
-88.92991622341584,138.76935649190474,-1183.5986165058653,15.460344109108018,186.17809211658587,0.36412390605707246,120.38560468646303,34.90570635694709,0.126
-89.67208941071117,56.966667053494575,-1199.7451108279454,17.54254476026521,168.35067164398163,0.13803430200520936,266.3196681671286,38.86274898154309,0.203
-89.30707831516116,250.32753026347308,-1645.8250476916428,20.090542890877785,230.4480285624177,0.3205137419281492,148.547723799675,42.09378001918195,0.061
-88.3754475419481,38.06084175520856,-983.9324709217888,8.7116917341276,245.7619681263986,0.3754841577986652,197.99518109567668,29.230735633273426,0.017
-88.26330571241851,239.33079308888804,-329.52602943312877,22.34799130526236,128.0854297217395,0.22687738402806074,228.1336306606136,55.779571982715055,0.157
-89.63912993784042,103.02511348724664,-1762.525169804651,1.1552937642121641,190.9439351663429,0.18601807688005528,271.7192941332426,9.698504927519547,0.147
-88.09046517044243,71.6100529454009,-2426.7136711349845,11.946694266738753,220.94439895643964,0.3033211440324812,285.6068357649315,29.99142548541995,0.204
-89.27523702608765,337.08692081699473,-637.4253961146048,20.35969924272277,184.6675167218947,0.17382209537148746,276.23066852311644,62.79214150476007,0.101
-88.64160389641164,6.668847628544112,-940.5072206049597,21.950175796158895,167.2875755470128,0.21528692396418586,123.77636475401667,52.604696624375855,0.019
-88.47153222268231,157.5998178802448,-2096.1590411529437,16.60788848261401,201.73217495895886,0.3690740122269409,196.7259927977559,50.1561120378979,0.22
-88.35730215418802,7.785717286245761,-1786.7130967312944,8.066075620442644,147.81793323186878,0.27709976577741324,170.1662680543418,25.400409068637885,0.283
-88.10307556577074,174.09349731755844,-1887.2834192401124,20.967077783687035,158.87872401137173,0.1284931799799533,199.60538109131193,49.430592028430745,0.124
-89.30545285874524,180.37705600599057,-1779.625815227399,5.306337608812466,248.91873224338826,0.1989092594339113,261.71829611148485,27.695972766656883,0.187
-88.26883773635205,115.79848970210892,-1458.9462032329502,29.51409073748911,70.37514989192266,0.6109143796962933,0.0,72.9780020770582,0.888
-89.64979488347122,47.57823990900852,-1413.237843424598,11.153291025003359,232.20982176355045,0.24444929114640337,225.52484211845467,32.186036935018464,0.174
-88.56042227792818,135.49951358441112,-1720.6349240547681,3.3962569420596047,223.0875918252001,0.29810179502547723,321.217892762645,22.461084442882267,0.262
-88.49024231392343,242.01465837572377,-1806.5310555999426,0.053165319834480584,201.3181576151634,0.3284324253041022,282.78171439022424,22.707863220545146,0.224
-88.61232584171749,281.6624911120053,-1383.0274751355053,12.436436368795876,227.70207154422826,0.24418453606141247,281.3412777973625,31.211105904980975,0.233
-89.42060200134321,191.07021685973123,-1065.8467721123511,13.398252713260533,150.20218936069995,0.39608550589058156,312.17909452297624,39.15518866024732,0.036
-88.24121802067111,212.340381998312,-1453.0372290918758,31.696566849510955,56.34922007970283,0.7466927223359028,0.0,71.34708288031317,0.793
-89.57916891959626,72.22189360487496,-273.06638132695866,1.6150066238577363,192.68448853335732,0.1179722218205969,289.87070835126633,8.55730814387396,0.202
-89.79809389611043,103.4389199619538,-793.5298284633708,12.394621993039307,197.13874411106826,0.1799293413250655,114.67610490700278,29.977910055497947,0.167
-88.53681651783737,58.28241961884903,-2472.6766854869566,1.4057859291794337,133.60846980054853,0.19016305369293524,114.10674109479531,20.77323758845186,0.235
-88.99659614105781,89.74632600166008,-781.0177876689172,7.073451467865966,148.81402559972958,0.15528710700100318,182.94966423936546,15.023099899200204,0.037
-88.28671376207852,80.95924088119143,-715.5648139315339,28.83972030069338,58.421235412779524,0.9386914417728867,0.0,70.21873739372074,0.849
-89.17154543198932,187.00156310084554,-1547.787974499353,0.6366377684400923,194.27246276018684,0.22744618988063808,229.63464591120896,7.147060148779015,0.151
-89.58027068183534,202.56795208466258,-2396.158069842524,17.87042424067834,246.15656326157006,0.11546529369773734,145.80061530060837,54.60332323919665,0.258
-88.31075983430725,340.1810714957416,-1193.5465924710911,15.929073590143917,243.56945716550075,0.13819007083972434,343.8934690592932,40.492763935616196,0.064
-88.85707169988386,70.4054329565483,-1206.1669211857952,11.758285736417914,141.80653741855753,0.12887376363804515,312.77628276983023,31.696533106424496,0.111
-89.54052799445833,231.00325565813853,-2097.316989226556,17.194366231917375,152.67833402934815,0.11389508174399518,345.63342476224557,52.23627898630593,0.054
-88.53127040268575,294.21333683550824,-2360.9753730079483,0.3997961805671135,115.0486649190834,0.24444910609048556,301.9407563386615,15.183592772695299,0.141
-88.92888408686996,201.6869269618989,-1270.0428371627515,28.563225078035575,93.88446252121827,0.68507462485743,0.0,69.8975850778845,0.885
-88.75180533374339,91.80131490038725,-1386.4617536406577,31.24845495123521,78.21708438841257,1.0159773493318474,0.0,76.52596967999933,0.768
-89.0242931574075,94.51808280720007,-1533.8122922579148,12.471046977593133,238.2052434580596,0.13082816063252134,224.4762694677579,29.525726011357552,0.226
-88.32545293074578,14.131099105559969,-1266.728587797249,36.231061306135544,62.487880852446054,0.857913074118557,0.0,86.17068863996177,0.823
-88.3238308402022,109.95992155745341,-2082.2210990562553,8.009720684500795,147.2112262884375,0.12596368521983778,258.9515159281917,25.0241702981265,0.141
-88.55216123853367,268.05732444121685,-1547.8564902928913,16.0043199385628,140.91897431122553,0.28576520398133054,297.05757545596833,43.8132633729369,0.253
-89.69973738294672,17.106392594559736,-773.339975508522,26.318890637745135,40.50707768159965,0.9408639978545765,0.0,65.06054590679673,0.987
-88.30617766238227,78.94630170173903,-1479.976064281031,7.409955397770904,222.66631580267625,0.3480416939481625,174.0932096538268,19.26736537950527,0.297
-88.62507533698748,254.2436994714415,-2537.5779774340417,1.8154905887943826,200.56004578382442,0.11844244811199098,226.91804847898146,16.600094156792906,0.163
-88.57565408459183,281.7545626162356,-1578.1538221788574,4.1171706561885415,220.031728500918,0.3857524467308876,115.72380496409926,17.302554862520203,0.011
-89.21033260323264,163.91462762229423,-2056.1267708054884,32.608265639026584,85.42332726021502,1.0814277775781291,0.0,69.01692404816882,0.761
-88.22936884330169,251.3067618523136,-986.2909628306154,6.709753493612223,146.08263092828054,0.17233398049040016,212.90174286300544,22.68667795457924,0.287
-88.52179395955378,139.66278071576113,-944.9300772956598,10.142632365815015,141.91918522975618,0.23925541782021703,324.5585546375737,30.3853903022059,0.279
-89.68607811359453,57.5687682086859,-2527.019700068825,0.8723592167894552,111.26009882092497,0.32681736596986466,330.8125773165346,14.71287788991872,0.234
-89.1252217346283,143.33381766824635,-592.7896235342488,21.483392793291884,219.33749916237014,0.3853338152630108,131.37620259115886,41.02533039754701,0.071
-88.21587731227574,208.78841527313142,-2089.7490410228465,4.184401407754151,228.5969716630605,0.22841272938831284,349.0277468295292,20.309483964891598,0.05
-89.81032626677498,341.2991814670405,47.34583238588107,7.0873697233867805,217.5595639479783,0.3271930281453619,342.45562863121006,21.615439162596594,0.213
-88.0733084226801,24.750342751923835,-1239.0210116004935,14.995204194161605,120.41628808198871,0.31814876633357164,256.7828533137376,44.039775620375664,0.051
-88.60959112019283,182.66187378418581,-2197.1147988313296,1.3595407275442746,216.71102780378123,0.27135066858727197,306.36191812660434,12.709750723667378,0.286
-88.70038564247758,118.41112015586077,-2113.5888565541454,10.214177304857746,116.4074434410377,0.30727575283024594,104.60924488379713,28.761447087940745,0.139
-89.38593741267282,182.99220993961004,-921.523766570124,26.0220958950327,56.65009466845698,1.1196009181552802,0.0,61.15668980868409,0.936
-89.42729560139557,8.631161055551404,-1513.039911918702,16.282543975168632,171.6665522105734,0.23247322026925407,214.07848162226276,44.23213666129282,0.054
-88.11008938297167,112.68912769256927,-1277.3231276945126,13.305422924283585,176.66058124947762,0.33575820821800917,327.425055604113,41.15039288692394,0.094
-89.33328233695516,295.1525331097218,90.2241861576315,14.148647094638651,224.2566091266175,0.2422663435008193,196.28121392967824,33.84173770090201,0.214
-88.42653993623391,199.4190241876695,-1759.39525138326,8.108649040234361,205.1337648857275,0.3620513752680846,297.04411693508047,24.498998783307208,0.224
-89.15306858340655,162.20969741380227,-1152.0297138434348,31.961523197549255,76.34761671209606,0.8274611436998928,0.0,81.26977664919188,0.936
-89.63541726550906,102.78902581752224,-64.12441010155749,3.878428694659327,141.6605496520322,0.3590338090517098,190.6766536513474,15.951298922883815,0.198
-89.87964093437883,107.29530820488813,-983.5892196268799,14.109261619639302,149.99452635621614,0.13899900568845985,336.6939506886737,40.05477189335494,0.019
-88.86591105967102,137.9165160926104,-2485.2821882864046,13.150255663428071,127.31416924368017,0.17324233736982117,274.77788347417544,30.129551638424793,0.04
-88.04602024475703,300.80545558724174,-795.6887906142906,22.087625071331352,150.2702840902923,0.1088791819636391,310.02027259974113,45.602713686845355,0.165
-89.19864123176251,348.19675445097664,-2130.402286226755,23.031739387936398,212.00374177556262,0.39484021805891656,235.8395343741805,50.86245445063298,0.214
-89.22133456541322,157.91593728613483,-74.5539770136279,11.679811955129292,143.79620581501962,0.1708414418250286,329.5871862895484,29.910163630170192,0.275
-89.24622592608607,141.60702194919426,-1858.2940839983821,14.906664931130496,226.9503505884541,0.2101280003446727,284.9901142225442,45.012885682498904,0.137
-88.91096670912077,304.7582792951506,1175.6076061965318,15.285347539139483,175.73237931752908,0.18247793416853086,118.04191268860625,46.31832639171582,0.045
-89.06273672149385,153.6859154290693,-26.099209337857474,10.721416555706071,155.21100657421442,0.1119380868536252,291.71769102969057,21.816231576934886,0.279
-88.22816220921867,198.72654202643443,-1837.290055702383,3.889896024777755,167.73853463684225,0.17837740288303255,104.677616791051,15.073566353096203,0.137
-88.93951049572537,83.138999255548,-1183.9889559987116,5.949363092780294,209.3295436830888,0.12945869986231218,307.26723051495276,25.38767317076301,0.154
-88.93526010744172,267.6609128804671,-597.0845746932292,6.384013236231311,182.35097845443863,0.2182849259153754,182.9665130495391,22.2412608503065,0.258
-89.63709397003095,191.51579457748147,-573.0716206186338,0.007175780358677386,111.01901295650812,0.3900472355010327,249.57118597793763,17.537143889804486,0.18
-88.03279487227027,291.252438086523,-846.1309920190422,19.4958257137363,239.1253385219105,0.3094787116191454,287.34425458773535,52.35915613812911,0.097
-89.42505150734922,281.0637828103211,-198.27277042711205,12.021184210174725,119.23944042025924,0.31207023694236447,259.24124035676255,32.703942898905375,0.167
-89.76060827182675,77.40171657721028,-1298.3751573074956,9.853054526131627,241.40698883401402,0.2359527799873766,268.09255780665353,28.812762196617868,0.191
-88.6400221269471,257.62879820079445,-1493.3741348608264,0.5615527450738682,113.94139530680765,0.34339120320683436,323.1664358666275,10.839156327123504,0.268
-88.76880389670194,288.0195868624937,-1477.4911903396885,11.554551357552114,217.93710689404278,0.37248525007526767,193.492995755955,28.879315731299524,0.078
-89.11122325741378,124.59860668166223,-513.3014144222982,14.266847559986118,184.85445914566037,0.3884650018251463,236.78628745475856,43.22976579821973,0.172
-89.09783475562672,62.13928064481883,-907.8551677578831,10.37043689194159,180.80166528457482,0.12969706682392557,143.7321760606768,34.453017872590934,0.277
-88.40837855001178,0.9475760086517448,-966.9730674477948,12.631836688077561,120.18899035616063,0.3638932025939434,216.88577054286156,37.53502721441727,0.023
-89.52814598381067,162.32531511353335,-563.8126005942544,14.419149843214985,143.42430144730827,0.16752486507275827,137.50909270611237,40.051173133214945,0.066
-88.3415186940047,126.87578335398297,-2840.841926283084,3.6410176347927994,218.85662438912686,0.2191800705972502,258.3963865253789,12.191046374420534,0.11
-88.66738048359947,199.76754017714723,-951.9449408998797,14.248167366914748,234.77637618914918,0.20364315841360792,181.0628476409475,41.01730072953824,0.207
-89.1039574298189,67.69479333196287,-1025.1448889010273,1.5856873013545751,184.07661534741715,0.3025390120260385,314.7536201351485,13.816886966032907,0.254
-89.02974562849066,309.4795971599311,135.04646504056404,3.87530167707666,159.46807549076334,0.2793773620701375,185.8944075055015,27.761948829025386,0.068
-89.41237030634642,92.79187762611947,-2422.870385810934,19.17931385822665,118.39204912898951,0.1327314624304108,171.7084730530525,41.89217222688019,0.082
-88.47098276787575,81.51465783155399,45.74930590140639,32.14113723359744,85.0706713321932,0.9356293044087121,0.0,70.6657975277484,0.891
-88.92553798962,173.05706033436815,-1139.6726968602673,12.5135875880268,148.98252549607957,0.23189362054044887,143.8321766964046,27.09395239046777,0.053
-89.2903763687753,179.58636854793872,-808.808375471964,3.8290454135976777,117.70192009890056,0.10066655299889402,150.95153197753575,16.56799186836001,0.086
-88.7675047800542,77.43068236263342,140.7350300875014,13.886704475099986,203.2192420738071,0.2243509800582494,295.7865188530506,29.068912110222506,0.222
-88.00810454110248,97.86986162132968,-751.3909855955416,21.390291574991455,178.0007710947262,0.25489947272415736,224.30635067422298,58.708091330825795,0.058
-89.07300166865255,61.09388609588818,-879.7053684299512,18.209975658727352,111.67470095824135,0.1206624055624688,151.58548602616233,51.88113786180554,0.25
-88.15068633852063,258.64566419634,-1006.1670513581453,39.43112872463746,47.8264448217281,0.8848081744950472,0.0,88.0640975573217,0.774
-89.24446800414333,277.2320512514695,-1586.7825079955014,4.8466243090533325,207.8882700944322,0.3980716514472583,216.61936440733774,14.62463967695482,0.14
-89.79600785684254,166.43825908534174,-1222.7912996083144,14.52231479919298,118.9139866292104,0.36135862060674573,285.6575326008416,31.42411685558966,0.049
-89.51193999789999,257.0713281666063,-1772.410212898199,27.489179534182032,40.696122361652435,0.7490345126611894,0.0,61.45903599516203,0.879
-89.1044792276774,264.93674109748036,-1235.6535195403856,26.86159237018532,61.52140847906878,0.7565962892449367,0.0,66.8500416020748,0.817
-89.48269363567033,49.779189964011096,-3068.7445576440773,7.500779265243807,122.41330586109945,0.213772989165203,199.09489012216844,21.06629508053827,0.211
-89.89956862738532,347.8240889404332,-856.7683459459611,11.966423799600188,216.36603294352915,0.2631221226099759,339.7823861963851,43.47572847923397,0.102
-88.1614970782797,295.5715009547152,-1297.3898030269004,26.845207658487,69.5722689280841,0.630839803763467,0.0,71.14389251646475,0.855
-88.29662911866123,73.61404603049647,-1468.9629893334113,40.90642990399137,85.07049712972022,0.8062063715369885,0.0,91.81697952500492,0.869
-88.4896447601748,67.01941286858529,-1024.1935328478855,19.037958837508185,166.8537678336975,0.19462609329723493,242.3106349985431,45.76657639900695,0.258
-89.58115226827255,45.23801240864979,-2346.8511383723526,8.321367063035163,112.99773538467562,0.13765617460843801,302.68593544148393,23.796754627338068,0.143
-89.67130920520103,49.81628251509062,343.415997297026,1.9079684756261006,202.77779525552006,0.24669042768722432,105.58307450584714,21.80782075388225,0.079
-89.77155097600247,269.33824765033063,-1282.2139691900798,34.18743357530849,90.77019452360307,1.0477322528849855,0.0,75.09139049283053,0.968
-88.52434454133144,169.07553250258448,-1316.6755463777517,19.28741586465759,209.96525976193817,0.39865983177086317,309.078102805737,53.24667649298198,0.092
-88.13526487469302,281.8563021863522,-1972.3169681063378,3.519330731145825,197.9439604333566,0.38327592054474147,153.90593908230312,17.147622527633168,0.173
-89.08198194026524,268.65176196607393,-1180.842894040591,9.968436336662188,201.1755860273633,0.3957091374924431,330.4207448753666,33.50468374294526,0.059
-89.67363272320752,217.66057686187978,-90.43208778137569,15.101865168287041,221.00497954062052,0.10457389473410655,244.42390525434755,36.10174387873026,0.022
-88.926453640609,247.09197836832465,-371.26703245437284,17.438066538881177,198.36213097267515,0.31883409353320835,229.18160935553712,43.21154010015371,0.14
-89.2372193758286,6.608060776491045,-516.4497990875551,3.0038134245421,168.62163009386495,0.1818846430529609,340.91537936518114,15.88671425056589,0.111
-89.187832643735,112.2399528498079,-762.8808386661827,5.858095818745073,164.58985864284898,0.35968539348074113,132.4129288001999,18.559358549137304,0.132
-88.71947181410415,229.61598453338766,-1486.8340220500877,4.529345623729597,126.74149494707981,0.3441200471872128,285.03529154301265,25.30481209433168,0.142
-88.53443558480181,3.3641832550479123,-2360.1305336293617,22.397622896047817,219.12207784187385,0.22710237276488626,304.6428226808166,50.973705143765436,0.232
-89.689853162141,11.871699725733627,-1360.831017493308,8.583815332296838,216.55518184564704,0.2419782025309473,222.1391293246346,24.28246995654269,0.289
-89.8323785614677,306.67967368933796,-1388.6971716269418,16.66321649183292,144.48177139197327,0.1795275006977617,101.61891928001332,50.119933101805714,0.086
-88.01077242489714,246.24895020914585,-360.96444826300717,26.22258508576327,92.46866427442984,0.9650832702146973,0.0,68.26980635550406,0.937
-89.45781613706046,95.53310392332382,-952.4876460321439,14.198701423739456,192.46045609068796,0.3943523270081454,138.37798220684493,46.337296709107065,0.076
-89.79772200267394,247.66662244273525,89.84922232283861,10.87029524050932,177.01615793523942,0.3666558666010524,240.642630422644,22.199224660630968,0.229
-89.53923687471776,285.2844008901348,-242.00916796946035,13.939214768839342,112.44948222756942,0.15756069163449243,284.6546546430345,38.88204328288795,0.208
-89.82598009193792,110.44594191963645,-1565.1964876032766,12.631936038502268,163.5837660210043,0.1826574033594799,232.767857457221,35.71527870016006,0.025
-89.15555930022738,12.973455899707481,-2636.103357295895,24.461649978779448,199.6939075529928,0.13259439791867803,257.7005026217771,56.11463553532963,0.22
-88.37543660954249,335.80048488758445,-91.53981284681504,15.108383975387898,122.56469727637368,0.3966612348939075,125.98638508252316,41.83906490006157,0.271
-89.25163554546033,124.26474178642697,-112.49182141540473,6.555989804210874,174.33942324425675,0.3721629551591643,124.26143171228017,21.50477095666775,0.28
-89.0560515269311,38.333434782494294,-2292.9692727217807,22.478490568897502,249.08103319062346,0.2656293960962193,312.7351892763991,55.76694247980923,0.209
-88.61638513022187,177.06847370153307,7.392015862000562,24.30484356358352,210.31540920926943,0.30786793118413774,112.33246519836251,75.61906493821667,0.238
-88.93310126686723,276.64840643908815,-894.3062635259857,1.3833062682046346,186.56192425022462,0.32438408187719636,171.07499094825278,14.352266357051558,0.031
-88.26325319655949,79.7930332623213,-1071.4516014994776,27.327838847681054,91.48693114849904,0.9621070744884779,0.0,66.45133568587653,0.822
-88.25453221741306,97.0164180480108,91.82660339786185,15.647117732084855,116.12711151614722,0.3803999011993473,214.71677837498382,45.40033213924892,0.086
-89.88116967856682,87.37739524748994,-124.25186141550807,14.832699501465985,244.02402123711104,0.258022814116485,268.63464501258215,40.56862165791356,0.164
-88.42171201768193,357.0022990194041,-678.9352384038369,22.06624631596515,239.94487243990602,0.12773546125012808,155.42259206373683,48.64232925112991,0.122
-89.02460615954082,71.06534414299531,-821.4263473504136,6.3302360899572125,205.5366594945625,0.21912478235010074,167.62822007030988,14.426913534198064,0.201
-88.02120297152304,207.18727810780464,-706.8845675757127,21.54164514190924,123.861630955417,0.2804939668529701,227.25013686347097,52.93683497030894,0.139
-88.98185905583668,333.09527099650717,-1520.0459471060208,8.232245302621447,139.09674554492136,0.20584695744001097,259.52501207071055,25.118935463376502,0.235
-88.02489770376224,52.88276479600053,-1244.0811597858567,2.7495067971033826,135.74733502258192,0.30976132832554937,340.11528027229565,5.681003180298404,0.217
-88.4663182137091,349.50751123237205,-1921.8537236756342,2.0224372089306577,182.74098791417063,0.3646149941223865,243.60499263142393,22.191838175975246,0.227
-89.42765071923472,341.09180438242487,-1466.431820591135,17.670218329032267,139.09254243027797,0.3315676373146396,123.99227448653296,45.87545187489209,0.25
-88.87704953935479,318.4459153409745,-1493.3071029351463,2.545316600053418,207.41207861618776,0.2927974060291912,191.72983062089293,22.287814973428954,0.252
-88.0149422849907,77.24034767880082,-1708.2442956973318,28.10076123189649,70.72999977991677,0.7673412304330929,0.0,55.04221104333217,0.974
-88.27069184527134,228.259820163954,-1090.6027978812294,23.892834534396428,112.47214478597176,0.17633904573637402,163.60030514383746,65.07810434757148,0.029
-89.71500290179668,273.92093026604647,-1459.1846805604619,25.33439166032965,79.04448887503303,1.03694011425787,0.0,58.24275792090728,0.986
-88.55789320606101,354.9700541507147,-798.2122237184209,13.247785796774119,136.4360231315528,0.18788587214145314,179.166605792865,42.791361002798624,0.016
-89.24339878684546,64.95257594929335,-2497.856490635012,14.578616172949594,225.48391675529479,0.3802070143269175,172.32722078550603,40.23157471494744,0.226
-89.88673370242735,275.76932382694673,-1290.6838352858397,0.06288145755722496,159.70636119721706,0.3721933470959984,342.00474023661144,12.392045674712922,0.028
-89.13338615884871,121.96842117376066,-1094.7586878580034,21.957835101574904,157.4067551974291,0.14674791499107387,245.98965653622716,56.18825540454128,0.295
-89.45396659872256,63.22552760448084,-1448.5033918695044,15.798334550370853,111.65442700894947,0.34678606635826603,165.44470731590943,39.4709806101841,0.188
-88.3441483860111,151.6956988369878,-1337.914159847385,17.673056252922603,248.2820576092224,0.31087440902672214,168.96735641752718,42.11353882149793,0.063
-89.25907184319306,285.7809283735019,-2468.196808583886,28.88311811452882,80.13065146316706,0.7770781906998099,0.0,65.96043528158725,0.933
-88.32770498148776,167.34592933345877,-914.8183162644063,5.9403701605249,169.1822232660387,0.23899197058005361,321.61895630552505,14.521194279553015,0.25
-89.8988639162139,193.50831607309746,-681.9152139463437,10.738584501226818,123.52699662458747,0.31665231142431494,269.75780130512794,29.073617483986574,0.062
-89.31514361495037,358.25738767204365,-805.1701646369866,15.266709215421677,207.88072898114234,0.25536517603851294,207.86170612870592,37.04946116212515,0.166
-89.44178609281526,143.67934784067336,-369.01835244625363,2.645645945412932,149.58226579887145,0.12082014900770671,291.14350267218566,7.811765127477919,0.011
-89.45622201396964,221.54427169532633,-1038.7763153739984,10.124011787231602,248.35931457257405,0.11402942492103031,334.3454728419846,32.541354953059574,0.239
-89.77044542244563,131.48791258153386,-817.0550554792503,16.929498104669694,243.07663028090522,0.13663343286393576,141.55014184157693,43.89758336900327,0.066
-89.54446388622006,141.40283267833377,-1075.1274092345182,8.745787286271689,212.9415350323904,0.18885731915572507,315.42641207913016,28.721786189129116,0.122
-88.84445581721732,250.43067124034692,-649.9594243260046,25.089894097291122,60.96092003198143,1.1212712779039342,0.0,63.66704215189116,0.873
-89.34641396160829,337.639311394158,-2461.7837089056975,3.1092456181699397,124.7887407435268,0.3184980006117701,191.62549058916693,15.029190950232909,0.052
-89.10694991357462,195.2492221772357,-1914.8647743824088,23.227712402333417,149.18815047511634,0.3147768204766373,172.94652734669287,51.761842738216295,0.279
-89.18395292734034,276.6239744215607,69.51972562647279,18.61185474816005,145.45406043076508,0.3914183739548116,241.32753651962187,48.743419612857416,0.146
-88.2357806425002,32.114361174106975,-3168.348657676964,6.311714124434092,120.08177218430235,0.19311724763271887,168.0734447269496,8.012445203663951,0.077
-88.17993190188002,76.0168934754937,-1312.142343860275,2.75591431770002,246.1117237160038,0.38153562513417794,136.344326324999,14.971353177963984,0.223
-88.96338175385387,180.76739073103167,-262.18003231354544,8.802826172424517,118.39637213056514,0.28385518104632057,338.26972639590633,31.43149546171302,0.269
-89.27270369440035,7.204220506358925,-1274.6085324334117,4.04824987586166,229.93644655920616,0.24859261329703616,222.84144752335655,23.331126063771432,0.275
-89.69707866239551,91.02779235452117,-1524.008857160558,22.47176655002997,217.5425994407575,0.3003524133439648,218.06402094005705,52.29631698567445,0.135
-88.08853452917403,186.2644643369878,-1096.4626585477597,11.439142737213258,162.62139224600432,0.3108266354756761,131.52578620601935,21.671349315880068,0.114
-89.78556880468945,5.386031372268256,-1482.4961440019572,23.629808803918415,112.63303076817186,0.15157870865777245,226.0382163083802,44.09328830771016,0.279
-89.33446447262027,95.23666304137501,-1175.3204057944486,5.801289293754479,110.85342669746173,0.32551465106057725,285.708253848642,24.792839121940823,0.025
-89.333674217777,185.051095011313,-1746.7048292161037,19.07106160106563,138.55913769714925,0.31755182934009296,162.01157587566436,46.37220788659855,0.228
-89.2912375563336,206.33372927324845,-313.06046403542064,4.825013979155784,179.14272120473103,0.39925968518463373,192.222164295296,29.736523334828025,0.061
-89.58785499778243,333.27060949991,-61.38806314747126,2.34424993790161,174.10739694592118,0.37358433420174275,144.7288221459824,7.632981701225734,0.145
-88.41199328124497,232.32442437021882,-1306.712257689298,10.928727828293237,191.94096071908984,0.3053980695052875,188.76892827069685,33.56913517321282,0.287
-89.66725406226463,149.30488891079776,-2309.191536552995,5.350334886800034,218.0743033525067,0.3137091139289959,315.3203875001394,29.012427949912826,0.179
-88.693677347609,334.9264237679044,-1619.0745362507162,3.428221490372124,162.8296460804288,0.3837956901503756,159.26501769472534,17.888752629630638,0.162
-89.66469254925896,282.55787401960595,-1347.1909280823713,10.176852992830067,132.45091737130443,0.39015348189525256,107.38539950424594,22.394030027204142,0.028
-89.76598228857338,72.00321160058914,-795.5688984774335,13.064354164312888,222.00684835597934,0.34808955916453826,234.05579730307687,49.99176474415387,0.09
-88.17208394299684,47.10325008557512,-2006.4105785365423,24.683586114960676,156.57669538636952,0.33021806365214834,244.87306367016092,67.27010951515227,0.011
-89.53875534399447,243.29218886738386,-1815.3298549137205,21.3680567713306,150.1634656910691,0.13340974700946734,182.22768105235747,51.59988346320246,0.264
-88.33962470633656,201.55793960771416,-791.4590897129541,24.199431992328314,217.00368538009295,0.34909665744419077,260.39218561992504,62.493634372411435,0.197
-88.86520134489645,284.28250096539205,-448.87293436835375,19.203574983935084,240.77952133164024,0.17595870353673715,109.47550678470225,52.55545576821501,0.044
-89.75207261274335,265.96981802832715,-1697.2752361365474,15.326127589499748,238.09457948150597,0.2691352888057639,185.1434394564788,43.86111060332929,0.115
-88.08464843626767,225.0761521887054,-2266.5736431607966,0.28944906471892473,129.241939620005,0.22161174113135063,136.1429676035217,3.670174255929771,0.245
-89.4307737827154,355.0975817864012,1427.2945610303072,13.498721979352744,180.44214148570194,0.2036821901911723,157.4515222553531,38.618232064303754,0.051
-88.26667384383005,192.0923028397471,-573.3566103290292,17.967937773308144,123.00183972194428,0.19307500044011805,195.63359368111443,53.23945405457833,0.077
-89.57926098900933,40.71807234061914,-1413.6030094136254,26.574379493704363,56.761899067468505,0.7972123373680888,0.0,65.67139506616246,0.917
-88.27750852393048,298.1784833337558,-504.7749795753282,18.862885417318136,140.1319040227575,0.3307408362015533,123.29986865040523,49.71152584617408,0.052
-89.87486525547995,90.66721044445524,-1299.5653037715376,24.403834346054218,137.64014046720845,0.2570346257226105,125.32979549079747,56.12354684636627,0.121
-88.927617132518,279.82877333181057,-506.274488719851,1.68002108634761,234.44399422090714,0.2993441481593371,268.51121444858353,8.840148820128231,0.295
-88.43805909909905,344.5585545600185,-1072.4854417790223,8.735823738519048,245.4990777170751,0.39535838510320276,201.03310067942576,19.60906054539064,0.168
-88.12388851676371,250.84638502716285,-1126.9824814659414,16.293507136612707,207.66851630133593,0.21926054073338294,144.13048828867582,46.37433726286392,0.213
-88.17251594120768,214.5708579419284,-1290.8654945846308,23.609526907425614,126.94070471789149,0.2653301818028725,158.72926998838443,56.11463214694468,0.202
-88.34271274785948,165.7390232430146,-2357.905066770472,10.547713541610804,178.01978547569433,0.26005711377234564,280.01406202077334,24.388529025491266,0.071
-88.21243643564353,131.18755175834517,350.4759195145118,11.175540408508466,224.32471316862453,0.3807917125455206,112.93971325775323,37.23312414955258,0.255
-89.52148259690956,127.08171034986105,-1953.2271362141946,18.871403060029788,190.14680571915432,0.20546872528325777,227.18577934264692,44.80825072239345,0.045
-89.36004983814772,229.0941740554526,-2288.0188610484756,0.7412917285487559,128.56327966196685,0.3958764250653236,190.0803101294643,7.193258955889893,0.277
-89.35095980265,270.4583220975885,-1370.2879062050938,28.07404549823429,78.49553261611322,1.193761739146201,0.0,63.6668509279172,0.83
-89.18359753109678,244.26614501438917,-1969.1774508084054,3.2086390689231514,230.97983461687272,0.13267211059720965,297.5267548572083,15.45183183864777,0.287
-89.15269072626815,71.42763642968258,-1241.370232448217,7.185894235593032,183.78408291624768,0.15741206357261683,272.30040798508674,26.66189882376038,0.241
-88.86534488315613,177.83538485165684,-649.7889211505851,12.100670085225806,208.81714832733974,0.22786640255926546,196.19593458769327,29.82477221550506,0.06
-89.59622844960377,284.9904259859027,-403.7576795766216,28.98458702375565,78.25421866815077,0.6797115072240194,0.0,73.02104342497734,0.983
-88.58663133880663,171.25346814806025,-548.2154227026547,17.8645313033361,184.54798160863783,0.2550475660072059,259.9621865991994,48.15021054865147,0.035
-89.58162357532144,193.1843807047778,-1444.5056438285442,19.51090543003633,246.79443965427686,0.21288345297233338,183.04996789996008,46.448497130277204,0.082
-89.31041388400136,277.608977341496,-1160.3265378707313,12.413857623071143,156.15842517553932,0.2686099797120327,319.99372025342325,34.02876619327628,0.201
-88.94364425184831,238.05551025543295,-873.6967592820072,10.47622502728823,204.4703938511584,0.35164188289440046,346.21438287028565,28.839295334116954,0.161
-88.38676293310539,147.36417151766133,-2606.229939153658,3.449093695931156,134.15077800733218,0.3516793082915439,178.60999286142112,17.22751103604079,0.188
-88.49500845684642,322.34857602991883,-743.5322399041123,10.593862579041861,127.04358393644667,0.31786836645466926,300.306825267578,38.787094990273204,0.019
-88.67348472282,58.52414471885229,-2365.839430067065,13.962723384408633,219.70961557626418,0.3857345374730028,225.22706662312612,35.76076517610492,0.033
-89.60403080489768,358.3859214925169,432.2772791251914,25.12549194340226,51.71757107246872,0.9914244587852113,0.0,61.19831299576895,0.763
-88.8606138433304,42.786928251445396,-1523.6120677133563,15.441337048280655,203.56363734891818,0.10229729129622671,196.64072621055004,37.3897602349883,0.256
-89.73385164658022,5.381989597526005,-1347.900141755673,18.235995270520135,132.1474172562265,0.18727888984364732,173.00632891390865,49.13176576205525,0.114
-89.18300996408637,320.4068044135553,-1815.7656793902843,27.8371754563954,41.9733824983867,0.9379877427206018,0.0,67.05638418037762,0.763
-89.11431859244908,88.18326301174419,-1703.9760254845517,15.28766851441058,237.56459913331562,0.2641978231910104,285.20376047972445,47.22342597220195,0.099
-89.82435826505308,262.69186588081953,619.2748553145918,10.773448996923804,150.41856683196588,0.37146684141624464,210.1757325277,27.40094656552898,0.129
-89.37942261100706,291.965534975545,-447.70424910136194,3.814751943499349,224.64047226759646,0.3514344890629283,287.8911540007495,21.082380491747656,0.193
-88.08426601219367,309.23510077156203,-2439.3619561182704,32.222125629720864,44.045459357032016,0.7536472436332742,0.0,80.76466902128398,0.767
-88.08809804512359,356.9739248391,3.3703205481835994,17.265477791536803,241.52475970528084,0.2558170707832208,166.83437545311153,42.342866904331935,0.27
-89.23057859692018,105.85429561439966,-245.40617988685472,2.563982840806691,238.02340779718043,0.2977445906286885,144.03307522799494,14.493197685938545,0.126
-89.81810979299819,255.6876030938133,-1424.9699698306308,0.28832332198763133,116.05684430803032,0.3962534621893443,309.07479784135586,11.530337311048118,0.063
-89.55971961527646,41.543948981098154,-954.6424463761299,24.530637269289127,217.85795816143718,0.1093908458080924,302.85155325460926,57.878381201855966,0.082
-89.15478619247628,146.4513448884658,-1211.9552635368593,1.625583035916744,133.724646432817,0.23916319503109593,349.2156680166777,14.137762052242266,0.145
-88.09921857385847,305.2698095925325,378.0639235575459,30.53834157502221,40.50967562011465,0.7082850313830665,0.0,74.44386429710346,0.766
-89.63172177927936,132.35689658127902,-1837.0321511936722,15.564627970907111,174.3783297264066,0.39316173910842855,235.09517169934028,40.55937561468558,0.262
-88.44931989703039,212.79433699282106,-1083.1915121794184,26.22595197789977,47.83047340817592,0.7459230566241676,0.0,61.842909971760726,0.823
-89.69350317518808,181.35843974086825,-1542.5162647942439,16.868948111619645,155.61196065586887,0.10000502087738043,245.6350155480784,45.071205183788024,0.011
-88.03561060295658,232.54255120033622,-2346.4323236942837,13.18594423056874,190.5536711775893,0.27602037548570024,277.6105067011394,34.37604644995764,0.262
-89.17492865169265,350.2419801795702,553.3106040439898,10.245415649582371,133.89217198775913,0.36008165523786717,134.31530367694097,28.742264987993273,0.076
-88.42705437609179,20.064789540504762,-2145.25326328193,30.907298485940295,68.9898721700302,0.696406570981079,0.0,67.32029553189994,0.982
-89.24907694265886,206.6261463005867,-1023.8966500097793,19.070588584012036,189.97141437064684,0.3802809894501311,123.25801354540135,47.93046990513923,0.17
-88.70742913339826,310.6903605301025,-2592.560485104268,2.967963911045487,182.43813639472464,0.19981073113337894,195.01495326694533,18.174677087698253,0.127
-89.53516943899393,173.2977762294339,-1519.2564313944745,5.189099560288813,206.5515549706295,0.2830603959917708,182.23332196919182,19.032512422727635,0.053
-89.62256006333578,28.269786938966213,-862.424942853234,13.772972131473084,200.97508867549544,0.31661382195449056,318.5007813401622,33.67838901794238,0.205
-88.11767813482055,201.79416687003751,-1859.7871836018903,11.989288664625859,235.64809323275375,0.20362472934860854,120.88156860702445,33.4974939228434,0.247
-88.15647017198158,119.54660069657535,-730.558519411476,3.198680373755092,174.3256068226164,0.20566192360578403,210.67653673782004,18.38279996518998,0.144
-88.21380901359552,55.77904272165692,-1415.2328735104659,11.446064745176644,111.17172645701189,0.24099844890513225,339.455609551761,33.53197594234624,0.139
-88.71167644468348,305.6524247820503,-271.9339900811095,6.260653669257998,198.29137542355957,0.35056702843137255,225.72593697799863,33.66905720037739,0.229
-88.36429039868908,187.77582467680378,-110.59126932782146,12.092900683066945,204.51854014445058,0.13025523026866853,133.100021894028,30.90372181426585,0.155
-89.76882981986839,335.979508456464,-1669.3958085840093,19.25923611648402,183.00929851543577,0.2894438156196375,172.8167930837086,47.76688774116833,0.238
-89.26390082040771,290.16594165710484,-1138.6137124856346,26.926099474640356,54.164449763232085,0.9033570092754226,0.0,67.74868627599336,0.954
-89.30396406296141,249.46984575852025,-1053.2366188222138,21.088890363692872,155.30173385306136,0.267361827996741,102.99736964068289,48.70438147300064,0.259
-88.69227388829003,1.8091812115122963,-704.5205636522412,4.785592501697945,130.8331624467511,0.3807515162126869,342.02508160481773,29.21227939106263,0.086
-89.22368023040579,154.01644438977,-1188.4944030045874,15.689151288291944,203.0375129538969,0.28059721508036406,241.74420734745163,41.40138292788515,0.059
-89.617837114877,71.09506139473163,-1047.8312325257261,12.63107121492024,144.326100090174,0.29037302532311127,276.0347952142821,38.06786136869626,0.019
-88.76671255671427,327.8872479775924,-1394.7251798360955,1.3212895463090106,173.88422729978868,0.2799280083744521,224.74027707975392,12.737647271297389,0.252
-88.35267055072875,62.8502344834897,-1107.8081064223854,15.982327846922724,178.8271822856308,0.31660563247845014,339.48105006019887,47.05784541768991,0.027
-89.17396536052605,102.98161859734277,-161.647845171894,30.56672337917714,64.20822972402772,0.61668959735864,0.0,65.81922426161373,0.819
-89.6486894413129,186.0612363844197,-683.1334070305165,12.32426604187004,193.78288011519382,0.3682828970572921,265.4959231009667,42.507769722229256,0.174
-89.52629242510564,94.81090283930853,-638.9954884453048,3.9418267972540058,114.12351924962024,0.11274769687571598,315.2093908596214,19.04224761937577,0.213
-89.44878172017818,75.55128382048362,-621.5437406915374,12.30268671108619,248.55554929021233,0.29222318801619473,315.3891642647284,37.89766780657711,0.22
-89.33019457331038,215.6757570369909,-1323.0470223048285,0.13712198973250267,210.28346635139997,0.2846442796609324,107.04283720544512,6.582367383315572,0.095
-88.67868936603801,32.01462819180859,-944.9383651363758,20.636055068862877,169.55428945182678,0.16243633822799605,170.82521933586787,52.95832520646339,0.244
-88.75820357937833,20.9403931395329,-2068.1389426685955,17.24864991725129,136.78620424063422,0.11221329210524097,161.5795331032905,39.65735002544338,0.284
-88.57744826302263,134.0083062669857,-184.95387494643433,10.290899465252567,121.22482514206988,0.14165061911443275,101.66122413035225,36.46002108371874,0.117
-89.21124622939013,259.43920362283046,-3426.3683458745763,8.688357341441789,204.10665888765706,0.1815016164853665,319.19563767307443,20.927672592259185,0.252
-88.33440446142804,199.73043297862128,-1269.71871386834,9.877656983844533,154.37378609419815,0.3646317071677132,179.2850174294009,30.526181056783464,0.234
-89.51223344380406,152.23552864804037,-287.2832182797806,12.082744943423204,142.12698415498153,0.3567203212539971,186.73818403163688,32.22335931107397,0.181
-89.00882257971551,203.67056312084966,-2291.0943469034733,4.277649786584578,163.1936141957267,0.11915667227981552,124.9055987057337,10.74216013555921,0.117
-88.37821642907129,131.5625344751785,-880.1760659065192,1.8775308100143686,193.0092322930794,0.18678040240920546,347.43032228733506,9.07826796929696,0.13
-89.55769856930803,337.01268075556067,-1744.6131572632216,23.38698946694648,204.03873033576016,0.36679487297471614,306.56278375027586,59.02194756781533,0.099
-89.69126008389252,19.765760727878757,-1495.042612151095,8.145990235030418,200.32380970963422,0.17099770853338608,242.96557827967683,21.809195481339586,0.134
-88.22100046139282,242.42093245074068,-443.24723148844976,13.670431041691442,230.8571816888763,0.3987895911462661,292.98258892277613,33.99500925766194,0.297
-89.24843364075753,320.8617593379902,-1041.5544592918798,14.852819511674943,140.62604034981615,0.17705205873619198,294.2782751808867,41.572361887551075,0.115
-88.60064676267284,289.39849514469125,-2827.48469430749,15.220204796552139,199.14446284759896,0.3217339770012999,264.1828256370153,45.01461717427638,0.203
-89.85183765189852,66.25477253572083,-1981.1404317852787,0.26182002901575885,124.15601266605317,0.2251177520714181,143.50279640469017,13.827522663018321,0.103
-88.58891091202204,106.5334856329038,-419.73141208899233,4.758401645518475,186.7108565858849,0.1408733656133574,280.07871459206575,19.283918170671736,0.145
-89.29940750806075,258.1372579345577,-840.8458254456019,6.113074753080079,191.75417634855398,0.17654638399864117,242.40435423882286,23.31434482675521,0.034
-89.79409237818386,30.337401305075595,198.5084580194275,15.957115324169532,140.2732218507843,0.30253542268643546,281.01797687032246,42.50795940048491,0.231
-88.74135575305858,292.27021193973025,146.1180752106377,4.72050132525687,164.83703819877314,0.20111692061093503,235.86330347144724,14.259222767778263,0.202
-89.44247274946098,258.8065000577245,-1473.7961041174335,8.450786463007663,225.80700454173234,0.28123846618014353,339.08426551718827,28.298768379583677,0.111
-89.16506624010142,262.65839372472334,802.5902440555906,33.27297413749568,49.21156972869324,1.1765845287093444,0.0,71.31965053504541,0.859
-89.74689645665563,36.0868932963329,-1180.4162641184714,6.454238848045357,170.8308676662176,0.23457429165484026,243.42011061720405,25.97985840279732,0.263
-89.6203898229196,258.3937961338431,-1970.1348275272203,4.449660040895014,240.58262996960326,0.2536737340852677,310.69705374629086,19.574998284023696,0.023
-89.3338432525579,244.73452507918918,-1706.911892728462,30.966040685739284,62.99283816296624,1.1661331897382279,0.0,61.11108103044373,0.761
-89.7294569489357,299.1320966958662,-3005.380084231535,11.554013280047766,211.51871965666018,0.15937540940517816,178.9484162969028,38.00361244732669,0.147
-88.169430097096,14.974544252329022,85.61520659942471,4.940148345010894,225.76124553777714,0.2384660573820213,225.79220836122838,17.270137970783022,0.259
-89.88851061795044,8.31984064840519,75.80959123509092,23.687689170111202,138.52841247836895,0.30787016816170915,246.11687785325904,54.3513583385587,0.26
-88.9806655841578,134.28255595628187,-2012.4059510506568,12.552304364811112,140.55041297461054,0.38947169884775834,155.12053126997822,39.88412644097576,0.027
-89.66582982954816,53.56378218569504,-1382.3074307055247,8.51691604955994,216.20280385377367,0.3368564861433849,270.5703783604407,26.217522191120075,0.237
-89.3154097299919,201.01841192527988,-1123.513964709938,13.92368927037511,215.46294334469613,0.14844114445571394,300.593674286587,40.83443940464798,0.223
-88.14048683634529,330.2456045424296,-1968.282441713691,5.4189119061723385,118.42566488954667,0.18181055494106202,244.32995757705783,17.571045582009834,0.023
-89.59278034877943,140.93270292024567,-2604.081625016929,1.8250893711192155,155.149753697295,0.12364716863600501,230.74089051601314,17.66852499042162,0.283
-88.06491859253516,304.1821358181375,-1368.2860830215295,10.864030723652517,165.79454886718133,0.1406948572780234,173.66055726109528,32.71406324584061,0.194
-89.5089906837201,0.08671482643193063,-1456.8635435673975,1.8900303992399294,226.06565648596154,0.17520488946053428,327.39575595404165,15.80464410423534,0.059
-88.49102439391302,60.66527164530632,-1510.7289927910201,12.106933117964804,169.06071576016325,0.159858209889466,288.62493312372584,33.32124814603451,0.046
-88.86131319669511,10.952474275470824,-1021.8271499192283,15.54406567474339,239.63004465645412,0.164094775229991,220.07171697152648,49.23698101870124,0.173
-88.21949041756616,118.13298498542471,-56.384273179206275,20.53060456051611,249.5250887996896,0.16923106793178644,264.7767284537982,60.413425157669096,0.027
-88.84741281454406,326.948254450741,-1442.474175753381,23.279249855168274,219.30166319720894,0.19020360873508343,184.2198417020897,45.539913642395845,0.058
-88.88433748360302,34.90276449563559,-1063.6456010229097,7.942634983677483,203.29413653941606,0.13767582058802763,114.95435628447248,30.517048675896795,0.285
-89.52862979930005,218.30751962776813,-618.5035810040512,16.994146079390696,164.8656032381972,0.1833504951454885,150.98190345471602,38.589588957194415,0.226
-89.58416421210185,162.5385380829999,-756.685658789801,16.925234462063564,119.38552244728467,0.306523548184617,119.87203251272435,46.39885314163259,0.188
-88.15867061288053,337.8485564516925,-1691.5388195582736,15.278187158159838,190.23942589545828,0.17092029994763736,227.0439203996844,31.667993913082753,0.071
-89.27710742218494,44.106891313353785,-1122.8983015087713,7.205405890495415,160.63868677615872,0.15155152829580623,255.51590774420012,26.427002888487202,0.073
-89.1930437155705,76.33002618080242,-761.9681438647574,1.7193218753588937,159.1257306165281,0.12030869865533825,195.11157306578255,9.257456047723693,0.139
-88.45633504898606,10.635108700137579,-2102.681070008622,17.020018890665597,206.27929537932098,0.24999144585911154,232.53855750714723,41.74593253909393,0.229
-89.25623538339667,156.21668986729455,-189.1687913627935,5.068625621930501,174.909510203529,0.35259481836168294,121.35872349574217,17.97678037080468,0.011
-88.0910813513859,100.01984384327554,-54.728875828711125,9.321605674316888,215.29313826800302,0.11770499327912254,292.48960572121973,24.97045774597572,0.023
-88.49793723890228,313.1661362005155,-1778.224204355595,13.536310156485982,165.74425117595308,0.2626978081714448,108.19551186015718,33.53557780306655,0.262
-88.7648844391105,217.7786927511918,-1045.063985321465,1.3640242335826347,131.12087396811876,0.2951856746267495,258.60639589145126,10.737977675068857,0.246
-88.22629919496497,221.0726656712526,-686.1773946631747,3.2286606155257545,174.5886536666345,0.27773849703365316,208.33663542167847,15.687665280630366,0.211
-89.80574877413599,191.48785087726887,-1636.491325063002,22.96724207629284,243.14175200555087,0.36328696106975533,145.95093661196324,57.550143509641316,0.155
-89.4115808848405,33.06612140251236,-814.7089234495245,18.88108024404269,222.21344807631817,0.35991867406256906,230.7639676809609,57.06570596835078,0.052
-89.01643096498027,160.2067261411279,-1069.3954989662677,6.460653161577577,138.80489571027135,0.1171922777585378,295.2370572418819,18.186926965292333,0.04
-89.46874077500411,359.82186829506594,-2374.3345421110407,19.293697951297506,164.782070230292,0.20828319076710608,203.38060366766916,49.22093934495273,0.273
-88.48658014412591,300.6825447045653,-832.6709472171535,20.876229633803966,239.8908933308753,0.3012489491493259,191.92725640103362,55.615721385241024,0.121
-88.15350474099792,321.6452595001617,-2080.113933016829,10.393351516252785,127.31786822171931,0.3857333966477593,135.6150965888857,27.242243270714326,0.212
-89.09483677213125,296.3614893287398,-448.63771867036223,1.8437814421369012,145.55303386109102,0.3414054389359157,248.64399640712733,2.401212890154243,0.142
-89.2499480597874,37.095009635153765,-1736.9688601071111,9.920876899338857,146.7111704220655,0.1529767931601458,307.00342849714775,20.29536422382109,0.222
-88.07305360893862,81.88137146332787,-1329.028346928916,11.021075948278638,189.9306025926777,0.18376265132418984,240.335387569977,20.939703533233285,0.066
-89.05478037762768,1.1237944883074658,-102.17686924273994,0.32454390830225854,167.50266475958517,0.32907815908712157,141.27189055066552,18.34967224006252,0.151
-88.97080803914636,109.26364495612013,-802.8946827769239,15.67046792929968,121.18189435948199,0.2414424541818027,265.3069575570373,44.41171231176651,0.119
-89.23186524255038,39.09866484473733,-2063.5791356596364,14.798118543023554,198.08540364079198,0.2641907326066463,107.53544117709215,43.37611389020025,0.081
-88.17185790127694,170.2056043085699,-2011.9332566392668,16.450426998941868,123.87090103282102,0.28269394605271214,309.5134870821496,47.80789435936619,0.183
-88.81898458176448,243.76589588660468,-1679.4422308989804,14.789230971674435,194.89809047707092,0.13098745531772182,330.37379588253134,36.70110840900313,0.166
-88.45186828435487,314.82190621370773,-884.2847333146672,19.298430351149833,180.9811732316436,0.3567886100299763,249.25912246479365,60.112084192733136,0.154
-88.35756723513332,269.71817943272333,-913.3601480537855,10.206719721269685,179.11361250154374,0.3589403318130182,320.4450001989261,32.09077240792776,0.181
-89.25048682035721,337.8908144802619,-1874.4818437302954,14.017851073709533,119.44947434189217,0.2404718332385102,121.12639477440898,37.671839563118574,0.051
-89.07598077049128,19.403384541763966,-2133.767588491487,8.02259715754468,199.49086256369503,0.28805356555019895,157.08612353386002,31.595203388074964,0.117
-88.2879036286281,4.3847407499549185,-974.7332759313326,6.155007843780497,170.3848362025063,0.2979712360076471,179.31515924786146,25.646515053462117,0.104
-89.20981483181596,238.08172098103657,-1345.4880526321294,25.382496307620755,43.755729104953105,1.134927269998403,0.0,67.44022226426571,0.989
-88.39152324644148,104.16686768000864,525.7727099581898,8.437687015264963,193.50319549859515,0.13377544853988382,221.05996125852732,33.84454025402409,0.02
-88.11211458710856,91.26036579807833,-1170.7170747495368,20.76759989154264,194.87472839251663,0.10620188392112509,187.08686547679054,49.768967068448006,0.092
-88.71590029117078,119.11935156976594,251.40226216021983,5.794591245543394,112.10466140667839,0.3738645480332804,139.51742479004096,22.524306595605083,0.276
-88.49090815384142,97.1265808412511,-2136.3068784834722,4.49961822356879,127.53162616844892,0.20371398668340743,302.6607485808579,14.453259613217128,0.097
-88.37031510712184,184.1171062685714,-2458.570351649366,14.61577484065407,143.1125509182609,0.12574928050330092,105.13085514221753,31.09013882190087,0.054
-88.29442466709638,158.4534410006877,-2096.068106020428,2.896096123510027,204.91682666843707,0.2397399935493915,184.31761638619435,19.97617833749326,0.23
-89.14939865807209,184.47427849559628,-248.69617483722698,3.83976928053797,190.74375778414503,0.12268753400385256,160.6939013259954,22.46471788085174,0.024
-89.80259942756561,242.17690014015702,204.88127175482714,3.5086035348700797,216.0680785338655,0.1255752258420865,132.25258664999265,7.106007370183608,0.134
-89.1364350846502,139.3669832296134,-1825.7435631621072,9.78601741814905,213.68509277613998,0.24666560371135757,143.01037442351068,25.985994520929058,0.258
-88.61986316341023,90.47076737117645,-1568.452823807646,3.958623118393115,229.4456016888611,0.25265099791499057,223.4492640340235,18.197663224720365,0.287
-89.0443342670165,59.83219325114837,-2135.1847281699997,28.01118685639269,57.9545038827458,0.6493449259732407,0.0,66.77931242179002,0.798
-88.47697001336525,125.81068303174519,-2649.3118776947094,29.97016516497954,70.06058798469583,0.7884223721716993,0.0,80.16533488536618,0.802
-89.22173338400954,267.05033108862193,-625.2706417786962,8.219935227480633,226.34215642748484,0.3004802110537358,281.90509255683986,23.305179867238202,0.175
-88.69398613190235,272.41376764012904,-1021.5837576302695,17.443227047657363,143.26421474140582,0.22989900626545529,323.08219092204655,44.02992171894894,0.076
-89.54580237077745,240.08593920631571,-1191.6096138608996,20.586634390775746,174.56413231430497,0.2930599175612129,129.61551798690394,54.422555652119634,0.054
-88.47619807037458,84.25014311047485,-2320.045229730704,17.429852023911053,137.20559128311496,0.19142192686435477,120.66946456208962,43.10868858828273,0.134
-88.86317765925526,211.71104850769117,111.96534546292855,5.418865069083054,237.93770389948992,0.23239245734654143,180.08866375116355,18.312849485726787,0.031
-89.51227766176146,205.44827816766528,-1602.6853904395784,9.559044378414585,167.09242183352757,0.21799811455968415,236.57528760341475,26.182789207863273,0.269
-89.34536877035417,174.33583131950118,-773.0988601468193,4.517253452223045,139.74816575231597,0.19873300036559094,124.97183759647962,20.19940817922563,0.107
-88.47764345369453,197.99243509819112,-2363.649124195779,7.797359688411714,206.8818746796477,0.17157124768328988,278.99294606027956,24.716267162378376,0.108
-88.98305765224312,177.0446277445205,-1352.42015169603,0.09965028667176057,144.250254949467,0.12353770016226197,239.02355448305545,13.611700427086344,0.239
-89.48954026325316,203.56429178667895,-966.9004350091329,10.852111783654497,242.09050444383126,0.25177314333570877,287.1153261445247,33.4915142686705,0.109
-88.06218473829644,257.58214366360636,-938.339825557354,3.028017113050698,161.46638207331762,0.2611864558617685,189.47845060723296,1.4790852036918167,0.231
-88.54126246234792,39.4661499852383,-1076.2811654107,9.998654457718624,203.04969969425719,0.20084651323061703,200.27414206437948,21.239676043630904,0.063
-88.08144381817439,269.86527077364855,-804.3820063609819,0.48581689099764525,158.33429036203788,0.3927531589106338,301.89289141484,8.467820206814839,0.163
-89.08850041381535,48.91901404593391,-2104.416364826369,14.068163617914038,223.01438161908632,0.2670883630919375,166.7523641322354,43.03634018235897,0.233
-88.99730935268573,23.986079427734893,-1042.101915648272,5.205804390571093,235.5691837431886,0.36670315567457146,195.3542319669388,17.153216580574778,0.14
-88.19388508924847,351.3886870397283,-1108.993853215778,14.905803478745375,220.30857031807005,0.271025592856486,103.37325029838587,41.68456271527685,0.031
-88.90240625353377,344.5170367933589,-1014.6618526439513,22.81580728364782,228.7898626218528,0.15697475589149834,238.83019326333772,58.62409324593871,0.224
-88.55617006737923,21.757156178603058,-1142.1238261446547,27.89446936104708,40.61256670596952,0.710347863115569,0.0,68.49027001348642,0.95
-89.4208715327585,159.57123893098637,-2218.570219130718,13.280045890204903,239.3690547846293,0.36560050313471437,106.97282172460156,33.82297038077423,0.102
-89.05121970946499,67.0481777879189,-2254.239801687179,3.658059061262172,197.40210204253924,0.24138210353130193,253.44742576877735,11.575680576054129,0.298
-89.66544525496033,174.72416296839052,-2971.414548707641,8.969139228879861,231.69045450326797,0.17291736754219433,311.36213319798395,21.37715652725187,0.264
-89.50863793183377,298.86380747985146,-545.9723921237619,16.60327818381483,205.82114698595817,0.1668008848794553,223.48297116931388,58.06123238626804,0.021
-89.89820751099151,342.2202389074405,-537.873992211841,4.503545041545294,138.25867359611945,0.3418061281498769,178.25541026837539,21.28422156907788,0.182
-89.82539640186755,228.33095524255344,-525.1597670223038,2.1790759319978434,195.3377142303947,0.12073558343537782,349.1459533097161,23.561066415721804,0.113
-88.04316073596384,127.40604019625414,-954.5680300308386,13.3035720265711,122.73247356123974,0.2914181144240647,116.20780639917649,32.441592744098074,0.021
-89.43952797924015,217.19720363205542,-2906.4953741744885,12.848882415266672,207.4012242305422,0.29204047706255065,152.60586994888456,41.9393570473121,0.013
-88.6397096519424,112.32047019904212,-2021.3683934282128,15.77618406420093,167.26015975128018,0.15473636431774265,321.3111536513777,39.16831469467527,0.179
-88.30571057228074,327.53651069954174,-1063.6676659255104,16.436757268881163,131.24264423402926,0.31147371053039896,174.32671762007593,42.72877232383551,0.103
-88.85374512745054,313.3441667181013,-1091.5855977665638,15.385944331158626,247.09217422157798,0.31162188675864433,304.96166530364366,39.340069731747285,0.214
-89.60902544984049,200.96343010067795,-1378.198570521617,13.936553166314926,236.15181938949536,0.2050092602324151,183.3003234900001,33.47592607884792,0.142
-88.51657876906128,116.9276095369298,-904.8662376734026,12.557397733263679,235.09611987645553,0.24501277381509753,302.9952388689809,30.793617052803697,0.232
-88.75952232081079,105.62028320987221,-1190.6786338518036,18.647630897243626,220.4348428893154,0.34982906534469815,271.4321911472397,47.099725281430814,0.246
-88.51062388023999,12.030478093821406,-1103.3836275589106,10.393226665642253,206.87735752009246,0.2569459820401736,217.13060918119595,27.851054316122184,0.201
-88.43748141657153,293.6955063691063,-1711.252266265613,27.443334869712345,68.3034020629504,0.7581961313637322,0.0,65.52027090113582,0.914
-88.04672030139898,162.13795669404286,-414.3912111027279,10.044820508803241,124.85313727853973,0.2238308951458834,144.41488706785046,25.900494456849202,0.297
-88.81022976794925,117.04785422409519,-1544.6172869443071,1.20838183095508,236.07927294458358,0.14487972674947064,128.97098715379664,15.95406810035264,0.099
-89.25088188588786,169.5997277991914,-2264.519266416501,9.732392033498552,233.35797548264546,0.3994199894902273,279.23569758159806,27.164966976836766,0.159
-88.66791734188955,294.74567656367475,-1816.7992102549829,18.726128910898424,214.6993677134795,0.25946095608478226,312.1432953040998,55.636927126190535,0.161
-89.76996265243902,44.86111477470763,-1478.7729530895842,17.952668907996163,239.82409427051715,0.20093393842615326,280.49270121758707,45.65221321758649,0.134
-88.19494509518898,308.75615576705786,-404.79776930492267,11.718756760581655,187.43168319571888,0.3141361977979402,328.2161764734296,32.92660660001381,0.045
-89.67317607845743,323.10318063900746,-1233.8143987478345,19.923950394157345,172.66992686045774,0.2862465299984507,322.5196035486953,57.86557616135631,0.113
-89.27709860801694,340.81484941219975,-1348.9185751725192,21.94518116028477,245.512636303279,0.16987248408980682,294.5468196467084,51.41396339724265,0.072
-88.35008377681037,143.095677272146,-2198.930739810102,5.026703415025413,174.97836629167185,0.36307764981926605,324.53173001942923,18.018877750875014,0.271
-88.76510648117166,78.17054545356187,-571.6139281363389,8.991647130449678,199.78542174940208,0.12127088107637106,141.8059009518237,24.47842527040845,0.2
